timestamp,chassis.power_fb.power @ 0x200009CC,chassis.power_prediction.total_power_raw @ 0x20000A98,chassis.power_prediction.applied_quadratic_raw @ 0x20000A88,chassis.power_prediction.applied_linear_power @ 0x20000A90
0.000000,3.020167,2.716994,0.075626,-0.056973
0.002611,3.022551,2.722186,0.070688,-0.026225
0.005205,2.867230,2.727071,0.055351,-0.022787
0.007765,3.016049,2.732083,0.061948,-0.019269
0.010415,3.022002,2.736951,0.051421,-0.012651
0.013051,2.827645,2.758288,0.055892,0.018168
0.015802,2.825629,2.775172,0.053983,0.025287
0.024565,2.826304,2.765362,0.073515,-0.018329
0.029461,3.006778,2.765093,0.078441,-0.027343
0.032291,2.910342,2.761662,0.094416,-0.030295
0.034894,2.829374,2.762109,0.083015,-0.006033
0.037448,2.826027,2.772339,0.083558,-0.000507
0.041148,3.014400,2.790022,0.081136,0.019783
0.043773,2.872723,2.796806,0.083466,0.020884
0.046397,3.090210,2.813817,0.120300,0.008325
0.055702,3.015923,2.823159,0.127849,0.004380
0.058461,2.863984,2.835683,0.142057,-0.003781
0.061140,2.867120,2.837092,0.143270,0.001267
0.063736,2.834224,2.843051,0.152263,0.014454
0.069653,2.790383,2.868849,0.152328,0.030391
0.073509,3.050655,2.885560,0.166951,0.025273
0.084967,3.093598,2.894238,0.176203,0.014892
0.087837,3.070000,2.876691,0.161620,0.012490
0.092810,3.051952,2.864781,0.180674,-0.024074
0.104663,3.257360,2.868948,0.219682,-0.041908
0.108443,3.100672,2.885421,0.222548,-0.034604
0.111131,3.091957,2.889610,0.244462,-0.058072
0.113779,3.257680,2.890310,0.256949,-0.057614
0.116427,3.257747,2.909062,0.273003,-0.047888
0.120464,3.249230,2.935952,0.284051,-0.046052
0.123050,3.249230,2.951853,0.286725,-0.019141
0.126967,3.249230,2.993161,0.307869,-0.010446
0.129525,3.249230,2.994404,0.313743,0.004900
0.132681,3.249230,3.029672,0.296498,0.062810
0.135518,3.286842,3.053607,0.288594,0.080414
0.138221,3.294354,3.058708,0.276172,0.082644
0.143440,3.477371,3.064582,0.288074,0.070179
0.147633,3.108978,3.036815,0.283836,0.042612
0.153366,3.623871,3.033071,0.286802,0.051763
0.156185,3.081071,3.038631,0.291436,0.050571
0.160346,3.478985,3.044069,0.293983,0.052605
0.162974,3.445077,3.034098,0.330465,0.014756
0.172861,2.918332,3.047277,0.354744,0.000432
0.176131,3.288675,3.056010,0.352200,0.006373
0.178708,3.257014,3.065687,0.359294,0.016950
0.181561,3.521481,3.088179,0.364802,0.021919
0.184914,3.485312,3.098686,0.374754,0.027872
0.187819,2.957862,3.106536,0.383779,0.025304
0.190847,3.243515,3.131742,0.405145,0.052284
0.193416,3.286303,3.130786,0.390808,0.060173
0.196264,3.483261,3.155114,0.406195,0.051453
0.198899,3.306691,3.161761,0.408400,0.051728
0.202013,3.484938,3.173181,0.418670,0.054684
0.205382,3.304518,3.203161,0.443466,0.054814
0.212183,3.334740,3.225912,0.462122,0.072461
0.216390,3.486910,3.247730,0.466647,0.078467
0.220147,3.334982,3.259214,0.524344,0.061876
0.224383,3.334982,3.247676,0.503164,0.041638
0.227325,3.334982,3.272776,0.531796,0.045545
0.229989,3.334982,3.285880,0.534328,0.054110
0.232518,3.334982,3.297234,0.537858,0.082129
0.235763,3.334982,3.309952,0.513647,0.120870
0.238369,3.334982,3.349967,0.487547,0.243774
0.243748,3.492997,3.380402,0.370545,0.333872
0.249485,3.492997,3.367326,0.312310,0.335671
0.254550,3.492997,3.323593,0.284893,0.313298
0.258256,3.492997,3.262278,0.251405,0.302580
0.263985,3.492997,3.187328,0.197095,0.281528
0.268528,3.492997,3.125216,0.154024,0.223505
0.275904,3.492997,2.893880,0.022493,0.073435
0.284961,3.147799,2.784933,0.021706,0.052452
0.289645,2.835643,2.748493,0.021936,0.032910
0.293140,3.012706,2.762668,0.026664,0.023082
0.295892,2.861421,2.753927,0.041443,0.010006
0.299341,2.827417,2.761407,0.063110,-0.001446
0.302387,2.826283,2.757430,0.108463,-0.054388
0.313419,2.634138,2.748097,0.104460,-0.046814
0.316034,2.597468,2.761492,0.091101,-0.027187
0.319064,2.779179,2.772454,0.079013,0.015831
0.321852,2.816636,2.782061,0.053795,0.032492
0.324479,2.599545,2.786325,0.048582,0.039826
0.327147,2.831641,2.780596,0.044052,-0.006600
0.337930,2.824954,2.739370,0.062252,-0.019579
0.344352,3.012278,2.745543,0.074539,-0.021216
0.349354,2.820323,2.764090,0.076372,-0.010480
0.356693,2.636465,2.760183,0.065890,0.011570
0.359574,2.971219,2.765096,0.051390,0.014396
0.362378,3.043444,2.762345,0.049153,0.014585
0.364944,2.681089,2.761046,0.048289,0.006243
0.368495,2.857883,2.752873,0.051256,0.002840
0.371142,2.834297,2.755812,0.050702,-0.009886
0.378332,2.982122,2.743409,0.088564,-0.063458
0.383416,2.646385,2.731942,0.110603,-0.095302
0.386179,2.791997,2.697865,0.120307,-0.116429
0.389689,2.824256,2.702951,0.104656,-0.076147
0.392341,2.864026,2.771558,0.091985,0.010932
0.395716,2.833605,2.800591,0.084325,0.018172
0.400866,3.013008,2.791022,0.087481,-0.010572
0.406146,3.061112,2.782290,0.104101,-0.033617
0.409973,3.021725,2.779545,0.113260,-0.031998
0.413516,2.871509,2.785858,0.117146,-0.018647
0.417132,2.825901,2.808934,0.113368,-0.000366
0.419671,3.014380,2.818152,0.113668,0.004474
0.422976,2.833535,2.819135,0.114354,0.008274
0.425538,3.015907,2.823831,0.129411,0.001198
0.430544,2.864783,2.841379,0.134350,0.003314
0.433367,2.833756,2.846342,0.152954,-0.000648
0.436974,3.015951,2.855930,0.170875,-0.004988
0.441020,3.053600,2.872293,0.181058,-0.006654
0.443742,2.871520,2.881514,0.221562,-0.008742
0.448959,2.871520,2.909163,0.216553,-0.004129
0.451727,2.871520,2.910933,0.224288,0.006319
0.454390,2.871520,2.934947,0.218791,0.018744
0.457009,3.209664,2.949648,0.231654,0.026472
0.461054,3.209664,2.949914,0.241944,0.023691
0.463992,3.209664,2.965119,0.248592,0.026625
0.469220,3.097826,2.967892,0.253008,0.034319
0.479156,3.240415,2.984960,0.251607,0.037228
0.485905,3.061370,2.985210,0.240827,0.045160
0.488420,2.871154,2.984092,0.237931,0.051575
0.491470,3.241870,2.983432,0.237538,0.047993
0.495154,2.909174,2.980526,0.233547,0.052235
0.497878,2.909174,2.984436,0.241729,0.049551
0.500544,2.909174,2.988537,0.239027,0.052040
0.503150,2.909174,3.008118,0.255847,0.061992
0.505791,3.031035,2.999987,0.222497,0.095980
0.510928,3.031035,3.025708,0.218936,0.131917
0.513486,3.031035,3.032540,0.180924,0.157896
0.516156,3.243807,3.058505,0.175776,0.183615
0.518719,3.472362,3.035020,0.152148,0.171441
0.521299,3.472362,2.982931,0.130787,0.096779
0.531381,3.061741,2.937789,0.149497,0.105688
0.534015,3.061548,2.877397,0.168891,0.009696
0.542623,3.060771,2.889541,0.166236,0.036291
0.545543,3.098703,2.893272,0.143387,0.037005
0.548153,3.250198,2.881236,0.130057,0.053127
0.550644,3.219768,2.874596,0.095220,0.076688
0.556236,3.232866,2.848508,0.077074,0.072233
0.558954,2.919597,2.847179,0.069285,0.070733
0.561513,3.093056,2.830466,0.060683,0.059226
0.564183,3.029439,2.790348,0.052760,0.037323
0.566792,2.857356,2.781964,0.051802,0.022495
0.569861,3.436168,2.774881,0.042732,0.025166
0.572414,3.064497,2.764318,0.041362,0.022910
0.575012,2.827543,2.780859,0.050489,0.000676
0.592197,2.632141,2.767695,0.066678,0.002716
0.601989,2.861786,2.771971,0.064531,0.010019
0.604622,2.677128,2.775761,0.065147,0.013177
0.607163,3.044045,2.777571,0.068526,0.012669
0.610255,2.681209,2.780989,0.074517,0.009023
0.613181,2.631809,2.789577,0.084153,0.007403
0.615673,2.787162,2.784938,0.087550,0.004431
0.618235,2.818232,2.790740,0.095738,-0.002410
0.620771,2.636047,2.790884,0.099340,-0.002469
0.623290,2.667682,2.795424,0.100475,0.003166
0.625824,2.794336,2.800475,0.100360,0.009782
0.628959,2.824733,2.830881,0.115772,0.017689
0.635250,2.825949,2.828758,0.110930,0.015938
0.639824,2.825949,2.843875,0.130508,0.009795
0.642446,2.825949,2.832719,0.125751,0.005512
0.645469,2.825949,2.845141,0.156744,0.003740
0.648250,2.825949,2.855006,0.156527,0.009754
0.652186,2.825949,2.866865,0.158561,0.010860
0.655146,3.014390,2.879642,0.153807,0.030578
0.660321,3.014390,2.885005,0.158175,0.013954
0.664317,3.014390,2.871168,0.164914,0.008220
0.666966,3.014390,2.880707,0.180403,-0.002061
0.669814,3.014390,2.881395,0.203497,-0.000473
0.672428,3.014390,2.893694,0.204827,-0.008554
0.675171,3.014390,2.900370,0.217414,-0.015720
0.677973,3.014390,2.931945,0.237166,0.005481
0.686165,3.014390,2.950955,0.245816,0.015001
0.689303,3.014390,2.959723,0.251361,0.023653
0.692636,3.014390,2.979994,0.260117,0.026546
0.698833,3.014390,2.990736,0.273191,0.041932
0.702464,3.014390,3.015723,0.270009,0.048243
0.705141,3.014390,3.022667,0.267894,0.057160
0.707632,3.014390,3.029454,0.265894,0.049106
0.710342,3.014390,3.026886,0.272007,0.056915
0.714606,3.014390,3.024363,0.277224,0.049603
0.717139,3.014390,3.020451,0.297630,0.018416
0.721387,3.014390,3.015222,0.303446,0.017138
0.723938,3.240478,3.042469,0.312843,0.025979
0.727971,3.483139,3.046033,0.317524,0.031080
0.730905,3.341646,3.053943,0.318360,0.039508
0.733426,3.115449,3.059648,0.331913,0.036920
0.736601,2.875258,3.085818,0.326389,0.061856
0.742970,3.293626,3.092165,0.319826,0.079610
0.745888,3.294086,3.102059,0.325607,0.080066
0.749946,3.296435,3.103447,0.337891,0.070327
0.752464,3.296435,3.104201,0.341068,0.065444
0.755154,3.296435,3.111281,0.370104,0.043680
0.758571,3.296435,3.113292,0.382313,0.033519
0.761149,3.296435,3.109266,0.374322,0.045640
0.764416,3.296435,3.138893,0.380021,0.073926
0.767207,3.296435,3.152461,0.381019,0.088771
0.769774,3.296435,3.163888,0.355800,0.101993
0.772348,3.296435,3.201750,0.394511,0.106782
0.776892,3.296435,3.189854,0.389049,0.101652
0.779837,3.296435,3.188379,0.393214,0.093761
0.783964,3.296435,3.186018,0.399147,0.089298
0.786523,3.296435,3.184557,0.397312,0.089659
0.789042,3.296435,3.187598,0.384553,0.159293
0.795876,3.296435,3.201738,0.318700,0.203083
0.799337,3.109569,3.208145,0.292412,0.197845
0.802159,3.447914,3.171290,0.281815,0.188945
0.804827,3.102271,3.166173,0.277986,0.192702
0.807420,3.104514,3.171285,0.272849,0.196865
0.810231,3.287841,3.169511,0.282454,0.187454
0.812839,3.145914,3.140195,0.260181,0.188036
0.815451,3.325935,3.154445,0.259114,0.185247
0.820532,3.106121,3.114081,0.237985,0.157122
0.823371,2.873873,3.082500,0.215961,0.157109
0.825887,3.054411,3.074130,0.220208,0.155812
0.828460,3.249843,3.055465,0.209951,0.145283
0.831060,3.098607,3.052748,0.193987,0.160269
0.833846,3.286824,3.048126,0.169216,0.144765
0.836964,3.220010,2.947355,0.137096,0.090762
0.841286,3.069705,2.925685,0.121760,0.068922
0.843808,3.063141,2.865913,0.102869,0.056703
0.848145,3.053977,2.851284,0.089477,0.062327
0.850932,3.059995,2.831004,0.057513,0.074618
0.854814,2.986128,2.837528,0.059486,0.063081
0.857645,2.832405,2.792117,0.051049,0.041827
0.862804,3.050256,2.790501,0.058562,0.025922
0.868352,2.826359,2.773868,0.060087,0.016021
0.871160,2.788323,2.768507,0.054363,0.013278
0.874933,2.682657,2.764189,0.051399,0.013948
0.877929,2.672789,2.761781,0.051192,0.012852
0.880712,2.854989,2.759961,0.049051,0.008246
0.883293,2.630255,2.765734,0.073499,-0.005470
0.890845,2.630255,2.759629,0.070466,-0.003177
0.893849,2.630255,2.765783,0.073172,-0.000790
0.896383,2.630255,2.772337,0.073703,0.001734
0.899816,2.630255,2.776102,0.069791,0.012344
0.904025,3.014087,2.779951,0.075089,0.007360
0.906584,2.873137,2.780115,0.082745,0.001149
0.911253,3.016350,2.783956,0.090301,0.000910
0.913792,2.827523,2.790751,0.102772,0.002389
0.918691,2.826304,2.817176,0.114415,0.004716
0.922539,2.826304,2.811058,0.115187,-0.001585
0.925046,2.826304,2.813890,0.115064,0.004218
0.928157,2.826304,2.823834,0.122607,0.003792
0.931222,2.826304,2.828050,0.123785,0.014822
0.933788,2.826304,2.834247,0.127282,0.017565
0.936366,2.826304,2.846728,0.131409,0.017896
0.938886,3.052092,2.851018,0.139328,0.011313
0.941405,2.873025,2.854819,0.154195,0.006488
0.943993,3.012619,2.873945,0.174575,0.001964
0.946520,2.831929,2.869428,0.173147,-0.001127
0.949159,3.019520,2.877022,0.198553,-0.010859
0.952829,2.833741,2.900912,0.210937,0.007042
0.957547,3.059618,2.912635,0.231118,0.010523
0.962756,3.053944,2.957682,0.243753,0.026063
0.967229,2.825904,2.965794,0.242309,0.010024
0.972720,3.052079,2.989114,0.287054,0.005109
0.975223,3.059616,3.027564,0.324903,0.005259
0.982762,3.078871,3.084055,0.374296,0.008664
0.993676,3.302978,3.092116,0.401498,0.002095
0.996278,3.445560,3.111097,0.411583,0.002108
0.998993,3.109340,3.105747,0.402361,0.022993
1.004012,3.492618,3.155071,0.435852,0.021806
1.006595,3.328709,3.160979,0.453264,0.010306
1.009148,3.486221,3.166873,0.463093,0.013364
1.012832,3.343730,3.185239,0.474244,0.033890
1.015394,3.523365,3.192947,0.465510,0.047267
1.017900,3.306055,3.210225,0.479336,0.044783
1.020403,3.557233,3.218387,0.476768,0.044152
1.022935,3.492564,3.225588,0.447584,0.080141
1.030651,3.303765,3.215805,0.424918,0.102278
1.035061,3.530627,3.207134,0.391176,0.123716
1.037958,3.574789,3.195556,0.374408,0.122808
1.040666,3.560672,3.166151,0.339217,0.142407
1.043548,3.567398,3.154974,0.303936,0.153994
1.051148,3.344218,3.116625,0.270024,0.138153
1.053657,3.344218,3.102081,0.282631,0.141306
1.056173,3.296649,3.097732,0.280304,0.117731
1.058801,3.296930,3.075845,0.267405,0.103028
1.061436,3.294746,3.097214,0.289168,0.094697
1.066870,3.289001,3.085841,0.298834,0.095322
1.069468,3.483800,3.089265,0.302483,0.095544
1.072465,3.520360,3.098705,0.303507,0.097087
1.075180,3.305934,3.105724,0.299167,0.120562
1.077720,3.296547,3.113480,0.284364,0.141400
1.080446,3.106430,3.136114,0.295076,0.140889
1.085595,3.326337,3.132013,0.274332,0.131656
1.088161,3.109773,3.111619,0.226150,0.174387
1.098116,3.248025,3.059334,0.162279,0.197852
1.100803,3.258839,3.034857,0.134140,0.159058
1.105353,3.258839,2.947023,0.065331,0.121519
1.108735,3.258839,2.842883,0.052616,0.048215
1.111684,3.258839,2.800896,0.048011,0.033037
1.114184,3.258839,2.741338,0.046006,-0.008676
1.116846,3.258839,2.675997,0.059444,-0.213427
1.119439,3.258839,2.587559,0.102948,-0.229860
1.122154,3.258839,2.752974,0.055136,-0.002230
1.127166,3.015322,2.769706,0.054139,0.003012
1.129793,3.015322,2.762544,0.063189,-0.002521
1.132637,3.209989,2.739182,0.060267,-0.034193
1.135228,2.879456,2.721600,0.053198,-0.027772
1.138218,2.828522,2.723670,0.060166,-0.026772
1.147810,3.014401,2.739235,0.069543,-0.036850
1.150449,2.607456,2.732439,0.066209,-0.038987
1.154744,2.817258,2.728439,0.066874,-0.023758
1.157913,2.825650,2.734914,0.053030,0.002288
1.162230,2.825650,2.760515,0.043550,0.019311
1.164787,2.825650,2.773361,0.042111,0.034265
1.169028,2.825650,2.773679,0.044623,0.027999
1.173017,2.790226,2.767310,0.052640,0.015504
1.176244,2.630445,2.760955,0.063344,0.000122
1.178761,2.975289,2.754973,0.069068,-0.012113
1.181651,3.020371,2.754416,0.074322,-0.016044
1.184174,2.864874,2.763138,0.071755,0.009342
1.190827,2.984602,2.781030,0.064847,0.026928
1.196880,2.637334,2.791337,0.072880,0.021702
1.200327,3.004774,2.790702,0.077525,0.015721
1.202864,2.595645,2.790762,0.085273,0.007687
1.205839,2.824157,2.790407,0.086068,0.008954
1.208470,3.014710,2.796275,0.100930,-0.000079
1.213774,2.825952,2.808137,0.118945,-0.001158
1.217949,3.024950,2.810860,0.114115,-0.000673
1.220536,2.827591,2.819473,0.119374,0.006990
1.224910,2.819561,2.838262,0.131263,0.010237
1.227814,3.052028,2.834907,0.144919,0.003573
1.231975,3.242059,2.855862,0.155221,0.003204
1.236889,3.025648,2.861703,0.165396,-0.007845
1.240163,3.050320,2.872115,0.180489,0.004416
1.244248,3.016194,2.890504,0.182483,0.020857
1.248040,3.052800,2.911785,0.192616,0.021749
1.250633,3.061152,2.918063,0.202656,0.015462
1.253204,2.910318,2.921625,0.208749,0.017127
1.258402,3.060290,2.943248,0.247727,-0.001888
1.260963,3.249658,2.950691,0.262812,-0.008483
1.263526,3.031730,2.959569,0.279208,-0.006610
1.266180,2.867146,2.983956,0.297302,-0.011220
1.269210,3.241710,2.995296,0.314949,-0.006765
1.271898,3.095462,3.017374,0.319974,-0.000000
1.274491,3.256692,3.012324,0.302038,0.012875
1.277000,3.295388,3.060437,0.341740,0.020950
1.282172,3.296936,3.064082,0.336804,0.029849
1.284844,3.146277,3.087321,0.357399,0.035143
1.291499,3.441378,3.096131,0.364352,0.041302
1.294176,3.511876,3.107754,0.352598,0.059274
1.299927,3.079759,3.111998,0.347841,0.066494
1.302461,3.253552,3.106889,0.333871,0.075225
1.305168,3.295262,3.102236,0.317076,0.084323
1.307902,3.296652,3.099458,0.314320,0.087773
1.311169,3.334677,3.076200,0.291607,0.091167
1.313813,3.259532,3.075349,0.288892,0.098028
1.317187,3.068541,3.084771,0.288834,0.112036
1.319801,3.061782,3.078176,0.259767,0.121203
1.322509,3.061782,3.093886,0.276548,0.082926
1.330000,3.061782,3.018965,0.250336,0.067461
1.332570,3.059477,2.982161,0.237410,0.011803
1.337318,3.063004,2.958610,0.248702,-0.027417
1.339847,3.262328,2.923227,0.277151,-0.151619
1.343980,3.212541,2.866125,0.285459,-0.123044
1.346540,3.255942,2.921088,0.260640,0.019333
1.351637,2.834276,3.014949,0.272358,0.033140
1.354163,3.240811,3.005622,0.311072,-0.018673
1.359834,3.247450,2.984792,0.319892,-0.056347
1.363550,2.912715,2.980730,0.345920,-0.052720
1.366279,3.220143,3.016887,0.346277,0.001767
1.369234,3.065766,3.038839,0.341037,0.027034
1.371820,3.062353,3.065701,0.333490,0.085930
1.375960,3.324814,3.129474,0.311233,0.120447
1.379175,3.099253,3.146278,0.298210,0.175251
1.381809,3.249170,3.155410,0.270010,0.193533
1.384763,3.484928,3.158189,0.251549,0.218787
1.387490,3.110551,3.151666,0.210718,0.229585
1.390159,3.285285,3.126253,0.189610,0.237032
1.392648,3.070035,3.107806,0.183261,0.199012
1.396940,3.248391,3.030243,0.157841,0.130697
1.400570,3.053379,2.975855,0.153640,0.120963
1.403180,3.286807,2.971330,0.159458,0.067057
1.407417,3.070512,2.933989,0.159770,0.039717
1.410000,3.063303,2.825124,0.200971,-0.147789
1.415614,2.867838,2.756201,0.181477,0.008838
1.420564,3.069547,2.910100,0.181160,0.030800
1.423167,3.068684,2.920159,0.184469,0.042184
1.425821,3.023494,2.926880,0.181169,0.049565
1.428359,2.871996,2.923936,0.173372,0.052492
1.430932,3.014691,2.910843,0.158973,0.052765
1.433622,3.015909,2.887304,0.132441,0.055147
1.436644,2.902802,2.862049,0.111496,0.050172
1.439173,3.055152,2.843139,0.095005,0.065447
1.447309,2.677137,2.815539,0.054728,0.050020
1.450270,3.013209,2.784035,0.062556,0.005492
1.453215,3.013209,2.766317,0.062446,-0.000244
1.455885,3.051842,2.759744,0.060018,0.006486
1.458610,2.646943,2.770420,0.064669,0.003395
1.461732,2.784891,2.769088,0.074614,-0.017735
1.469364,2.826274,2.768037,0.085815,-0.011429
1.472065,2.826395,2.777764,0.083446,0.010732
1.476365,2.826745,2.785619,0.073498,0.014529
1.478981,2.863710,2.787495,0.076041,0.009786
1.483144,2.593376,2.788047,0.090772,0.000525
1.485972,2.816695,2.791543,0.095762,-0.002162
1.488513,3.044054,2.794148,0.102943,-0.000102
1.494937,3.060404,2.801593,0.102513,0.003046
1.497667,2.646976,2.804215,0.101713,0.014070
1.503393,2.826872,2.805274,0.101550,0.008752
1.507764,3.052115,2.807027,0.102348,0.010398
1.510379,2.871223,2.826432,0.101359,0.016922
1.518325,2.857721,2.823672,0.101611,0.027356
1.521867,3.051269,2.826524,0.108759,0.033844
1.524425,2.871054,2.834040,0.104381,0.032035
1.526956,2.835011,2.835774,0.101597,0.041714
1.529959,2.835011,2.840790,0.098902,0.043931
1.534797,2.827802,2.842287,0.099399,0.047877
1.539070,2.827802,2.837640,0.092590,0.035257
1.542323,3.203160,2.820892,0.090689,0.031015
1.544868,3.087752,2.819300,0.088576,0.026379
1.547463,3.087752,2.819283,0.094079,0.009618
1.550642,3.087752,2.801771,0.096088,0.002261
1.553209,3.087752,2.803740,0.102040,-0.014996
1.555756,3.087752,2.791492,0.114757,-0.044009
1.558837,3.087752,2.747046,0.129181,-0.130876
1.561482,3.087752,2.696945,0.156152,-0.148750
1.566621,3.087752,2.728559,0.162885,-0.077530
1.569529,3.087752,2.826678,0.142252,-0.013577
1.573062,3.087752,2.849078,0.151776,0.001334
1.576024,3.087752,2.842110,0.161029,-0.016818
1.578630,3.087752,2.829922,0.174354,-0.061325
1.583675,3.087752,2.828748,0.191985,-0.053230
1.586525,3.087752,2.848429,0.194647,-0.044618
1.589085,3.087752,2.858688,0.207122,-0.037277
1.591586,3.087752,2.875431,0.206638,0.003487
1.595728,3.064671,2.906674,0.207344,0.010400
1.598985,3.064671,2.919558,0.214008,0.026454
1.606399,3.213649,2.951074,0.231393,0.022034
1.611174,3.053101,2.952016,0.232791,0.020923
1.613738,3.059820,2.955095,0.224697,0.022416
1.616368,3.247324,2.977070,0.252219,0.027298
1.619206,2.917765,2.953728,0.228060,0.030943
1.621831,3.218913,2.969070,0.254387,0.033036
1.624952,3.294324,2.975654,0.253635,0.023713
1.630592,3.248765,2.980972,0.254102,0.032806
1.638619,3.090614,2.991524,0.251863,0.045480
1.641327,3.250050,2.998418,0.254261,0.047268
1.644025,3.481570,3.001117,0.248729,0.054856
1.646654,3.110076,3.009024,0.256510,0.051574
1.649192,2.875043,3.007443,0.249357,0.067409
1.653868,3.068709,3.015312,0.243875,0.079614
1.658357,3.323032,3.016287,0.231518,0.086720
1.660921,3.064008,3.013428,0.222749,0.097444
1.665090,3.070547,2.998600,0.209955,0.085049
1.667825,3.096808,2.993166,0.197262,0.105597
1.672744,3.254490,2.981165,0.157655,0.122507
1.678830,2.927673,2.926297,0.161122,-0.057740
1.681501,3.060845,2.829793,0.201928,-0.154061
1.684065,3.249874,2.756817,0.199949,-0.149990
1.686853,3.100239,2.823414,0.181047,0.048038
1.689487,2.873410,2.903197,0.150070,0.083469
1.692462,3.095512,2.941650,0.158260,0.077566
1.698458,3.051747,2.908632,0.139854,0.067022
1.701674,2.871149,2.893101,0.110115,0.060486
1.704208,3.025510,2.841614,0.087140,0.013626
1.709875,2.827596,2.800388,0.082077,-0.002872
1.712482,3.012640,2.756781,0.069461,-0.013200
1.715424,3.059546,2.756473,0.067114,-0.015572
1.718611,2.834958,2.762147,0.038500,0.037157
1.723474,2.826358,2.769515,0.025580,0.030563
1.726194,2.826072,2.754039,0.028113,0.020074
1.730286,2.826014,2.744029,0.029256,0.016215
1.732828,3.052081,2.740432,0.034627,0.007428
1.737191,2.797715,2.738665,0.044211,-0.015706
1.739823,2.822263,2.728340,0.050535,-0.016790
1.742379,2.825253,2.726446,0.053151,-0.024349
1.745015,2.825970,2.727362,0.059061,-0.029441
1.747818,2.827914,2.728320,0.062323,-0.026900
1.750806,2.441679,2.733704,0.062600,-0.016636
1.753395,2.622611,2.739564,0.054170,-0.004028
1.756015,2.831442,2.753961,0.052859,0.003599
1.758592,2.826120,2.756231,0.050477,0.019572
1.761257,3.052085,2.761031,0.037597,0.025875
1.765022,2.555456,2.761034,0.032427,0.029856
1.768516,2.868636,2.755513,0.039377,0.013756
1.771999,2.858476,2.751442,0.039198,0.014650
1.774876,2.824263,2.751372,0.042952,0.009854
1.777626,3.019759,2.750666,0.046633,0.009791
1.781179,2.867074,2.752619,0.050545,0.001969
1.785438,3.023373,2.758908,0.056378,0.001128
1.787961,2.833511,2.756753,0.059864,-0.009350
1.796492,3.058497,2.765708,0.069985,0.003716
1.799764,2.644356,2.766938,0.071932,0.004063
1.802375,2.819118,2.777222,0.070171,0.008903
1.805531,3.059644,2.781995,0.077078,0.004048
1.811224,2.865626,2.788514,0.100307,0.000466
1.814613,3.022325,2.793922,0.100181,-0.006848
1.817170,3.024333,2.794672,0.115658,-0.005695
1.819883,2.865666,2.807376,0.113195,-0.003036
1.822560,3.022333,2.814008,0.119632,-0.003037
1.825188,2.796525,2.818638,0.127018,0.000659
1.827933,2.820105,2.831733,0.131178,0.003137
1.830502,2.824821,2.836429,0.131304,0.007748
1.833297,3.240017,2.839808,0.133069,0.014574
1.838742,3.070721,2.852971,0.142252,0.014209
1.841852,2.682893,2.851173,0.140407,0.020914
1.844428,2.985779,2.856388,0.136380,0.022144
1.848661,3.058471,2.853496,0.137157,0.019145
1.851243,2.872979,2.858047,0.143899,0.015424
1.855386,2.835396,2.869414,0.159930,0.010832
1.858404,2.835396,2.873726,0.180428,-0.012318
1.863836,3.242680,2.875657,0.189177,-0.009020
1.866647,3.258885,2.886551,0.195005,0.003285
1.870548,3.070615,2.893078,0.190246,0.005428
1.873048,3.091717,2.913382,0.202817,0.019556
1.875559,3.062158,2.920506,0.209350,0.019860
1.878366,3.062158,2.932951,0.220078,0.012205
1.881343,3.062158,2.941152,0.231520,0.012226
1.885047,3.062158,2.947590,0.227345,0.013520
1.888726,3.062158,2.951980,0.239259,0.014421
1.891378,2.875152,2.951497,0.247595,0.010806
1.893825,2.875152,2.955843,0.247706,0.012052
1.896760,3.054046,2.964998,0.255356,0.012187
1.900876,3.098882,2.968779,0.261716,0.024504
1.903472,3.486305,2.970584,0.246457,0.035948
1.906093,3.266892,2.991623,0.252423,0.049146
1.912902,3.257438,3.001180,0.257905,0.050263
1.917060,3.067753,2.998370,0.247564,0.056483
1.919761,3.059670,3.001731,0.238286,0.063930
1.922251,2.913075,3.001486,0.224124,0.075038
1.926263,3.031815,2.993701,0.221002,0.078763
1.929508,3.248713,2.989181,0.206939,0.080607
1.932478,3.096863,2.979689,0.191320,0.090007
1.935181,3.100147,2.973514,0.187928,0.095411
1.938016,3.067150,2.949201,0.166882,0.082833
1.941038,3.251030,2.946465,0.147832,0.113797
1.943535,3.031401,2.953444,0.135200,0.092211
1.946198,3.243880,2.897332,0.121828,0.073959
1.948747,3.097976,2.864630,0.112023,0.058766
1.951387,3.062959,2.887010,0.122161,0.023499
1.953946,3.061792,2.835175,0.122991,0.009855
1.956839,3.061792,2.830430,0.134163,-0.084869
1.959444,3.061792,2.766901,0.179271,-0.202968
1.961931,3.061792,2.597841,0.213896,-0.323824
1.964510,3.061792,2.588259,0.220303,-0.340063
1.967200,3.061792,2.621697,0.220296,-0.204400
1.969814,3.061792,2.701176,0.165344,-0.036170
1.973988,3.061792,2.855665,0.159866,-0.002413
1.976872,3.061792,2.857410,0.160211,-0.021357
1.981615,3.061792,2.851096,0.179375,-0.027165
1.984485,3.061792,2.859178,0.176603,-0.016064
1.988608,3.061792,2.877109,0.177372,0.001339
1.991184,2.873158,2.904943,0.170425,0.072037
1.993875,2.873158,2.935497,0.150942,0.086658
1.996472,2.873158,2.931710,0.146558,0.081537
2.000935,2.873158,2.921722,0.141929,0.076330
2.003760,2.873158,2.911038,0.131514,0.066884
2.006515,2.873158,2.886456,0.127202,0.058731
2.009243,2.873158,2.875002,0.127009,0.055178
2.015052,3.099172,2.895145,0.131743,0.055535
2.018195,3.062217,2.867012,0.131688,0.036541
2.020931,2.910786,2.858354,0.133182,0.023260
2.025649,2.882997,2.860373,0.134255,0.031064
2.028257,3.016680,2.863220,0.130108,0.035194
2.030960,3.022027,2.861788,0.123053,0.043473
2.033938,3.022241,2.846141,0.101829,0.039105
2.038044,3.022250,2.823418,0.084969,0.046144
2.043078,3.042362,2.822231,0.064521,0.046892
2.048192,3.098414,2.807388,0.062138,0.047389
2.051483,3.063393,2.792770,0.053618,0.041255
2.054984,2.835495,2.779573,0.038093,0.038275
2.058019,2.835495,2.768922,0.039885,0.031146
2.060570,2.835495,2.757914,0.045250,0.006253
2.063859,2.835495,2.749184,0.042165,-0.002713
2.066406,2.835495,2.740914,0.034231,0.006995
2.072187,2.865676,2.739707,0.028103,0.014004
2.075445,2.827587,2.740720,0.018382,0.024742
2.078536,2.826317,2.741399,0.021073,0.022530
2.081206,2.637613,2.737504,0.020380,0.015653
2.084406,2.790243,2.733454,0.026558,0.009329
2.087057,2.826098,2.726537,0.028806,0.000910
2.089584,2.826020,2.726357,0.026710,-0.000492
2.096105,2.990726,2.720456,0.036504,-0.014077
2.100640,2.990726,2.726321,0.048767,-0.025719
2.103873,2.990726,2.727450,0.055882,-0.020231
2.108039,2.990726,2.739494,0.057185,-0.015532
2.110592,2.990726,2.743986,0.057511,-0.009411
2.118032,2.990726,2.752448,0.067911,-0.013195
2.121185,2.990726,2.761425,0.076614,-0.009159
2.123763,2.990726,2.761729,0.076905,-0.008393
2.126315,2.990726,2.767944,0.081459,-0.011178
2.128907,2.990726,2.767053,0.090864,-0.052330
2.131926,2.990726,2.744740,0.113992,-0.067737
2.134786,2.990726,2.753941,0.118108,-0.049446
2.137559,2.990726,2.766475,0.114861,-0.027480
2.140120,2.858945,2.795200,0.120462,-0.022865
2.143030,3.016102,2.808765,0.119354,0.001648
2.145505,2.835524,2.820337,0.124062,0.006359
2.148188,3.022095,2.840664,0.130933,-0.000210
2.152533,3.024324,2.839622,0.146085,-0.002930
2.155976,2.871613,2.852868,0.154779,0.005512
2.159423,2.827441,2.872006,0.185381,-0.009323
2.167258,3.028339,2.884672,0.194961,-0.005511
2.171781,3.054868,2.893715,0.206551,-0.002550
2.174874,3.060819,2.909695,0.212040,0.005097
2.177372,3.063444,2.907583,0.231727,0.007016
2.180072,2.875409,2.931411,0.229457,0.004514
2.182635,3.024282,2.939780,0.219637,0.017319
2.186038,3.097691,2.949357,0.228931,0.021434
2.189804,3.062948,2.955616,0.243551,0.014614
2.192665,3.061558,2.955415,0.240399,0.020339
2.195505,3.059432,2.964107,0.245502,0.021149
2.199205,2.873017,2.969369,0.249410,0.022525
2.202794,3.014776,2.971559,0.251636,0.022436
2.206913,3.060710,2.975886,0.246232,0.039034
2.214688,3.060710,2.981467,0.239967,0.044340
2.220352,3.060710,2.976995,0.234993,0.046025
2.223273,2.686302,2.967864,0.224838,0.037284
2.227614,2.686302,2.964902,0.227946,0.034183
2.230220,2.984381,2.955114,0.233498,0.024159
2.236879,3.070518,2.967957,0.243193,0.027292
2.241123,3.063304,2.958990,0.227132,0.045529
2.243731,3.063304,2.961559,0.210788,0.053077
2.246709,3.063304,2.955522,0.194602,0.063631
2.251301,3.063304,2.956433,0.191181,0.061995
2.254192,3.063304,2.948343,0.191899,0.052174
2.263025,3.063304,2.937409,0.189598,0.053307
2.265627,3.063304,2.932039,0.167214,0.044868
2.268188,3.063304,2.905517,0.172991,0.033544
2.270970,3.063304,2.899354,0.182675,0.006415
2.273447,3.061861,2.885108,0.171764,0.007243
2.276070,3.061514,2.904585,0.175186,0.016455
2.284232,3.252141,2.846845,0.175367,-0.081274
2.291050,3.252141,2.734950,0.189360,-0.166993
2.295070,3.070790,2.746292,0.149289,-0.057778
2.298032,3.070790,2.836395,0.124012,0.013489
2.305971,3.070790,2.874392,0.064198,0.111774
2.308634,3.070790,2.868170,0.057176,0.095185
2.311569,3.070790,2.841379,0.041425,0.066753
2.314205,3.070790,2.770099,0.045185,0.023405
2.316746,3.070790,2.741630,0.052723,-0.062385
2.323273,3.070790,2.706469,0.036847,-0.038560
2.326205,3.070790,2.637136,0.042337,-0.107346
2.329043,3.070790,2.547783,0.053561,-0.243086
2.333193,2.837712,2.586590,0.053483,-0.051386
2.335831,2.828342,2.725982,0.032491,-0.005362
2.338429,2.828342,2.730685,0.030981,0.001441
2.340972,2.828342,2.727161,0.030394,-0.008811
2.343488,3.014868,2.722431,0.036454,-0.026295
2.346034,2.607123,2.682093,0.050030,-0.122135
2.352381,2.818785,2.622876,0.051182,-0.127608
2.355899,2.789907,2.646944,0.043522,-0.070050
2.360198,2.820662,2.703345,0.031797,-0.026194
2.362934,2.637387,2.740956,0.026525,0.016886
2.366981,2.856135,2.740901,0.022682,0.013513
2.369484,2.827205,2.743075,0.031306,0.009860
2.372424,2.826241,2.740577,0.034247,0.008272
2.374972,2.637648,2.738239,0.034772,0.006980
2.377774,2.976730,2.739528,0.035439,0.013038
2.380274,2.856146,2.755014,0.036282,0.020921
2.382938,2.638806,2.759819,0.050403,0.006189
2.385956,2.788561,2.742720,0.055338,-0.025016
2.389399,2.636103,2.734236,0.071808,-0.042462
2.392329,2.788020,2.728974,0.075533,-0.034817
2.395680,2.788020,2.736445,0.071214,-0.021032
2.398511,2.788020,2.764108,0.069329,0.011376
2.401432,2.788020,2.773775,0.074777,0.019825
2.404068,3.008884,2.781610,0.063525,0.020527
2.406574,2.674177,2.801752,0.074569,0.029456
2.409955,3.008327,2.815638,0.094262,0.023799
2.414116,3.010473,2.804325,0.100505,0.006389
2.416676,3.014496,2.823712,0.155485,-0.017861
2.430250,2.872790,2.869409,0.158674,0.022949
2.433947,2.826451,2.893217,0.182261,0.019778
2.438274,3.052098,2.900399,0.186572,0.016398
2.441444,2.827809,2.910448,0.203260,-0.007024
2.446396,2.865489,2.913358,0.225321,-0.009384
2.448906,2.641324,2.923199,0.233684,-0.005460
2.451508,2.877409,2.933408,0.244730,0.002939
2.454371,2.843314,2.960703,0.251576,0.011718
2.456916,3.278852,2.973416,0.263560,0.025284
2.459654,3.065402,2.975493,0.247712,0.027208
2.468316,2.833862,2.999270,0.288030,0.019959
2.472419,3.052394,3.008868,0.297460,0.016532
2.478611,3.025827,3.020823,0.293401,0.036469
2.481228,3.057993,3.022759,0.277070,0.056889
2.485505,2.836816,3.022140,0.252092,0.060060
2.492021,3.064728,3.005181,0.244420,0.056755
2.495718,3.061629,3.001915,0.246152,0.051532
2.498257,3.059446,2.988085,0.242260,0.048197
2.500826,3.063169,2.981656,0.239944,0.040196
2.504030,3.249967,2.971010,0.232769,0.040591
2.506719,3.099193,2.963531,0.222545,0.043877
2.509646,3.213728,2.962829,0.222268,0.041584
2.512557,3.091945,2.965065,0.227182,0.039046
2.515472,3.060638,2.969532,0.234954,0.032222
2.518255,3.061327,2.966561,0.242187,0.026948
2.520840,2.912693,2.964076,0.235085,0.031497
2.526845,2.912693,2.970187,0.236274,0.033348
2.529819,3.217899,2.967158,0.229886,0.042502
2.533300,2.911500,2.968212,0.216677,0.049324
2.535841,3.059923,2.979832,0.207196,0.041093
2.542290,3.021677,2.956346,0.223098,0.035419
2.548765,2.874594,2.962763,0.236889,0.025100
2.551313,2.903304,2.936052,0.244201,0.021450
2.554012,3.055172,2.956253,0.250444,0.020399
2.563040,3.055912,2.976727,0.256698,0.020643
2.565652,3.099135,2.983133,0.269090,0.020923
2.568191,3.287881,2.992443,0.269625,0.027905
2.571242,3.257423,3.002262,0.287086,0.026592
2.573866,3.107017,3.011099,0.283973,0.030399
2.577264,3.251498,3.019542,0.299310,0.041736
2.583257,3.070917,3.042510,0.301136,0.054223
2.586292,3.441493,3.043944,0.279565,0.066684
2.590010,3.109756,3.074243,0.281969,0.094033
2.592543,3.107102,3.073164,0.280761,0.093914
2.595134,3.295929,3.066989,0.273826,0.085252
2.597743,3.334637,3.050844,0.264541,0.042679
2.601236,3.253390,3.001439,0.270427,-0.018647
2.607208,3.106774,2.952035,0.290578,-0.120297
2.611512,3.032864,2.899218,0.324002,-0.167723
2.614206,3.014359,2.862249,0.317837,-0.060153
2.618486,3.279667,3.012224,0.307066,0.005710
2.621194,3.109539,3.030756,0.313801,0.038838
2.623690,3.259508,3.049506,0.314364,0.074651
2.629400,3.229020,3.084483,0.287359,0.114213
2.635899,3.243704,3.089876,0.267693,0.123559
2.638646,3.293886,3.086114,0.256710,0.132730
2.641250,3.296427,3.071814,0.239034,0.128283
2.643835,3.297443,3.062168,0.232447,0.124689
2.646584,3.485866,3.039339,0.221893,0.115932
2.649113,2.836895,3.024918,0.216454,0.083194
2.651651,3.052516,2.963268,0.213706,0.046315
2.655115,3.059703,2.883482,0.223044,-0.170163
2.658439,3.059703,2.777045,0.271803,-0.202243
2.660979,3.059703,2.831356,0.245288,-0.042502
2.664238,3.024132,2.928517,0.247090,-0.031057
2.668486,3.091345,2.899143,0.257146,-0.058291
2.673080,2.835468,2.936273,0.280928,-0.045800
2.675665,2.871292,2.942791,0.278393,-0.043163
2.680108,2.825643,2.924841,0.269555,-0.035091
2.683459,3.012983,2.924401,0.232464,0.002103
2.686082,2.865317,2.931309,0.214859,0.051001
2.689516,3.052166,2.924565,0.131309,0.093797
2.692557,2.875029,2.926046,0.113095,0.095912
2.698486,2.835206,2.848462,0.079443,0.043413
2.701377,2.825922,2.817775,0.079197,0.026341
2.703935,2.825984,2.795101,0.083124,0.013523
2.706729,2.825984,2.782999,0.078548,0.016892
2.709278,2.825984,2.772561,0.049110,0.026184
2.711843,2.825984,2.779061,0.047055,0.043289
2.715870,2.825984,2.785939,0.044057,0.044092
2.718705,2.825984,2.782743,0.051036,0.021480
2.721254,2.825984,2.779227,0.067526,0.009325
2.723914,2.825984,2.770125,0.074353,-0.001749
2.726483,2.825984,2.774499,0.094101,-0.017035
2.733208,2.825984,2.779847,0.089101,0.004767
2.737469,2.825984,2.795680,0.093246,0.011822
2.740895,2.825984,2.814657,0.098469,0.018699
2.745060,2.825984,2.817686,0.101878,0.014056
2.747670,2.825984,2.822546,0.117500,0.007397
2.750223,2.825984,2.832945,0.131916,0.003608
2.752772,2.825984,2.828894,0.133190,0.000549
2.755300,2.825984,2.835047,0.140600,0.003910
2.757965,3.014397,2.848575,0.149683,0.001482
2.760525,3.052079,2.868204,0.167034,0.003768
2.763207,2.872307,2.866450,0.192918,-0.003371
2.770364,3.069123,2.890895,0.192695,0.000769
2.772947,3.054025,2.900874,0.197221,-0.001256
2.775902,2.790573,2.912763,0.215944,0.000554
2.778957,3.053954,2.921420,0.220298,0.018406
2.781617,3.104576,2.932333,0.217755,0.026922
2.784210,3.070115,2.950768,0.226026,0.027280
2.786797,3.240116,2.953946,0.227100,0.030966
2.793925,3.069887,2.955480,0.223347,0.034652
2.796530,2.881119,2.971086,0.243564,0.030061
2.800673,3.062892,2.975403,0.252615,0.022938
2.803480,3.054052,2.978340,0.270317,0.015946
2.806295,3.099120,2.987919,0.282108,0.008408
2.809130,3.258243,2.993141,0.296673,0.004979
2.811998,3.106602,3.008051,0.297164,0.013483
2.814848,3.099624,3.024247,0.318714,0.011645
2.817400,3.257741,3.029460,0.331250,0.011801
2.819973,3.104950,3.048676,0.345956,0.016186
2.824033,3.067167,3.053066,0.341953,0.013708
2.826651,3.099225,3.071959,0.352972,0.021577
2.829218,3.481418,3.071171,0.353862,0.044231
2.837221,3.144767,3.091069,0.344897,0.048571
2.841241,3.097766,3.086675,0.328376,0.066934
2.843866,3.257153,3.082730,0.292623,0.076910
2.846534,3.289031,3.064103,0.284398,0.077520
2.849807,3.296681,3.052133,0.290327,0.060137
2.853224,3.289378,3.046160,0.296950,0.041425
2.857533,3.259349,3.034581,0.291027,0.045980
2.862361,3.259170,3.032568,0.282883,0.052154
2.864985,3.060585,3.039131,0.266438,0.086425
2.871212,3.061047,3.044394,0.248285,0.097000
2.874399,3.061167,3.041387,0.239398,0.111550
2.878736,3.137877,2.943558,0.200461,-0.058388
2.891901,2.867794,2.782980,0.231721,-0.222973
2.895790,3.287270,2.734235,0.240187,-0.196163
2.898380,3.072611,2.816655,0.218611,-0.013883
2.901397,3.064024,2.898415,0.197577,0.012232
2.903924,3.250405,2.913065,0.183788,0.031232
2.907878,3.108816,2.917068,0.168894,0.062166
2.911580,3.063393,2.948100,0.183563,0.066751
2.914894,3.061878,2.919022,0.158617,0.061798
2.919617,3.106271,2.907333,0.139879,0.068035
2.922962,3.064955,2.873440,0.135386,-0.014349
2.932405,2.679075,2.684664,0.192243,-0.198355
2.941776,2.918152,2.674573,0.128682,-0.074537
2.945029,2.678966,2.819361,0.083161,0.042952
2.948849,2.796593,2.820664,0.066885,0.036491
2.953881,3.014165,2.684114,0.063676,-0.166371
2.957292,2.871207,2.613210,0.072193,-0.155635
2.960002,2.835041,2.727949,0.060652,0.015872
2.963862,3.014761,2.761133,0.080129,-0.075494
2.967740,2.639349,2.700115,0.111599,-0.126305
2.971211,2.673787,2.682878,0.087275,-0.060208
2.977964,2.871155,2.748185,0.064748,-0.008614
2.982726,2.832101,2.729906,0.063728,-0.054836
2.985559,2.795905,2.698895,0.081015,-0.083159
2.989996,2.833789,2.711999,0.085328,-0.072318
2.992574,2.855861,2.755071,0.085444,-0.028532
2.996637,2.827248,2.773653,0.077493,0.020864
3.002787,2.826060,2.792351,0.071116,0.013418
3.005649,2.826000,2.774881,0.064506,0.013768
3.009228,2.600272,2.777903,0.057262,0.022429
3.012821,2.629703,2.785950,0.061927,0.022100
3.015613,2.794721,2.788490,0.069519,0.013601
3.018579,2.855894,2.755134,0.089532,-0.044697
3.023528,2.833875,2.748778,0.097874,-0.042848
3.026212,2.863743,2.764132,0.094260,-0.027853
3.028863,3.091270,2.781023,0.092024,0.017667
3.031525,2.836611,2.801208,0.090332,0.032102
3.034148,2.825701,2.827709,0.113036,0.017600
3.040883,2.639583,2.829546,0.133856,0.005607
3.051742,3.060036,2.837985,0.113556,0.026755
3.056523,3.023761,2.853935,0.120334,0.045143
3.059527,2.871590,2.854770,0.115427,0.045865
3.062231,2.837038,2.847552,0.119943,0.030058
3.064917,2.638041,2.866468,0.150785,0.011679
3.068449,2.788408,2.853963,0.153597,-0.008980
3.071379,3.012512,2.851728,0.168770,-0.011956
3.074127,3.051702,2.861528,0.169824,-0.005699
3.076740,3.015821,2.872434,0.173425,0.011612
3.079368,3.068671,2.905182,0.189457,0.018310
3.082604,2.639541,2.902923,0.182202,0.020966
3.085223,3.007326,2.912214,0.202658,0.016647
3.089101,2.871506,2.931249,0.234795,-0.000273
3.097933,3.031298,2.950269,0.247350,0.005502
3.100753,3.031298,2.949917,0.235455,0.022286
3.103311,3.474772,2.961965,0.248536,0.026900
3.107392,3.208605,2.969195,0.235450,0.034250
3.112219,3.435536,2.988389,0.244582,0.029628
3.116318,3.069948,2.975602,0.246775,0.031229
3.118959,2.873438,2.980961,0.246820,0.039877
3.123658,3.062706,2.982756,0.254355,0.030584
3.126384,2.873341,2.985898,0.258864,0.029543
3.128949,3.023868,2.972904,0.247926,0.021843
3.131467,3.257045,2.986563,0.289472,0.015684
3.134464,3.289009,2.992285,0.279532,0.021780
3.147502,3.287595,3.047211,0.338530,0.005737
3.150129,3.106719,3.049120,0.345919,0.005799
3.152693,3.106719,3.058688,0.355443,0.008888
3.155241,3.106719,3.040642,0.346810,0.016846
3.158335,3.106719,3.068693,0.352102,0.019121
3.160900,3.106719,3.069614,0.349018,0.027477
3.163543,3.106719,3.071115,0.327550,0.045497
3.166247,3.106719,3.082570,0.330870,0.063595
3.170412,3.106719,3.072001,0.311101,0.063142
3.173045,3.106719,3.088023,0.332078,0.052680
3.177107,3.106719,3.089795,0.353750,0.035632
3.180427,3.106719,3.087304,0.355113,0.028361
3.185970,3.106719,3.109954,0.379944,0.032564
3.188873,3.106719,3.134282,0.397849,0.059672
3.191517,3.106719,3.134104,0.357451,0.077450
3.194231,3.106719,3.174736,0.386324,0.090624
3.196883,3.106719,3.153971,0.348744,0.106740
3.200985,3.106719,3.187976,0.343673,0.111081
3.204112,3.106719,3.112731,0.313955,0.098023
3.206874,3.258944,3.114138,0.326777,0.073610
3.209639,3.258944,3.112507,0.325350,0.040619
3.212556,3.329080,3.057855,0.332746,0.022496
3.215114,3.298283,3.031298,0.357566,-0.138681
3.217724,3.296562,2.943465,0.391200,-0.197369
3.220260,3.299223,2.941922,0.394363,-0.076820
3.224476,3.257081,3.056660,0.371085,0.016933
3.227278,3.477462,3.120044,0.390124,0.078028
3.236069,3.304465,3.196202,0.377952,0.126202
3.240395,3.268461,3.155282,0.366780,0.110582
3.248677,3.101342,3.141051,0.350576,0.089917
3.253336,3.333115,3.013689,0.312899,-0.002608
3.260573,3.099721,3.058013,0.295506,0.081584
3.263271,2.988021,3.076307,0.292565,0.051877
3.266005,2.858404,3.023056,0.292263,0.003558
3.269747,3.053792,2.991644,0.302800,-0.009476
3.273334,2.797431,2.945963,0.248779,-0.000339
3.277583,3.241577,2.907782,0.212625,-0.085310
3.280225,3.288156,2.777912,0.217706,-0.145249
3.282875,2.844486,2.830148,0.181173,0.059231
3.285384,3.016017,2.906686,0.128060,0.111550
3.287993,3.054484,2.940325,0.130224,0.083990
3.291622,3.021460,2.909082,0.134262,0.046394
3.294128,2.833818,2.850729,0.156613,-0.025256
3.298212,2.827564,2.816216,0.151621,-0.040562
3.303975,2.827564,2.809779,0.125209,0.020754
3.307374,2.827564,2.819535,0.080170,0.041235
3.310805,2.827564,2.823971,0.063254,0.067855
3.314447,2.827564,2.824768,0.061409,0.065046
3.317065,2.827564,2.815308,0.065406,0.045423
3.320090,2.827983,2.811682,0.079182,-0.002471
3.327030,2.978800,2.775578,0.094115,-0.017799
3.329629,3.060838,2.773813,0.089152,-0.009789
3.332245,3.025874,2.781864,0.089783,-0.005647
3.334775,2.872732,2.788637,0.083982,0.011892
3.337614,2.827869,2.791750,0.084699,0.008641
3.340219,2.824155,2.788978,0.082773,0.002712
3.346359,2.673520,2.798758,0.093349,0.007549
3.348853,2.821821,2.801423,0.094091,0.010224
3.351634,2.795823,2.803485,0.105986,0.009904
3.354387,3.016239,2.808252,0.114179,-0.003349
3.356944,3.021626,2.813275,0.112624,0.003130
3.361054,3.015065,2.822648,0.123030,0.000795
3.366397,2.833212,2.834799,0.133568,0.013024
3.373984,2.833532,2.849635,0.139417,0.012738
3.376539,3.015906,2.855555,0.136576,0.032255
3.379458,3.061468,2.872373,0.146783,0.028108
3.383006,2.835419,2.870861,0.156208,0.014367
3.385652,3.016284,2.870201,0.167517,0.008716
3.388221,3.052457,2.872438,0.180940,-0.008091
3.391995,3.061138,2.874506,0.190164,0.007198
3.401229,2.826373,2.910532,0.200633,0.016501
3.403894,2.827995,2.925590,0.212248,0.015926
3.406850,3.248032,2.931467,0.215079,0.019331
3.412098,3.067499,2.948322,0.236733,0.014169
3.414575,3.327631,2.947257,0.247627,0.005883
3.417224,3.258306,2.950919,0.261593,0.006212
3.423509,3.254443,2.970022,0.270162,0.007518
3.426225,3.106898,2.981288,0.261930,0.033954
3.430350,3.099543,3.001734,0.268661,0.035578
3.432879,3.318028,3.006196,0.264594,0.041569
3.437806,3.266447,3.006808,0.268150,0.041917
3.440348,3.484178,2.994681,0.254111,0.042929
3.442932,3.260817,3.007574,0.267138,0.040841
3.448640,3.070794,3.015011,0.284987,0.036181
3.451245,3.250272,3.015704,0.282075,0.035449
3.453905,3.107778,3.028044,0.283556,0.046932
3.456534,3.483886,3.038011,0.286949,0.068143
3.459482,3.064879,3.042154,0.272345,0.084978
3.465010,3.258154,3.055305,0.264358,0.095787
3.467661,3.485627,3.049443,0.248174,0.080454
3.471393,3.334502,3.030414,0.253918,0.077839
3.473975,3.524580,3.027834,0.258716,0.068855
3.476542,3.246068,3.021666,0.261357,0.060140
3.479083,3.296503,3.049609,0.282973,0.056725
3.481762,3.108132,3.020693,0.274578,0.056203
3.486647,3.287678,3.032017,0.273274,0.056685
3.489349,3.288941,3.028172,0.271722,0.097634
3.493628,3.296230,3.071605,0.267101,0.100312
3.496250,3.296846,3.094634,0.261307,0.100751
3.500909,3.108599,3.068503,0.270750,0.100137
3.503528,3.257080,3.063982,0.255717,0.078726
3.506221,3.289016,3.039507,0.253396,0.063517
3.511795,3.068360,3.014290,0.242015,0.058260
3.515846,3.062872,2.954182,0.228009,0.025046
3.518798,3.062872,2.898769,0.223609,-0.021337
3.521346,3.062872,2.887034,0.190454,0.012154
3.523883,3.062872,2.937180,0.160911,0.075896
3.526521,3.062872,2.942737,0.133678,0.109374
3.529239,3.250174,2.956528,0.113365,0.120743
3.531886,3.250174,2.881902,0.101247,0.081362
3.534499,3.250174,2.827715,0.081715,0.045779
3.537075,3.250174,2.780037,0.073377,-0.009486
3.539583,3.250174,2.747596,0.045297,-0.009285
3.542239,2.805287,2.740284,0.042270,0.016198
3.545231,2.633457,2.745189,0.022215,-0.048892
3.552609,3.023954,2.657467,0.029630,-0.074384
3.556941,2.865591,2.680005,0.026873,-0.019716
3.559718,2.865591,2.706437,0.031669,-0.008909
3.562288,2.865591,2.721394,0.033316,-0.009587
3.564934,2.865591,2.721415,0.050492,-0.042602
3.567517,2.865591,2.703583,0.056196,-0.050355
3.570553,2.865591,2.701224,0.052342,-0.048957
3.573242,2.865591,2.715697,0.048797,-0.018670
3.577020,2.833918,2.754420,0.042934,0.019516
3.582282,2.833918,2.763440,0.042964,0.012710
3.587817,2.833918,2.761007,0.055268,0.004706
3.590487,2.833918,2.756224,0.057317,0.001306
3.593020,2.833918,2.756474,0.064957,-0.002725
3.595617,2.833918,2.758905,0.069395,-0.002141
3.598111,2.833918,2.767217,0.073605,-0.003828
3.600601,2.833918,2.785920,0.088369,0.000013
3.604823,2.833918,2.786788,0.081825,0.003542
3.607348,2.833918,2.792562,0.097473,0.004506
3.612271,2.833918,2.798355,0.089604,0.011303
3.614911,2.833918,2.812523,0.096131,0.017070
3.619028,2.833918,2.816610,0.099289,0.021907
3.621940,2.833918,2.824988,0.114105,0.000588
3.630410,2.833918,2.829825,0.117805,0.026280
3.639385,2.833918,2.852394,0.115653,0.031145
3.642022,2.833918,2.843992,0.113180,0.032965
3.644557,2.833918,2.841063,0.111932,0.028788
3.647258,2.833918,2.835218,0.108301,0.018432
3.649811,2.833918,2.804817,0.123671,-0.023453
3.656263,3.050317,2.798632,0.129356,-0.030083
3.658883,2.870863,2.801884,0.139875,-0.042222
3.661528,3.007223,2.805058,0.150989,-0.034426
3.664229,2.865130,2.828389,0.145821,-0.004095
3.667553,2.863577,2.839972,0.144928,0.007158
3.670119,3.059916,2.852940,0.145118,0.006046
3.674400,3.099177,2.848105,0.145460,0.004800
3.676937,2.880635,2.849474,0.154523,-0.007414
3.681392,3.056226,2.855064,0.170579,-0.005325
3.684343,3.061289,2.870957,0.182772,-0.014571
3.688762,3.061491,2.887646,0.205695,-0.008686
3.691432,3.061916,2.898457,0.214814,-0.005192
3.694063,3.063663,2.916609,0.210773,0.008432
3.696716,2.873533,2.926570,0.209666,0.018505
3.699357,3.202461,2.932444,0.202213,0.020586
3.703837,3.029459,2.949338,0.214181,0.026943
3.706320,3.057172,2.945643,0.213013,0.034786
3.709403,3.061327,2.930090,0.210774,0.030859
3.711979,3.061465,2.936270,0.212227,0.026176
3.714835,2.873093,2.933862,0.212307,0.022733
3.717887,2.902796,2.941650,0.225294,0.010884
3.721990,2.868672,2.945378,0.240764,0.007160
3.725136,3.022934,2.945539,0.253300,-0.007250
3.727716,3.022934,2.949056,0.268300,-0.009493
3.730305,3.022934,2.979340,0.290837,-0.011731
3.733793,3.022934,2.962706,0.280947,0.009348
3.738501,3.022934,3.019728,0.310768,0.016715
3.745655,3.242187,3.044269,0.324076,0.019779
3.756313,3.242187,3.045321,0.326014,0.021894
3.758939,3.286037,3.080076,0.364468,0.028124
3.761551,3.287137,3.069648,0.351000,0.051804
3.770018,3.289458,3.134773,0.367308,0.081243
3.773648,3.264904,3.103021,0.332860,0.099309
3.776232,3.295268,3.129626,0.322125,0.117512
3.779515,3.524124,3.125258,0.298920,0.121674
3.782071,3.532165,3.120829,0.302413,0.119520
3.784606,3.288741,3.113770,0.308694,0.097451
3.790257,3.294310,3.109338,0.319405,0.091552
3.792873,3.108062,3.104142,0.337762,0.050635
3.795349,3.289443,3.096289,0.356438,0.040564
3.798107,3.296698,3.092070,0.364785,0.039249
3.802303,3.106460,3.108600,0.376104,0.035020
3.804869,3.068412,3.114957,0.394220,0.023318
3.809024,3.249955,3.126155,0.404189,0.034230
3.813863,3.483518,3.145896,0.398026,0.061784
3.817697,3.116061,3.157972,0.392603,0.074292
3.820254,3.260812,3.173396,0.386925,0.088680
3.822916,3.106704,3.176065,0.382237,0.103490
3.825860,3.100540,3.177227,0.369204,0.112543
3.828364,3.069308,3.181809,0.362374,0.129554
3.831345,3.475845,3.180238,0.342714,0.137551
3.834228,3.142289,3.184770,0.342317,0.141976
3.836835,3.516892,3.190224,0.336079,0.149860
3.839695,3.340978,3.165821,0.331750,0.133450
3.842528,3.340978,3.143584,0.323903,0.090758
3.845649,3.340978,3.115622,0.316675,0.086882
3.848156,3.340978,3.081345,0.304657,0.075422
3.852105,3.340978,2.958451,0.295282,-0.040049
3.857987,3.340978,2.900244,0.176221,0.080633
3.863485,3.340978,2.914755,0.086285,0.137990
3.866448,3.340978,2.879704,0.061594,0.077901
3.871428,2.873530,2.810926,0.022496,0.053619
3.875639,2.675433,2.763752,0.020298,0.031137
3.880259,2.652537,2.695315,0.021707,-0.027680
3.884639,2.862292,2.613797,0.045149,-0.148362
3.887998,3.022527,2.693721,0.027815,-0.034955
3.890537,3.016356,2.721461,0.026773,-0.004383
3.893125,3.059694,2.727602,0.033145,0.008633
3.896781,2.873180,2.730966,0.034011,-0.009444
3.899418,2.899817,2.728784,0.043520,-0.027193
3.903486,2.826041,2.721115,0.054010,-0.032969
3.906090,2.826002,2.720983,0.055742,-0.032479
3.908729,2.780714,2.726493,0.056107,-0.021655
3.911259,3.014038,2.731902,0.052029,-0.010253
3.914027,2.869282,2.746884,0.047861,0.001610
3.916612,3.000058,2.751457,0.043152,0.015530
3.919776,3.023412,2.755014,0.045484,0.013276
3.922295,2.782715,2.755204,0.044003,0.013736
3.928696,2.833194,2.768432,0.057985,0.010130
3.931265,2.861772,2.767375,0.068039,0.001760
3.935712,3.089598,2.771677,0.076350,-0.002109
3.938545,2.805644,2.768744,0.076983,-0.005668
3.942983,2.607293,2.781139,0.089626,-0.001691
3.946791,2.817252,2.793036,0.083860,0.011748
3.950885,2.637250,2.799440,0.086185,0.014823
3.953574,2.788250,2.803642,0.098264,0.011609
3.956296,2.818450,2.821064,0.107007,0.013509
3.962592,2.643631,2.825217,0.122263,0.009487
3.966401,2.789526,2.830720,0.127432,0.005860
3.968944,3.007105,2.823005,0.124777,0.013453
3.972327,3.007105,2.837699,0.126856,0.020774
3.975644,3.050621,2.841209,0.123117,0.024071
3.979565,3.050621,2.835652,0.113464,0.019278
3.983245,3.050621,2.829513,0.120666,0.017161
3.985815,3.050621,2.834668,0.123747,0.012517
3.990887,3.050621,2.828340,0.118016,0.008429
3.993542,3.050621,2.832284,0.131841,0.005616
3.997645,3.050621,2.836281,0.134392,0.008787
4.000245,3.050621,2.846211,0.135237,0.020007
4.006528,3.025982,2.855685,0.134026,0.023985
4.009112,2.833999,2.856141,0.137504,0.017664
4.011709,2.909043,2.855865,0.146416,0.015047
4.014479,3.024764,2.861329,0.158832,0.007174
4.017850,3.015990,2.863865,0.167231,0.003122
4.020391,2.863696,2.873383,0.169236,0.006334
4.023025,3.054004,2.876822,0.169404,0.012100
4.026482,3.247360,2.886408,0.176238,0.012252
4.029151,3.031254,2.897869,0.179976,0.018771
4.031719,3.055451,2.886016,0.187279,0.013353
4.035026,2.872858,2.897666,0.194030,0.008104
4.037532,2.835371,2.897077,0.194365,0.009063
4.040331,3.016274,2.904164,0.199794,-0.005159
4.045614,2.863698,2.906734,0.212685,-0.002040
4.048461,3.212580,2.914835,0.211932,0.002630
4.052941,2.799032,2.928777,0.227319,0.013337
4.055530,2.820606,2.933809,0.224739,0.018480
4.062862,3.098794,2.961606,0.233079,0.025760
4.070772,3.061798,2.954066,0.231100,0.022187
4.073636,3.061798,2.963018,0.242227,0.029389
4.077276,3.061798,2.974028,0.243728,0.032867
4.081034,3.061798,2.978874,0.246242,0.033808
4.084263,3.061798,2.983359,0.246897,0.042649
4.087242,3.061798,2.989193,0.243965,0.061824
4.092244,3.023832,3.000164,0.226737,0.098540
4.095973,3.292816,3.005829,0.193819,0.130489
4.100419,2.874965,3.003983,0.162636,0.147251
4.104248,3.247362,2.987964,0.142368,0.144192
4.107753,3.062904,2.966470,0.124965,0.141652
4.111543,3.063582,2.938275,0.094377,0.138739
4.116448,3.099306,2.919900,0.097576,0.123618
4.118952,3.063428,2.901029,0.088665,0.086264
4.123126,2.978014,2.855134,0.071228,0.071402
4.126307,2.645463,2.820853,0.064284,0.038584
4.129972,3.056508,2.793369,0.063308,0.030017
4.132801,2.862903,2.789798,0.081353,-0.014647
4.138106,3.210724,2.773906,0.093183,-0.015846
4.142243,2.828523,2.778754,0.083875,-0.022471
4.145888,2.818484,2.760664,0.092118,-0.030195
4.149505,2.865591,2.756070,0.080241,-0.026488
4.153252,2.835888,2.771647,0.050505,0.021342
4.156920,3.012957,2.753177,0.028561,0.025499
4.165793,2.827980,2.748806,0.021755,0.016655
4.168516,2.825695,2.730529,0.019815,0.010093
4.171892,2.639299,2.721674,0.018150,0.005854
4.175000,3.009012,2.715779,0.021470,-0.008189
4.179020,2.819928,2.709913,0.022901,-0.009402
4.182364,3.014659,2.710621,0.020132,-0.005174
4.187059,2.635588,2.717666,0.024472,-0.002388
4.189737,2.824477,2.724372,0.017987,0.009090
4.193848,2.831614,2.724556,0.019485,0.010678
4.196457,2.825840,2.728679,0.021700,0.009524
4.198957,2.826076,2.729572,0.023805,0.005483
4.201529,3.024017,2.729396,0.029625,0.001000
4.204248,3.060001,2.728142,0.034346,-0.003622
4.207565,3.059673,2.727749,0.035266,-0.004090
4.210264,2.873027,2.730942,0.035562,-0.002052
4.212926,3.007624,2.733600,0.042157,0.002278
4.217397,2.607819,2.749653,0.042844,0.007313
4.221300,2.818483,2.747475,0.046317,0.006212
4.223862,2.788019,2.749998,0.052249,0.004110
4.226829,2.645293,2.760481,0.067180,0.004359
4.234515,2.819682,2.772812,0.067672,0.008260
4.237571,2.785795,2.777588,0.074836,0.014316
4.241814,2.826312,2.783805,0.075221,0.016997
4.244343,2.788332,2.793657,0.085126,0.009781
4.249441,2.861757,2.809237,0.125236,-0.017877
4.257288,3.007007,2.809497,0.136994,-0.016035
4.259860,2.864121,2.818413,0.145156,-0.016162
4.262403,2.833624,2.833995,0.152205,-0.003439
4.268249,2.833597,2.856010,0.158167,0.000402
4.270849,2.827519,2.860149,0.158272,0.006941
4.276173,2.861821,2.870388,0.161620,0.011208
4.279142,2.861821,2.870609,0.160001,0.016776
4.281839,2.833164,2.862144,0.145426,0.026329
4.286452,2.977006,2.852460,0.134401,0.019660
4.289136,3.058120,2.828791,0.127399,-0.008791
4.291722,2.835285,2.823503,0.136276,-0.023216
4.294245,2.864051,2.814707,0.144476,-0.029861
4.296913,2.826227,2.827919,0.154275,-0.011947
4.302245,3.014400,2.854307,0.143045,0.024484
4.306273,2.863680,2.871969,0.142144,0.032291
4.308917,2.833837,2.876019,0.145480,0.032961
4.312976,2.863693,2.857279,0.126989,0.018661
4.315984,2.831617,2.848238,0.141310,0.008875
4.318609,2.826045,2.842817,0.141258,-0.008653
4.321250,2.826009,2.841063,0.153408,-0.009301
4.323872,2.831616,2.842439,0.171223,-0.020852
4.326410,2.976688,2.853465,0.175542,-0.020226
4.329862,3.015605,2.875993,0.169312,0.009243
4.333031,2.827517,2.882173,0.165090,0.023365
4.335608,3.210348,2.882699,0.157594,0.027603
4.338243,3.024710,2.881519,0.157410,0.021018
4.341729,3.289443,2.892892,0.168399,0.006120
4.346787,2.985793,2.877351,0.179307,0.003380
4.350328,3.068430,2.884746,0.182975,0.008687
4.354094,3.054019,2.891150,0.188297,0.005322
4.356645,3.209681,2.894018,0.190742,0.006313
4.359263,3.067427,2.909014,0.201106,0.005801
4.361879,3.251085,2.910188,0.207895,0.004891
4.364536,2.882063,2.930026,0.249026,-0.003539
4.377834,3.100955,2.959672,0.262890,0.009065
4.382072,3.251894,2.979651,0.268208,0.014016
4.384748,3.251894,2.990137,0.283223,0.016626
4.391038,3.251894,3.008523,0.296024,0.014491
4.395549,3.251894,3.015157,0.311974,0.012661
4.398253,3.251894,3.029753,0.313366,0.018978
4.400891,3.251894,3.037566,0.317819,0.015961
4.403406,3.251894,3.026369,0.321373,0.025487
4.407245,3.251894,3.051314,0.328408,0.020795
4.409753,3.251894,3.056124,0.335608,0.026957
4.412536,3.251894,3.089656,0.355596,0.036637
4.418468,3.099579,3.093508,0.360824,0.035264
4.421035,3.097853,3.097415,0.375263,0.028928
4.423582,3.250274,3.101585,0.381911,0.026636
4.426248,3.104203,3.109866,0.401600,0.002651
4.431027,3.455194,3.114880,0.414801,0.004457
4.433567,3.370874,3.121583,0.425850,0.013163
4.439537,3.294693,3.146842,0.444922,0.015870
4.442245,3.259301,3.174039,0.457966,0.027838
4.447411,3.332139,3.187176,0.461543,0.037617
4.450010,3.492428,3.207082,0.468022,0.041637
4.452520,3.147686,3.213138,0.478289,0.037595
4.455262,3.255588,3.218840,0.492571,0.034456
4.458256,3.288718,3.228518,0.501030,0.026551
4.461296,3.294429,3.234835,0.516718,0.026647
4.463934,3.484886,3.272737,0.550219,0.025106
4.466542,3.522977,3.265671,0.538596,0.029660
4.469138,3.336488,3.261145,0.567420,0.048759
4.472249,3.493298,3.281187,0.532771,0.070242
4.475640,3.524660,3.311542,0.562341,0.086342
4.478155,3.524660,3.344609,0.541601,0.105418
4.481029,3.524660,3.377170,0.496969,0.194601
4.487030,3.524660,3.372451,0.458867,0.235934
4.489684,3.524660,3.416495,0.407387,0.228111
4.494041,3.524660,3.296353,0.371775,0.222729
4.496677,3.524660,3.269240,0.345835,0.213247
4.500743,3.524660,3.247717,0.306644,0.214775
4.503323,3.524660,3.204035,0.264532,0.180889
4.507448,3.524660,3.147766,0.252381,0.149057
4.510989,3.524660,3.096297,0.256737,0.138838
4.513564,3.524660,3.084608,0.230172,0.151312
4.516170,3.524660,3.066811,0.213954,0.152935
4.518907,3.524660,3.055780,0.192427,0.139565
4.522258,3.524660,3.009809,0.172714,0.135393
4.525072,3.524660,2.985755,0.158219,0.127717
4.527634,3.524660,2.994725,0.167324,0.112576
4.530265,3.154132,2.979154,0.155026,0.140432
4.534106,2.873646,2.985579,0.138960,0.139785
4.537553,3.030582,2.968042,0.119045,0.139318
4.540136,3.097495,2.936590,0.103628,0.099817
4.543585,2.871635,2.889963,0.084157,0.063344
4.546297,2.863629,2.811307,0.080271,0.025540
4.549707,3.016397,2.810207,0.071580,0.013301
4.556103,2.865440,2.786947,0.038540,0.055328
4.559490,2.837026,2.780030,0.026637,0.041183
4.563906,2.600274,2.767150,0.039603,0.029355
4.566446,2.861458,2.760598,0.053015,-0.021231
4.569258,2.825499,2.745486,0.086810,-0.075495
4.579280,2.795939,2.741089,0.072155,-0.010022
4.584472,3.013197,2.771120,0.056117,0.031873
4.587302,3.023584,2.780317,0.057007,0.028033
4.589897,2.865517,2.780863,0.065490,0.016973
4.592783,3.024384,2.779378,0.070637,0.002936
4.595901,2.835855,2.775832,0.083692,-0.005704
4.598499,2.826394,2.773212,0.098315,-0.045257
4.603621,2.638992,2.771867,0.122078,-0.046295
4.606186,2.788598,2.783840,0.126921,-0.040634
4.608720,2.818520,2.788771,0.113676,-0.011313
4.612061,3.016181,2.810742,0.102371,0.010946
4.614513,2.865956,2.818599,0.097950,0.023220
4.617101,2.826319,2.829877,0.100329,0.026000
4.622418,3.016544,2.819865,0.107416,0.009044
4.627268,2.833683,2.815804,0.121084,-0.001664
4.629889,3.021997,2.816839,0.125640,-0.005633
4.632511,3.022240,2.818686,0.127248,-0.005987
4.635101,3.031042,2.822856,0.126012,0.006675
4.638564,2.902552,2.836936,0.132749,0.011331
4.641337,3.015382,2.840179,0.146676,0.010099
4.643940,3.061131,2.846605,0.164477,-0.014420
4.651599,3.436379,2.852627,0.175500,-0.009788
4.656509,3.243274,2.873193,0.180815,-0.005081
4.659115,2.880371,2.879767,0.180840,0.006503
4.663512,3.060536,2.894134,0.199737,-0.001564
4.666099,2.872907,2.903197,0.206909,-0.010556
4.672031,3.023518,2.915813,0.227839,-0.009459
4.675064,2.911629,2.909839,0.218824,0.004300
4.677589,3.240749,2.928650,0.233881,0.004027
4.680257,3.069339,2.942419,0.229434,0.009521
4.684292,3.076955,2.950645,0.249169,0.004074
4.686921,3.064591,2.963147,0.244880,0.013821
4.691667,3.061192,2.954487,0.250744,0.020908
4.694272,3.098720,2.972569,0.257776,0.021207
4.698546,3.068944,2.981769,0.256873,0.027469
4.701099,3.136678,2.972168,0.247643,0.027671
4.703714,3.264935,2.984586,0.257440,0.029710
4.706552,2.913787,2.990590,0.261537,0.034516
4.709251,3.093271,2.993290,0.244798,0.039396
4.711822,3.254014,2.997146,0.268061,0.028021
4.717430,3.258976,2.992853,0.267337,0.030822
4.720535,3.098915,2.997854,0.276241,0.019389
4.724423,3.253221,2.997617,0.288879,0.011331
4.726956,3.069169,2.996774,0.286833,0.022183
4.730671,3.437434,3.012767,0.290519,0.017426
4.733287,3.437434,3.011814,0.295225,0.021011
4.736409,3.437434,3.018302,0.303309,0.021287
4.740324,3.437434,3.023655,0.304967,0.021275
4.742907,3.437434,3.047005,0.316217,0.025806
4.748759,3.297041,3.041501,0.339884,0.004864
4.753279,2.882918,3.045410,0.348701,0.004888
4.756011,3.095672,3.072856,0.360360,0.008236
4.760052,3.296230,3.078122,0.367016,0.013688
4.762574,3.070914,3.087775,0.373488,0.025064
4.765968,3.558952,3.109529,0.390505,0.022381
4.773490,3.258984,3.136050,0.408738,0.022057
4.776309,3.258984,3.158364,0.432423,0.067469
4.786607,3.258984,3.193966,0.410385,0.090727
4.790500,3.477797,3.207933,0.395966,0.132227
4.794032,3.477797,3.236438,0.383829,0.154396
4.797161,3.477797,3.246301,0.383245,0.176977
4.799792,3.477797,3.236880,0.341311,0.194472
4.802271,3.477797,3.232256,0.328421,0.204563
4.804948,3.477797,3.222011,0.289721,0.178727
4.809404,3.477797,3.131950,0.261734,0.114202
4.815432,3.266552,3.055965,0.231102,0.108792
4.818270,3.102510,3.022989,0.235035,0.054242
4.821301,3.100372,2.978032,0.240370,0.058921
4.823895,3.067195,2.966891,0.220883,0.045140
4.826913,3.248799,2.978124,0.229827,0.049298
4.829905,3.248799,2.991498,0.241315,0.049721
4.833573,3.248799,3.002247,0.272991,0.021388
4.836266,3.248799,3.003330,0.294528,0.008427
4.838751,3.248799,3.005029,0.287171,0.070396
4.841623,3.248799,3.023112,0.204017,0.119211
4.844407,3.248799,3.025831,0.164480,0.161237
4.846982,3.248799,3.031299,0.143746,0.194501
4.849604,3.248799,2.965080,0.075477,0.188278
4.852607,3.248799,2.935011,0.063542,0.071511
4.860342,3.062582,2.809679,0.045107,0.064048
4.862917,2.873143,2.793367,0.043846,0.042642
4.865555,2.833612,2.786671,0.050741,0.029950
4.868266,2.826304,2.767348,0.057550,-0.013333
4.873289,2.645219,2.734407,0.039445,-0.011050
4.876267,2.818452,2.756632,0.029550,0.032676
4.887291,2.818452,2.758312,0.029665,0.027093
4.890806,2.818452,2.745090,0.037347,-0.010152
4.893369,2.818452,2.733469,0.055430,-0.033118
4.895929,2.818452,2.715476,0.062882,-0.045790
4.898518,2.818452,2.715629,0.074543,-0.080792
4.901629,2.818452,2.721058,0.123328,-0.102365
4.904262,2.818452,2.735200,0.130676,-0.094607
4.906742,2.818452,2.753675,0.136339,-0.044965
4.909279,2.818452,2.796117,0.120400,-0.011697
4.913268,2.818452,2.810672,0.111200,0.005538
4.916462,2.818452,2.817540,0.106619,0.017931
4.920277,2.818452,2.799859,0.078287,0.023748
4.922865,2.818452,2.793583,0.070938,0.021140
4.932271,2.818452,2.782600,0.072950,0.002625
4.936327,2.818452,2.772101,0.075697,-0.001026
4.938924,2.818452,2.770118,0.085609,-0.013028
4.943139,2.818452,2.768545,0.089902,-0.018973
4.949899,2.818452,2.784013,0.091845,-0.005299
4.952900,2.818452,2.793036,0.097299,-0.003798
4.955450,2.818452,2.790290,0.100563,-0.006202
4.958005,2.818452,2.800444,0.111989,-0.009004
4.960624,2.818452,2.790517,0.104396,-0.016325
4.963268,2.818452,2.795485,0.114370,-0.017526
4.965886,2.818452,2.795368,0.115729,-0.017795
4.968937,2.818452,2.804169,0.132196,-0.015676
4.975459,3.022007,2.816043,0.137363,-0.013761
4.978043,2.833840,2.825855,0.139881,-0.011478
4.980912,2.901946,2.838514,0.158162,-0.006873
4.991273,2.869966,2.844981,0.150781,0.005153
4.994507,2.871485,2.865431,0.158712,0.012479
5.000268,2.873600,2.872751,0.163793,0.017032
5.005592,2.862141,2.880837,0.152917,0.022328
5.008453,3.023708,2.898983,0.157559,0.024970
5.012729,3.022692,2.890707,0.164843,0.028497
5.015269,2.835788,2.892115,0.168078,0.025704
5.020723,3.021568,2.896405,0.180093,0.019963
5.025999,3.059903,2.901579,0.184625,0.019528
5.032483,2.835356,2.904947,0.194446,0.013487
5.036538,2.826374,2.908149,0.197168,0.009707
5.039405,3.052095,2.912580,0.205485,0.009689
5.043080,3.059044,2.919260,0.208522,0.016640
5.046043,3.059044,2.928394,0.214222,0.016764
5.048954,2.874529,2.930546,0.215748,0.023143
5.051552,2.874529,2.935214,0.219665,0.024010
5.054267,2.874529,2.944789,0.220171,0.027192
5.057156,2.874529,2.945476,0.225443,0.028196
5.061401,2.874529,2.951899,0.229729,0.013373
5.068192,2.835706,2.961682,0.255761,0.008515
5.070778,2.835706,2.950289,0.249756,0.003454
5.073409,2.835706,2.979184,0.260504,0.017646
5.075970,2.862148,2.986306,0.270835,0.018060
5.078566,3.097585,2.988197,0.274926,0.017262
5.082293,3.287421,2.996583,0.292157,0.012450
5.088749,2.918319,3.005383,0.294044,0.012546
5.095054,3.025336,3.018509,0.308347,0.015187
5.097782,3.445131,3.020026,0.307662,0.022541
5.100340,3.109695,3.032151,0.310746,0.023917
5.102898,3.063428,3.032259,0.313096,0.023744
5.105340,3.340731,3.030926,0.310096,0.025011
5.107895,3.112429,3.032730,0.312896,0.024707
5.110359,3.061491,3.036476,0.315598,0.023280
5.112912,3.059420,3.036946,0.312834,0.028325
5.115696,3.256914,3.039500,0.325208,0.024268
5.118869,3.333879,3.047354,0.333280,0.003758
5.123448,3.249970,3.048561,0.355416,0.000965
5.126175,3.298864,3.059456,0.362649,-0.002432
5.130985,3.293988,3.076825,0.375583,0.007798
5.136046,3.294736,3.103733,0.401467,0.008459
5.139520,3.294670,3.110020,0.404732,0.014569
5.142360,3.108134,3.126022,0.415834,0.012777
5.144933,3.289445,3.131627,0.419565,0.014837
5.147831,3.107089,3.138674,0.428649,0.016710
5.151488,3.098924,3.149232,0.437202,0.022488
5.154121,3.445785,3.162611,0.442573,0.022623
5.156670,3.326757,3.168957,0.438442,0.037863
5.159264,3.262750,3.178254,0.452771,0.033602
5.162288,3.262750,3.190052,0.462652,0.029985
5.164901,3.262750,3.194326,0.466233,0.033751
5.168658,3.262750,3.210270,0.474030,0.043622
5.171436,3.262750,3.218304,0.478313,0.051554
5.174174,3.262750,3.235151,0.479481,0.058202
5.176773,3.262750,3.241727,0.475141,0.113902
5.183170,3.530342,3.259803,0.391625,0.168490
5.190606,3.306649,3.222500,0.340974,0.180585
5.195067,3.487330,3.225025,0.311675,0.231883
5.197928,3.523466,3.222612,0.296374,0.214736
5.201689,3.720886,3.159333,0.276767,0.182701
5.206975,3.147900,3.120452,0.269475,0.123385
5.209599,3.489344,3.087884,0.258291,0.114861
5.212307,3.304246,3.057266,0.255025,0.102667
5.214918,3.108890,3.028376,0.249575,0.080269
5.217456,3.076855,3.031808,0.245560,0.083991
5.219948,3.476594,3.030333,0.249348,0.082162
5.223291,3.264470,3.025819,0.239749,0.084929
5.225908,3.484099,3.028010,0.234834,0.094210
5.228543,3.633444,3.012876,0.185787,0.158020
5.235677,3.257533,3.035110,0.170458,0.168253
5.238323,3.289231,3.004852,0.154255,0.150203
5.240925,3.108737,3.012846,0.149536,0.141653
5.243581,3.024115,2.984213,0.123976,0.149604
5.246310,3.430465,2.952426,0.103542,0.115881
5.250387,2.905748,2.887457,0.089185,0.092783
5.260429,2.833505,2.847729,0.062655,0.064332
5.264640,2.977020,2.789138,0.048971,0.015223
5.267279,2.832425,2.759612,0.035456,-0.009873
5.270677,3.015685,2.705036,0.032070,-0.018879
5.273415,2.795907,2.715703,0.035877,-0.003996
5.276272,2.818062,2.744745,0.031129,0.014477
5.279087,2.863362,2.759675,0.048855,-0.000580
5.285575,2.795951,2.743116,0.055999,-0.010546
5.291709,2.790076,2.737865,0.081990,-0.035790
5.298648,2.647327,2.748569,0.094130,-0.050706
5.301402,2.591365,2.752631,0.107404,-0.046270
5.304021,2.788440,2.772161,0.105668,-0.031488
5.306628,2.795639,2.785042,0.098395,-0.000475
5.310131,2.818345,2.799828,0.099509,0.003112
5.314308,3.052190,2.798428,0.091627,0.009333
5.316948,2.827886,2.790094,0.078062,0.017967
5.323858,2.864099,2.783418,0.068422,0.017395
5.326390,2.864401,2.779218,0.062502,0.018081
5.330691,2.818541,2.773338,0.057277,0.014407
5.333278,2.856014,2.779014,0.067078,0.010228
5.335766,2.832003,2.773897,0.070474,0.002407
5.339113,2.443658,2.768918,0.074630,-0.000986
5.348685,2.863484,2.776602,0.087944,-0.019595
5.351277,2.639483,2.773451,0.095533,-0.024597
5.355289,2.856219,2.775000,0.109454,-0.021788
5.357993,2.832044,2.784961,0.107497,-0.020119
5.360549,2.825289,2.791176,0.112093,-0.018469
5.363123,2.978772,2.796467,0.109106,0.000216
5.368081,2.832111,2.812529,0.111573,0.003542
5.370712,2.638822,2.812963,0.114727,-0.007807
5.375118,3.012902,2.811829,0.125250,-0.014537
5.377913,2.674981,2.814491,0.138513,-0.021458
5.382148,3.046039,2.821367,0.142296,-0.018365
5.384932,2.870008,2.825820,0.150228,-0.018967
5.387520,2.870008,2.833637,0.141557,0.007949
5.394976,2.870008,2.852483,0.146895,0.015437
5.397569,2.870008,2.858313,0.148211,0.018134
5.400931,3.211601,2.868109,0.146750,0.027035
5.403513,3.070653,2.872490,0.151886,0.026713
5.406063,3.061866,2.867157,0.141026,0.028689
5.408649,2.918408,2.888441,0.158402,0.035582
5.411288,3.032882,2.881613,0.146519,0.040880
5.417142,2.835580,2.885119,0.152534,0.038739
5.419822,3.172381,2.887201,0.153288,0.036445
5.422627,2.919651,2.886156,0.159316,0.027255
5.425480,3.023069,2.873461,0.163439,0.020120
5.428079,3.060379,2.876319,0.161429,0.012983
5.431527,2.833581,2.875579,0.168382,0.009890
5.434096,3.278463,2.894773,0.187276,0.007953
5.445824,3.031065,2.891662,0.185629,0.012945
5.448535,3.069209,2.898770,0.187919,0.013284
5.451165,3.061562,2.899189,0.191047,0.008527
5.456676,3.214111,2.911755,0.198568,0.007532
5.460094,3.062721,2.906059,0.202497,-0.001852
5.463287,3.212614,2.912405,0.208577,0.006175
5.466637,3.062709,2.916939,0.216646,0.000196
5.469312,3.099106,2.919743,0.226833,-0.001740
5.471943,3.061468,2.925330,0.231995,-0.004089
5.474514,3.101259,2.928876,0.231507,-0.000102
5.477092,3.257754,2.935293,0.241712,0.002170
5.480164,3.070696,2.947824,0.254353,0.002035
5.485898,2.911148,2.975271,0.265066,0.014635
5.489608,3.243470,2.958661,0.270993,0.006581
5.492290,3.097894,2.978163,0.279306,0.005006
5.499064,2.917819,2.992265,0.294865,-0.003138
5.503682,3.250991,2.995814,0.307068,-0.004327
5.506285,3.286856,3.015181,0.309110,0.015781
5.511181,3.288935,3.027330,0.321244,0.019171
5.515401,3.072433,3.037132,0.326595,0.020618
5.518289,3.295203,3.050944,0.326600,0.026921
5.520939,3.099053,3.059744,0.332333,0.025031
5.523589,3.255081,3.065289,0.342791,0.025085
5.526933,3.095196,3.084866,0.365308,0.015776
5.535653,3.478024,3.091821,0.382703,0.011715
5.539314,3.523352,3.103301,0.399468,0.006431
5.542638,3.115867,3.105098,0.397210,0.010712
5.545180,3.483503,3.114936,0.406818,0.017475
5.547738,3.530060,3.124062,0.416947,0.020327
5.550386,3.306322,3.149636,0.422398,0.029826
5.554958,3.492059,3.202298,0.501531,0.041096
5.558597,3.342160,3.281834,0.546564,0.044212
5.561283,3.340242,3.330185,0.642524,0.050164
5.565628,3.524810,3.447539,0.880367,0.108019
5.573119,3.990454,3.885733,1.047603,0.252007
5.578583,3.812491,4.098788,1.079257,0.385201
5.581275,4.219060,4.189366,1.121638,0.439728
5.583921,4.423412,4.392044,1.171486,0.515592
5.587433,4.656056,4.465932,1.318101,0.611427
5.590301,4.887611,4.699082,1.344764,0.767774
5.593286,5.118803,4.876476,1.476700,0.992330
5.599321,6.094749,5.889733,1.874795,1.801217
5.608763,6.111110,6.627846,2.018371,2.262521
5.615679,6.111110,7.281906,2.137454,2.590459
5.618165,7.995982,7.810108,2.138614,2.945296
5.622727,8.918636,8.394864,2.309627,3.646260
5.628638,10.309804,9.066761,1.829039,4.642899
5.639672,10.807590,9.618065,2.023289,4.698959
5.643801,10.881770,9.786293,2.000490,5.004628
5.648554,10.571719,9.272415,1.509107,4.957428
5.652928,10.625829,9.885424,1.815319,5.111979
5.655411,11.114834,9.520771,1.531252,5.050767
5.658307,11.287873,9.589516,1.570799,5.061870
5.661339,11.068655,9.171970,1.280531,5.164715
5.663901,10.843331,9.275569,1.161060,5.086370
5.666379,10.805626,8.915833,1.096882,5.124454
5.669640,10.344544,9.032743,0.895050,4.885007
5.672392,10.323309,8.995296,1.055961,4.786492
5.676396,10.137492,8.513689,0.856882,4.730935
5.679942,10.761021,8.293048,0.765647,4.598162
5.686334,9.863016,7.594967,0.490598,4.204606
5.693193,9.118369,7.677413,0.485083,3.972511
5.697778,8.845567,7.553818,0.371109,3.420387
5.706305,8.845567,7.185365,0.385448,3.856297
5.708906,7.965193,7.079701,0.418238,3.690115
5.711478,7.965193,7.049155,0.314967,3.471793
5.717131,7.965193,6.517502,0.357878,3.423298
5.720066,7.965193,7.089765,0.410983,3.724384
5.722713,7.965193,6.862687,0.351507,3.543019
5.727072,7.789118,7.161100,0.375191,3.477329
5.729655,8.120972,6.759188,0.234865,2.943013
5.732287,7.867511,6.876639,0.340372,3.543966
5.734756,7.295455,7.160692,0.379589,3.625402
5.739957,7.972898,7.233822,0.370031,3.523531
5.743155,8.249895,6.912747,0.383444,3.241170
5.745716,7.802854,6.580870,0.518188,4.309051
5.748355,7.377553,7.345757,0.409333,3.924866
5.751031,8.962222,8.116239,0.590206,4.004705
5.755420,8.810483,7.530968,0.526789,3.851147
5.757957,8.896976,8.229508,0.777363,5.390170
5.762566,9.239671,8.585575,0.616710,5.491619
5.768193,9.899718,9.249187,0.842993,5.362462
5.770787,10.227304,9.751694,0.800303,6.263076
5.773557,10.905733,10.305611,0.973049,6.137571
5.776497,11.178267,10.130111,0.837088,6.495749
5.779295,11.467035,10.566626,1.151185,6.789380
5.781815,11.470128,11.016979,0.978669,6.836536
5.784480,11.666026,11.111333,0.952108,7.060191
5.787043,12.377648,11.892696,1.209340,7.766288
5.789728,14.140141,12.494143,1.375624,8.383528
5.796601,14.140141,12.558721,1.137621,8.833145
5.799461,14.140141,14.380617,1.739764,8.971249
5.803471,14.596486,13.432582,1.220855,8.935401
5.806828,14.889857,15.020155,1.600241,9.929751
5.812477,15.149354,15.190192,1.689670,9.599718
5.816814,16.901913,16.245506,1.844966,11.148403
5.824698,15.725023,15.571109,1.665794,10.879336
5.827593,15.725023,15.843315,1.581041,10.317883
5.833332,17.341805,15.274117,1.550092,10.617599
5.836349,17.341805,16.712091,1.744788,11.605013
5.838947,17.341805,15.682585,1.514438,10.495932
5.841607,17.341805,15.362650,1.488485,10.837420
5.844302,17.341805,16.046061,1.443763,11.179537
5.846945,17.341805,15.631819,1.439568,10.515061
5.849636,17.341805,15.317749,1.251167,10.087756
5.852498,17.341805,14.945759,1.181741,10.273954
5.855124,17.341805,14.784702,1.225503,10.448344
5.858796,17.341805,14.451013,1.067896,9.228140
5.861305,17.418951,13.662239,0.997522,10.028312
5.864294,16.363596,14.828447,1.061386,9.227581
5.867310,17.215294,13.577513,0.892250,9.729351
5.870011,17.075603,15.071621,1.038403,10.504426
5.872634,16.724739,13.771490,0.757947,9.090201
5.875292,17.122618,14.223196,0.885201,10.351644
5.880601,16.253798,14.542452,0.837558,9.525046
5.883326,16.992517,13.814455,0.679371,10.197411
5.887418,16.100662,14.758562,0.820884,10.337082
5.890845,16.571722,14.499170,0.729519,10.609343
5.895300,16.623497,15.057063,0.682661,9.808940
5.898033,16.737169,14.471376,0.701323,9.023851
5.906361,16.260103,13.576521,0.659041,10.051477
5.909802,15.559702,14.467827,0.612543,9.831966
5.912944,16.245779,13.020172,0.475271,9.248046
5.916529,16.116276,13.875813,0.541185,9.014193
5.919168,15.898716,13.306345,0.535257,9.387897
5.921933,15.256706,14.265827,0.570884,9.249143
5.927777,16.104942,13.599971,0.598861,10.036102
5.930437,17.020510,14.852579,0.617284,10.393429
5.932978,16.153059,14.108274,0.546270,10.355252
5.935528,16.826134,14.825336,0.792841,11.610472
5.938095,16.972427,15.772820,0.745460,10.390494
5.942527,18.425392,15.642420,0.682073,11.494217
5.945144,16.991096,17.293694,0.946257,12.456662
5.950796,18.925463,17.960241,0.999207,11.590681
5.953311,20.145121,19.308365,1.192448,14.195222
5.958963,20.222404,19.258959,1.053240,14.061472
5.963411,21.338949,19.176407,1.309227,15.209141
5.966592,22.423754,19.481058,1.220106,15.557142
5.972124,22.305172,19.880665,1.217649,14.567215
5.974757,23.713358,20.021282,1.208725,15.913218
5.977296,23.137230,21.422693,1.243036,14.710249
5.979947,23.764128,20.581442,1.184046,15.203730
5.982831,23.490545,20.575207,1.156789,13.926764
5.985332,24.114025,19.277258,1.201911,15.492536
5.987957,22.849285,21.408398,1.215510,15.955050
5.990584,22.782177,19.751812,1.286849,16.574734
5.996400,24.372841,20.788723,1.096081,15.402748
5.998940,24.548170,20.774984,1.015213,17.327793
6.001530,24.536167,21.798866,1.297600,16.789953
6.009722,25.379862,21.609482,1.197047,17.454893
6.014513,25.141012,23.737877,1.402813,17.945408
6.020853,26.971247,23.433342,1.454467,17.755360
6.023442,25.978090,22.618036,1.450679,16.677269
6.027320,26.148626,23.866892,1.627697,18.581161
6.029943,25.813566,23.584948,1.623081,17.425175
6.032673,27.025753,22.532238,1.426668,17.338371
6.035301,25.776037,23.577494,1.592167,17.617981
6.037954,25.776037,23.248676,1.514659,17.068878
6.040540,25.776037,22.783108,1.426896,16.647888
6.043120,25.776037,22.904673,1.506280,16.277557
6.045740,25.776037,22.333187,1.195655,16.274826
6.048288,25.776037,24.011841,1.487532,17.285149
6.051361,25.776037,23.231079,1.244486,17.623114
6.054007,25.776037,23.050005,1.161927,17.113871
6.056655,25.776037,22.375189,0.951595,18.585577
6.059302,25.776037,24.557116,1.042165,17.116184
6.061892,25.776037,22.848520,1.042137,17.810646
6.069074,27.421808,23.618036,1.047017,17.709560
6.071689,26.536028,22.421875,1.085946,17.249073
6.076098,26.832922,23.044498,1.070790,17.068937
6.078955,25.906025,22.635187,0.880412,14.789553
6.082005,25.906025,22.029570,1.075785,15.232242
6.087018,24.472431,20.374416,1.118155,15.530674
6.090768,24.182913,20.930511,0.860952,15.450009
6.093881,24.728165,21.692957,1.113820,15.970866
6.097774,26.006535,22.126398,1.063684,16.992558
6.100439,25.722988,23.939484,1.007623,16.510397
6.104158,27.167208,22.687151,0.896735,16.623547
6.107077,27.167208,24.906231,1.050754,19.648211
6.113714,27.167208,25.665504,1.119980,19.397646
6.116787,27.167208,26.438717,1.170469,18.569372
6.119784,27.167208,24.749912,1.036625,19.181231
6.122675,27.167208,24.405287,0.964006,17.436306
6.127328,27.167208,22.793381,0.786095,17.633928
6.135464,27.167208,21.667873,0.781619,16.046913
6.140025,27.167208,23.126358,0.816432,18.388288
6.145765,27.167208,26.423933,1.085691,19.872002
6.148968,27.167208,26.747353,1.040625,19.828161
6.152300,27.167208,28.198154,1.285417,22.710512
6.157824,31.227043,29.622370,1.258371,24.141918
6.163857,31.854771,29.436348,1.251600,22.569742
6.166466,32.486641,28.402206,1.202311,20.671970
6.169417,31.035347,28.125061,1.101878,21.222404
6.172480,30.363415,26.845636,0.986812,20.007675
6.175306,31.885387,26.888283,1.007933,21.034639
6.177803,30.501989,27.497343,0.952534,20.630259
6.181356,31.974800,28.134949,1.106115,22.094194
6.186542,34.866837,30.760029,1.239359,24.591084
6.194446,34.629166,32.394859,1.385032,25.136847
6.196987,35.972557,33.013924,1.447269,27.423702
6.203676,36.585953,33.560127,1.482086,24.434860
6.209768,34.312931,31.311867,1.308362,24.037659
6.216028,34.757862,32.411705,1.378535,24.728331
6.218952,35.054611,30.320076,1.228526,23.733694
6.221595,35.054611,31.383842,1.154168,22.721138
6.224391,36.425323,31.466648,1.262952,23.777798
6.226973,36.425323,34.627563,1.391914,25.660053
6.230341,36.425323,33.853546,1.449093,26.057533
6.232963,36.425323,35.570698,1.537703,28.490173
6.235499,36.425323,36.508850,1.724303,28.822126
6.238132,36.425323,37.336617,1.795172,30.233423
6.241839,36.425323,36.892395,1.811800,28.683464
6.244415,36.425323,35.784115,1.695505,25.446848
6.249573,36.425323,32.836823,1.393599,24.685165
6.252604,36.425323,32.808220,1.343613,22.779552
6.255296,36.425323,31.435425,1.161361,26.297556
6.259589,36.425323,34.468987,1.158028,23.912437
6.262344,36.425323,32.063110,1.246917,24.801620
6.266382,36.425323,34.861462,1.424208,26.654850
6.268938,36.425323,34.807945,1.351515,28.201120
6.273631,36.425323,36.450882,1.606491,27.653791
6.276300,36.425323,35.725571,1.530418,27.368906
6.278798,36.425323,35.298172,1.462428,24.070459
6.281300,36.425323,32.444260,1.180304,23.600975
6.284011,36.425323,33.268379,1.287321,24.867277
6.286592,36.034904,32.410709,1.319250,23.947781
6.289129,37.081623,31.761124,1.041985,23.345932
6.292010,37.081623,31.162663,1.069144,22.837704
6.294553,37.081623,30.906702,1.016591,22.615879
6.297094,37.081623,32.312511,1.137849,24.364084
6.299662,38.385494,32.751015,1.071509,24.923876
6.302200,39.157375,34.344398,1.144406,26.014742
6.304815,39.619259,34.168518,1.226285,26.938747
6.309310,40.274170,35.446350,1.484919,26.981571
6.312039,38.301495,32.642448,0.979508,22.911676
6.329627,38.982376,31.621843,1.034795,24.002373
6.332370,39.224319,35.804821,1.172137,27.063778
6.334923,40.046925,37.916935,1.345005,28.719971
6.337572,41.294456,37.540478,1.350364,28.167038
6.340131,42.580173,38.457024,1.442281,28.090244
6.345485,41.669312,37.087181,1.183227,24.883083
6.348044,40.646984,34.726395,1.162156,25.723349
6.350629,40.259960,34.681046,1.120458,25.013842
6.355882,38.072033,34.373047,1.064236,25.342167
6.358619,38.649609,33.042759,0.883447,27.667097
6.361510,39.546150,36.719200,1.023957,27.122959
6.364105,40.433392,37.062622,1.111236,28.002253
6.366694,42.225399,39.867149,1.318642,30.496231
6.369199,42.225399,41.120346,1.248778,30.930950
6.377507,42.225399,40.406425,1.396525,28.928461
6.380301,42.225399,36.436386,1.273477,29.300224
6.384386,42.225399,37.203220,1.252892,27.652670
6.386960,42.225399,37.622601,1.152057,28.310413
6.391064,42.225399,38.187283,1.246635,29.328342
6.393656,42.225399,38.984879,1.225924,31.109020
6.397448,42.225399,40.773670,1.502319,33.060326
6.400142,42.225399,44.294319,1.722207,34.319675
6.402680,42.225399,42.529694,1.544382,33.498337
6.405226,42.225399,43.478786,1.466834,31.909592
6.407742,42.225399,41.828781,1.422176,30.612453
6.410339,46.077496,42.337418,1.458874,31.681122
6.413308,46.284416,41.733063,1.309670,30.836926
6.418969,46.321705,41.202988,1.348518,31.141123
6.422163,47.865654,41.458153,1.425613,31.249344
6.424765,49.224030,44.545998,1.572876,33.528389
6.427336,50.959427,43.791813,1.914365,37.847908
6.430624,49.136028,49.136391,1.978558,33.184856
6.433320,51.842743,45.632130,1.689111,34.771786
6.437647,49.093056,45.431244,1.382164,31.047256
6.440406,49.891884,45.533642,1.544562,34.940163
6.442994,48.823662,43.775520,1.277909,35.014122
6.447598,49.625820,45.708286,1.409118,32.656433
6.453417,50.991257,46.608723,1.603197,35.248283
6.457331,52.246773,46.710392,1.765508,36.771027
6.462802,50.476875,44.761414,1.595857,31.838055
6.465827,50.476875,42.669796,1.516263,34.549995
6.468366,49.778179,43.802311,1.359921,32.940815
6.471058,49.778179,43.150162,1.242368,34.149132
6.473724,49.778179,45.105698,1.239103,31.969791
6.476306,49.778179,42.761967,1.266688,31.216743
6.479782,49.778179,42.161179,1.411994,33.790714
6.482464,49.778179,44.464996,1.503289,33.358116
6.486327,49.778179,44.057877,1.469101,33.829239
6.489218,49.778179,44.998920,1.473871,33.988640
6.491890,49.778179,40.910439,1.183289,33.726006
6.495441,49.778179,44.886021,1.356263,32.121513
6.498309,49.778179,42.987179,1.222958,31.820427
6.500970,49.778179,42.930042,1.197701,32.321091
6.503982,49.778179,43.193584,1.192180,31.986750
6.506684,49.778179,42.864677,1.331021,31.512642
6.511045,49.778179,41.264229,1.201539,31.883585
6.513726,49.778179,43.797646,1.167956,31.722912
6.521347,49.778179,43.271252,1.192460,30.718721
6.526045,49.778179,45.339809,1.296572,31.949490
6.531324,49.258675,43.526749,1.254568,32.448036
6.533953,49.258675,42.000458,1.188865,30.369801
6.536841,48.112713,45.566856,1.440831,30.162918
6.539364,47.947010,41.927452,1.153803,29.233919
6.541966,47.270325,38.177216,1.045596,29.383205
6.546567,44.714176,40.120003,1.081387,30.494499
6.549161,46.484356,42.362736,1.142344,32.070835
6.551702,47.445667,43.937141,1.127057,30.886189
6.554350,48.722733,44.260651,1.212177,32.333096
6.556937,50.279587,46.056068,1.423439,34.718529
6.559652,50.834194,46.836533,1.376186,33.365833
6.562190,51.389240,48.335739,1.581110,36.083603
6.564706,51.138645,46.159904,1.460764,31.999462
6.567229,49.874523,44.196251,1.303511,33.780056
6.569768,50.112503,44.846039,1.260818,34.546558
6.576745,49.297562,46.843910,1.172025,35.354282
6.581304,54.556885,47.815376,1.370146,35.849361
6.583917,55.187778,50.869965,1.591910,38.218674
6.586561,55.187778,50.997021,1.577468,33.733532
6.589476,55.187778,46.098015,1.251328,34.083157
6.592191,53.868195,45.824486,1.232340,33.181053
6.595779,51.726971,46.718990,1.181137,33.985203
6.599207,52.512276,47.510712,1.120589,34.703651
6.601827,51.887337,47.357040,1.134984,35.577976
6.604384,51.887337,48.905174,1.218708,38.845474
6.607311,57.280819,51.746117,1.630848,41.112370
6.609981,58.990944,53.329514,1.524009,40.412155
6.612600,58.010593,52.981602,1.452709,38.700310
6.615343,56.957390,51.665218,1.268353,37.739326
6.618047,56.754097,48.594566,1.149885,39.122616
6.623707,53.963120,52.412048,1.273866,38.039246
6.626396,58.632587,53.997818,1.453357,40.701199
6.629011,57.731419,53.568233,1.525315,39.869709
6.631616,58.681274,53.356407,1.554024,40.099274
6.636304,57.409489,55.148476,1.647841,40.738197
6.639731,57.115139,53.572372,1.511471,38.164658
6.644451,56.632660,51.855240,1.409291,38.106468
6.647073,57.798653,53.550156,1.495405,41.612335
6.652205,59.313442,56.417122,1.768096,42.983490
6.655312,64.066170,57.173393,1.884140,43.703671
6.657942,61.348434,58.435036,1.894162,44.228848
6.660615,61.659691,55.852695,1.725202,43.644020
6.663314,63.431988,57.951767,1.734426,43.100113
6.668192,62.612930,54.808918,1.568767,40.820694
6.671438,61.744675,55.908260,1.522569,41.562386
6.675360,64.345726,57.286880,1.831253,44.991219
6.678106,64.704193,61.961906,1.958241,47.358112
6.680982,66.559753,61.227795,1.806631,44.103333
6.683571,67.119949,58.572788,1.440689,41.924911
6.686060,64.407677,57.655998,1.427021,43.179760
6.688628,62.429058,56.764717,1.323388,40.733440
6.691881,62.555405,56.209251,1.333072,41.667915
6.694428,62.417645,58.097298,1.490323,44.969307
6.698509,64.072067,60.744705,1.727967,45.974472
6.701073,67.022919,61.164055,1.590362,44.152870
6.705831,64.648285,58.561779,1.487474,43.741440
6.708480,66.152054,59.057205,1.477848,41.421188
6.716477,64.030045,56.793247,1.289603,44.306259
6.719992,66.247391,61.229912,1.627970,45.602024
6.726856,66.079559,59.396599,1.376200,45.811764
6.729907,63.142502,57.857315,1.250047,42.753883
6.732530,63.916733,58.963669,1.271737,43.773144
6.735106,63.735550,57.778332,1.329505,43.417854
6.740100,64.822304,60.366867,1.529469,44.897186
6.742668,64.967461,60.029251,1.461472,41.800011
6.745195,66.301132,57.086651,1.230065,42.547298
6.747882,61.911129,57.340881,1.171020,41.948624
6.750454,62.951691,58.035385,1.219490,42.569107
6.752967,63.570705,57.778755,1.227756,40.919518
6.755621,62.306007,56.418663,1.133523,40.275646
6.758465,63.072975,55.057625,1.103159,39.452881
6.762794,64.885117,59.501770,1.387767,44.426285
6.765338,62.516300,60.129585,1.277015,41.354572
6.770367,62.958450,58.428589,1.261730,42.616436
6.775155,62.728348,59.466530,1.260304,42.958557
6.777605,64.098892,58.873775,1.176527,42.058216
6.780189,65.733337,59.707397,1.320315,43.642715
6.783086,66.312500,61.229443,1.502295,45.944695
6.786421,67.144577,63.089333,1.275093,44.739162
6.790145,67.910263,61.937733,1.373902,45.666306
6.792754,66.995415,62.736855,1.347274,45.506283
6.795343,67.298141,61.844772,1.338868,45.158691
6.798810,67.298141,61.719215,1.321984,46.618553
6.801478,71.299736,63.174530,1.673936,48.835918
6.804073,72.291946,64.799782,1.556030,48.046074
6.810834,70.058136,62.745182,1.358891,46.408989
6.813514,69.850830,63.202682,1.467240,47.016121
6.816079,67.359612,62.571995,1.372561,45.691425
6.818573,67.397041,60.640194,1.233984,46.857491
6.822213,71.804916,67.782410,1.503278,46.347519
6.831660,67.508316,64.506439,1.299463,45.090446
6.837724,70.608452,62.225758,1.210848,45.440308
6.840324,70.009781,62.860825,1.265274,45.570606
6.842960,71.212128,66.235840,1.248520,48.233494
6.848471,70.188156,62.761917,1.093729,45.501568
6.851102,70.752625,63.448456,1.234773,48.482235
6.855064,66.905251,64.531830,1.177976,46.608482
6.858093,69.202179,64.694962,1.225587,47.157085
6.860928,69.408150,64.934998,1.276375,45.765457
6.863667,69.719521,63.373032,1.243008,45.136612
6.866344,67.761986,62.973976,1.244342,45.223087
6.868958,67.233368,63.110596,1.172024,45.291618
6.872988,66.609779,64.360703,1.221523,45.339329
6.876800,69.652176,61.812500,1.104425,44.266029
6.879554,72.228394,62.229256,1.437181,50.188789
6.882143,73.060318,70.571304,1.506189,52.470772
6.884693,72.870384,65.373672,1.245543,48.123405
6.889150,73.015732,66.328354,1.308440,51.251381
6.891689,72.275154,67.568535,1.291146,49.618008
6.895762,72.880608,68.005959,1.393701,53.869461
6.901472,72.907639,72.372551,1.499733,55.935848
6.904323,72.907639,70.753029,1.216901,49.867565
6.908421,72.907639,71.930855,1.323624,53.275032
6.910986,72.907639,71.110527,1.260448,51.913612
6.913710,72.907639,70.607376,1.202867,51.465641
6.916333,72.907639,72.262268,1.424843,53.367805
6.919015,72.907639,73.662773,1.580454,52.472622
6.924246,72.907639,68.293640,1.204700,49.294914
6.926767,72.907639,71.727730,1.299228,52.535175
6.933100,72.907639,71.468353,1.319098,54.384956
6.937524,72.907639,73.793930,1.571275,57.166145
6.940055,72.907639,72.397705,1.391397,53.009258
6.943041,72.907639,76.326996,1.523554,56.583603
6.951024,72.907639,73.058495,1.410671,54.278732
6.953574,79.672646,74.067688,1.589527,54.769520
6.957784,79.669846,76.501778,1.529693,56.568054
6.960503,76.750565,72.319984,1.406622,50.785675
6.964401,79.861885,73.419449,1.378412,54.120476
6.967522,79.478714,74.195206,1.516450,56.692368
6.970244,82.397835,79.989449,1.806027,59.615349
6.972815,84.023956,83.243942,1.931641,61.056946
6.975386,84.478989,81.377663,1.491038,55.329041
6.978354,81.953247,74.162628,1.371641,53.792179
6.980949,82.166290,73.529663,1.337667,58.133995
6.983651,81.348785,78.711449,1.493468,57.357742
6.986225,81.045792,76.932953,1.447512,56.354141
6.989236,82.762550,76.438255,1.553815,57.240154
6.991962,83.052132,77.825340,1.528530,55.610580
6.995436,80.727074,76.268448,1.112267,50.505527
6.998041,81.450539,75.286469,1.283632,56.272804
7.001342,81.372070,77.121025,1.479157,57.153290
7.004012,82.860809,77.984207,1.496362,55.339157
7.007890,82.099274,77.625298,1.504272,56.577156
7.010417,81.128654,76.731689,1.300202,52.027634
7.014869,81.397102,74.429924,1.304007,54.075325
7.017482,79.573822,74.843094,1.283564,54.981918
7.021711,79.525192,76.332138,1.441265,56.112694
7.024174,80.260239,78.350082,1.404104,56.546814
7.028610,81.037773,77.994202,1.304614,56.458420
7.034732,80.496300,77.502876,1.322670,58.053066
7.041427,85.795067,80.376740,1.450217,59.204964
7.046129,83.399010,77.160873,1.333284,57.597633
7.049506,82.683327,79.694412,1.363482,57.756531
7.052763,84.537247,79.320007,1.350994,56.548603
7.055424,85.127029,78.541901,1.383047,57.891106
7.057976,80.790588,78.578728,1.331644,56.453949
7.060623,84.706726,78.115334,1.190742,54.540344
7.064019,88.003250,76.698578,1.168188,56.177956
7.067548,82.258530,78.458206,1.244085,54.882038
7.070760,82.366005,77.579422,1.302483,57.042011
7.073343,82.962143,79.488770,1.390109,55.468555
7.077420,82.984970,77.934662,1.210112,56.223854
7.080009,84.657791,77.667183,1.238568,55.445679
7.084425,79.431503,78.040962,1.211618,52.870415
7.087421,83.873863,75.618195,1.131481,51.833580
7.090199,82.117294,74.811340,1.122042,52.173103
7.094478,77.262337,74.668015,1.145976,51.727123
7.097000,77.983025,72.520706,1.017516,51.557953
7.099684,81.594429,74.564522,1.099144,49.231720
7.104834,78.194466,77.429810,1.218258,53.884415
7.110041,80.374985,76.961304,1.118880,49.052879
7.113117,80.689728,72.184181,0.909827,52.512218
7.115747,80.023705,75.815094,1.205741,56.257774
7.120407,80.710579,78.474594,1.124655,54.199440
7.123976,82.367348,79.800400,1.231240,56.266647
7.126887,81.510635,78.461845,1.156793,56.072720
7.135241,84.271606,82.603607,1.475625,61.016739
7.140447,85.710197,85.932968,1.442050,61.941505
7.143021,87.082138,85.787605,1.230545,59.174652
7.147096,87.514679,84.485916,1.343516,59.831947
7.149667,87.822701,84.071442,1.342166,63.438026
7.153479,88.418686,87.958801,1.496174,61.457485
7.156436,91.285172,87.567787,1.546101,62.967674
7.159054,89.637169,87.996246,1.472908,59.144226
7.161681,89.522034,83.815872,1.322821,58.441608
7.164223,88.370926,86.369301,1.406991,61.491219
7.166693,89.302185,86.803192,1.526407,60.569283
7.169403,92.656624,85.539612,1.559920,63.413582
7.171995,91.706360,92.713898,1.729407,67.545692
7.175055,91.721283,93.453033,1.713194,67.851257
7.177671,93.092361,93.049950,1.433161,63.076965
7.180324,95.654259,90.406517,1.573237,65.033646
7.182917,95.594276,90.840897,1.590816,65.792084
7.185563,93.923401,91.268250,1.657054,65.390869
7.188136,96.725449,90.514229,1.545110,65.000038
7.190767,96.725449,88.472824,1.403563,61.333977
7.193972,96.725449,90.277771,1.461729,64.572372
7.196638,96.725449,92.048927,1.681589,66.895264
7.199258,96.725449,93.795410,1.542416,68.115334
7.204828,96.725449,91.815720,1.550213,67.364525
7.207393,93.899620,94.920807,1.592775,67.272339
7.211739,96.582870,93.414932,1.482393,64.589333
7.214517,96.074959,93.036095,1.595109,66.281761
7.218636,94.042336,92.057549,1.552824,67.001762
7.221403,96.382957,93.481903,1.346848,64.025581
7.226408,99.371193,89.086067,1.383048,62.579121
7.229106,95.787003,92.700851,1.602139,65.752579
7.232217,96.421059,92.532402,1.449885,65.731400
7.237979,94.532280,93.547836,1.430822,66.779411
7.240632,94.662064,93.453415,1.531939,66.365707
7.243563,94.899773,93.289726,1.572924,66.286308
7.246138,97.501076,91.659866,1.443673,64.530853
7.251343,95.453720,90.108040,1.392576,65.354179
7.254824,97.926239,91.605553,1.412243,63.461109
7.257329,97.231979,90.607117,1.394826,63.701038
7.260132,99.118713,89.356033,1.336988,62.247932
7.262709,95.302788,91.768158,1.398333,64.514473
7.266764,95.302788,91.795609,1.346228,64.162682
7.269363,96.205223,90.973534,1.431195,63.432137
7.274640,95.389267,91.400681,1.471497,64.563637
7.277406,94.198997,92.373100,1.460267,66.381218
7.283354,91.504562,94.374718,1.623278,66.160767
7.285985,95.241104,91.971031,1.504454,63.765976
7.288635,98.523102,89.462509,1.291429,61.886902
7.291212,97.555168,89.857239,1.300045,63.914665
7.295114,95.306931,91.189247,1.299625,63.375397
7.298343,94.670906,91.450188,1.303982,63.260750
7.300981,93.171539,92.888077,1.460915,63.730541
7.303622,91.828171,92.235069,1.452034,65.421913
7.306139,91.640366,94.302620,1.510583,65.541115
7.308722,95.450150,91.901985,1.387954,63.022545
7.312012,95.580948,91.536095,1.385923,62.686924
7.314513,95.818268,91.428474,1.427047,61.284611
7.317514,97.391426,90.104111,1.258076,61.186901
7.320173,96.423965,89.533524,1.204101,60.708229
7.329937,97.348877,89.520531,1.185589,60.512894
7.333353,97.348877,89.577896,1.158320,60.427189
7.342826,97.348877,89.685623,1.174262,63.812290
7.345424,95.810883,93.196999,1.158368,62.079826
7.348337,96.038979,90.875305,1.076564,60.480965
7.351528,94.814186,89.563728,1.117618,62.484669
7.354023,92.237564,93.971474,1.213719,64.533554
7.356593,93.189590,93.257881,1.197410,63.867607
7.359110,95.420837,92.649277,1.167044,61.934330
7.361683,92.776009,93.773697,1.202823,64.077606
7.364676,91.546875,95.000000,1.266279,64.624252
7.367345,95.696503,94.497322,1.108219,61.844257
7.369978,100.172256,87.505127,0.978977,57.737576
7.372604,98.899414,87.732117,0.990214,58.197773
7.375146,96.900047,89.560730,0.975818,59.744873
7.377961,96.900047,89.276749,0.990962,59.616570
7.380497,94.228661,91.940277,1.087193,62.157082
7.383029,90.677124,93.104424,1.098804,61.053032
7.389389,93.726852,92.884735,1.132358,60.370773
7.393628,97.237183,90.393631,0.967797,58.712448
7.396331,96.287674,90.169579,1.045230,60.194271
7.400842,91.857117,94.587845,1.210463,62.175148
7.403401,95.754395,89.784676,1.015912,61.426826
7.407433,92.483223,91.548103,1.137683,63.690399
7.409968,92.228477,94.563019,1.179076,64.114075
7.412680,96.021378,89.414574,0.983329,60.699821
7.415331,91.620178,91.167412,1.163399,64.372002
7.418066,91.249001,95.000000,1.172080,64.277657
7.420605,93.728844,93.134003,1.114291,55.522808
7.423268,97.305328,85.932449,0.895457,56.587830
7.426024,93.018188,93.649109,1.106416,62.954082
7.428662,90.763000,95.000000,1.142939,64.116951
7.431339,96.021797,95.000000,0.954268,58.852276
7.433991,94.648849,91.763138,1.019051,60.957676
7.436596,92.836334,94.977913,1.133742,63.079346
7.444186,94.771645,91.879822,1.002775,60.790421
7.446716,94.922729,91.531540,0.981720,62.275974
7.449242,93.283981,93.509995,1.087305,63.621101
7.452002,95.498405,90.587662,0.991981,60.916615
7.456424,94.073364,93.446510,0.990801,62.121075
7.462111,95.861534,90.068466,0.889962,58.792976
7.464651,93.952477,94.078529,0.996276,59.018482
7.468446,94.403305,93.136063,0.965940,61.514290
7.471040,95.504044,91.723251,0.918895,59.213165
7.473591,95.243851,90.676392,0.877242,59.668892
7.476138,94.178375,93.544060,0.946591,63.048634
7.485743,95.669464,91.239426,0.953144,62.884621
7.492332,92.658081,95.000000,0.946491,62.802753
7.494848,94.181526,94.999992,0.727997,55.226913
7.497873,97.242706,83.377655,0.627662,51.381313
7.501408,94.413696,94.092842,0.936399,62.746826
7.504474,91.425835,94.999992,0.922987,62.569241
7.506946,92.344910,95.000000,0.924646,62.451385
7.509605,95.583519,94.999992,0.826226,59.173630
7.512347,95.782417,92.708778,0.857208,60.265228
7.514982,94.190933,95.000000,0.914880,62.359776
7.519033,95.054176,89.590897,0.815784,62.283878
7.525704,94.188637,94.999985,0.895026,62.153049
7.531366,93.396454,95.000000,0.893136,62.084110
7.534019,95.450493,93.851677,0.863822,60.999001
7.536771,100.746735,80.139084,0.524447,52.615646
7.539504,91.845100,95.000000,0.890806,62.054127
7.546084,92.504791,95.000000,0.884149,61.926369
7.553010,93.927948,95.000000,0.868089,61.125526
7.555611,94.779907,95.000000,0.870338,61.814861
7.559243,94.854782,95.000000,0.864370,61.831612
7.562038,94.854782,94.999992,0.868667,61.899971
7.564610,94.854782,94.999992,0.871839,61.645538
7.567190,94.854782,94.999992,0.864754,61.627800
7.569779,94.854782,95.050774,0.847963,61.441280
7.575151,94.854782,95.061157,0.846749,61.571262
7.577626,94.854782,95.000000,0.851497,61.510826
7.582403,94.854782,94.999992,0.844897,61.282104
7.587163,94.854782,95.000008,0.835228,61.415306
7.590344,94.854782,95.000000,0.832834,61.473675
7.592966,94.854782,94.999985,0.833374,61.258961
7.595694,94.854782,95.000008,0.827287,61.191071
7.598219,94.854782,94.999985,0.825622,61.222855
7.600826,100.205597,57.530159,0.193528,29.577553
7.604713,82.130829,92.712082,0.770972,61.360470
7.607348,81.318062,95.000000,0.825534,61.296471
7.610721,90.529533,90.031487,0.694449,58.574409
7.613344,90.002747,92.376076,0.818938,61.172161
7.616077,90.015923,95.000000,0.814014,61.094845
7.618637,92.011887,90.033691,0.684438,59.754074
7.621351,90.843903,93.874756,0.709541,57.197884
7.623975,93.678261,81.783028,0.498906,48.001698
7.626613,93.841949,86.537163,0.809657,61.048149
7.629805,88.109932,95.000000,0.808069,60.981560
7.633243,88.615021,95.000000,0.791836,56.911064
7.637171,93.618027,91.144295,0.573823,58.575253
7.643156,88.141251,91.762794,0.702915,50.067944
7.650434,94.731094,90.078049,0.668079,55.876671
7.652974,86.876625,95.052612,0.783110,60.620552
7.655566,89.313850,95.000008,0.781924,60.410851
7.659603,90.571045,95.000000,0.774104,60.371525
7.662349,93.736374,94.999992,0.768489,60.360348
7.664946,97.450653,83.029503,0.581083,52.639065
7.668344,87.548111,95.000000,0.763831,60.095161
7.671695,87.222900,95.000000,0.750050,59.975319
7.674364,92.539787,95.000000,0.752793,59.982929
7.677024,92.025963,95.000000,0.758149,59.994057
7.679702,90.540558,95.000000,0.750496,59.947659
7.682334,89.121475,94.999985,0.744188,59.785877
7.684920,89.121475,94.999992,0.744231,59.762146
7.687440,89.121475,95.000008,0.737662,59.793072
7.689991,93.444695,94.999985,0.742761,59.909073
7.693077,93.444695,94.999985,0.736380,59.613094
7.695856,93.444695,95.000000,0.730765,59.532280
7.698426,93.444695,95.000000,0.725895,59.461437
7.701075,93.444695,94.999992,0.723413,59.469261
7.703839,93.444695,95.070816,0.721147,59.431030
7.708398,93.444695,95.018768,0.715266,59.311813
7.710971,93.444695,95.000000,0.717111,59.519344
7.717771,93.444695,94.999992,0.708551,59.249786
7.721735,93.444695,95.000008,0.700778,59.152473
7.724251,93.444695,95.000000,0.697702,59.095524
7.726820,93.444695,95.000008,0.691961,59.013729
7.729421,93.444695,94.999992,0.693191,58.996105
7.731979,93.444695,95.000000,0.689813,58.920002
7.735451,93.444695,94.999985,0.698053,59.138344
7.738341,93.444695,95.000000,0.697725,59.093800
7.741647,92.918625,95.000000,0.690096,58.953171
7.744222,92.918625,94.999985,0.679197,53.087074
7.751234,96.812851,89.127281,0.607304,55.517033
7.754516,91.334702,94.999985,0.677989,58.524082
7.759474,92.394341,95.000000,0.676094,58.598297
7.762515,96.533028,89.983597,0.598720,55.131149
7.766448,93.117065,94.999985,0.671237,58.395466
7.771530,92.508064,95.000015,0.668687,58.438774
7.774119,94.138954,94.999985,0.677055,58.685474
7.778747,90.731308,94.999992,0.674067,58.418034
7.781358,93.002342,94.999992,0.661433,58.238232
7.786008,93.002342,95.000000,0.654524,58.148144
7.788653,93.002342,95.000000,0.651105,58.082718
7.793125,93.002342,95.114441,0.652795,57.962769
7.795662,93.002342,94.999992,0.654300,58.087849
7.799091,93.002342,94.999985,0.652653,58.078785
7.801638,93.002342,94.999985,0.649652,57.932724
7.805726,93.002342,94.999992,0.641365,57.793690
7.808580,93.002342,94.999985,0.651451,57.985565
7.811841,93.002342,95.000000,0.654275,58.059467
7.814530,93.002342,95.000000,0.642197,57.784267
7.817811,93.002342,95.000000,0.640101,57.700680
7.820451,93.002342,94.999985,0.643824,57.818069
7.822988,93.002342,94.999992,0.645427,57.716263
7.825674,93.002342,95.123138,0.640971,57.640636
7.834041,93.002342,94.999985,0.640452,57.675671
7.836756,93.002342,95.000015,0.626225,57.377419
7.841037,93.002342,95.000000,0.626365,57.227215
7.843643,93.002342,95.000000,0.620131,57.234638
7.846676,93.002342,95.000008,0.626431,57.086651
7.852369,93.002342,94.999992,0.609646,57.083870
7.855734,93.002342,94.999985,0.613787,57.080505
7.858394,93.002342,94.999985,0.609984,57.008171
7.860968,93.002342,94.999992,0.612603,56.868053
7.863535,93.002342,94.999992,0.602250,56.820980
7.866138,93.002342,95.000000,0.601716,56.806046
7.868734,93.002342,94.999992,0.601910,56.809132
7.871689,93.002342,95.000000,0.599997,56.860718
7.875517,93.002342,94.999985,0.599870,56.894886
7.878813,93.002342,94.999992,0.607532,57.082611
7.881411,93.002342,95.000000,0.609311,56.972618
7.884013,93.002342,94.999985,0.603053,56.929760
7.886709,91.481560,94.999992,0.600526,56.841679
7.889387,91.182762,94.999985,0.599313,56.791882
7.892127,91.195793,95.000000,0.589598,56.599030
7.897073,95.138680,94.999985,0.582713,56.076118
7.902355,90.495911,95.000000,0.595210,56.736172
7.906357,90.583023,95.000000,0.595059,56.705391
7.908997,95.343262,95.000000,0.562773,55.333729
7.912299,92.806015,94.999992,0.588138,53.375111
7.915708,95.852730,91.785881,0.526681,53.438610
7.919021,95.852730,91.780823,0.520654,53.305103
7.922117,95.852730,91.752884,0.518575,53.280193
7.925366,95.852730,91.762878,0.520846,53.304333
7.928003,89.770157,94.999992,0.582454,56.524548
7.930671,89.376984,95.000000,0.580773,56.456612
7.934018,92.257462,95.000008,0.583538,56.490097
7.940840,94.003944,95.000000,0.587592,56.545681
7.943659,93.886742,95.000000,0.581434,56.454662
7.946563,91.533295,95.037231,0.575408,56.318481
7.949441,95.271912,94.999985,0.575078,56.302490
7.955074,92.073624,95.000015,0.576611,50.282837
7.959835,93.052208,88.805603,0.584200,56.337639
7.962353,89.623802,95.000000,0.574790,56.169811
7.966524,93.252167,95.000000,0.567844,56.039989
7.969261,91.332970,95.000008,0.570429,56.025471
7.973354,92.370438,95.000000,0.569553,56.095108
7.975935,92.908737,94.999985,0.568922,56.108974
7.978475,92.803749,95.000000,0.565217,56.029404
7.981386,93.518623,95.000000,0.561580,55.960564
7.984034,94.602524,95.000000,0.564650,56.021729
7.986618,92.376587,94.999985,0.563904,55.955013
7.989363,90.873779,95.000000,0.563965,55.991570
7.992011,95.818352,91.819763,0.503616,52.835564
7.994988,95.818352,91.793884,0.505797,52.917831
7.997725,95.818352,91.837280,0.499638,55.831013
8.001645,90.472160,94.999985,0.555480,55.751255
8.004506,89.904358,94.980469,0.554694,55.730637
8.007101,92.857620,95.068695,0.555546,55.674824
8.009700,91.678650,94.999977,0.558728,55.681015
8.013479,87.386765,95.000000,0.550182,55.538155
8.017037,96.913071,94.999985,0.417008,55.657368
8.021755,89.957954,94.999985,0.553713,55.666733
8.024363,88.357674,94.999985,0.551136,55.457165
8.028433,91.337502,94.999985,0.543819,55.386780
8.031003,91.300461,95.000000,0.545621,55.436600
8.035183,91.300461,94.999992,0.546484,55.574471
8.040546,94.017403,95.000008,0.549961,55.617111
8.043643,93.571213,94.999985,0.552590,55.653728
8.046365,92.355194,94.999992,0.550243,55.607056
8.049244,89.763542,94.999985,0.542169,55.420921
8.051809,94.948105,94.999985,0.545457,55.488476
8.058142,94.006836,95.000000,0.546143,55.502232
8.060648,97.453041,85.562073,0.374560,48.732342
8.063569,91.907043,88.090340,0.544914,55.555691
8.066352,89.455536,94.999992,0.549072,55.610073
8.068835,90.449005,94.999985,0.547476,55.533390
8.071361,89.623947,95.000000,0.547839,55.573193
8.074774,90.579834,95.000015,0.543939,55.536400
8.077347,90.579834,95.000000,0.547630,55.501984
8.079998,90.579834,95.000000,0.541770,55.333508
8.084178,93.900635,94.999985,0.543275,55.342667
8.087055,92.438217,93.298813,0.547109,55.384830
8.091442,89.337517,94.999992,0.540138,55.287399
8.094379,94.351089,94.999985,0.542651,55.354755
8.097062,93.421867,89.845505,0.548473,55.511948
8.100236,89.588211,95.000008,0.550706,55.382099
8.103149,92.970993,94.999985,0.544777,55.391529
8.105700,91.169403,95.000000,0.546677,55.441772
8.108256,89.519638,95.000015,0.544757,55.374298
8.110968,95.915604,92.227890,0.479358,51.823132
8.113831,90.960167,94.999985,0.548784,55.433163
8.116582,90.960167,95.000000,0.546501,55.346802
8.120657,90.960167,95.000000,0.552426,55.532230
8.123238,90.960167,95.000000,0.556477,55.445034
8.125784,90.960167,94.999992,0.548078,55.344425
8.129016,90.960167,95.000000,0.541061,55.143311
8.133374,90.960167,95.000000,0.544043,55.200794
8.137785,90.960167,95.000000,0.544856,55.201363
8.140359,90.960167,95.000000,0.541427,55.173592
8.142971,90.960167,95.000000,0.539469,55.292377
8.147358,90.960167,95.000000,0.543267,55.250275
8.150770,91.253456,95.000008,0.539970,44.630112
8.155513,87.975510,94.999985,0.538007,54.961540
8.163492,93.100159,95.000000,0.486392,52.326263
8.166095,95.325882,95.000015,0.541393,55.304749
8.168646,93.264923,94.999985,0.543649,55.309208
8.171287,90.834412,95.000000,0.537954,55.136337
8.173826,90.678841,95.000000,0.531323,54.999977
8.180109,93.980591,95.000015,0.537599,54.988712
8.183127,89.165573,94.999985,0.536156,54.874413
8.185703,90.517303,94.999992,0.527800,54.733315
8.189202,90.586975,95.000000,0.528479,54.723419
8.191778,88.673172,94.999985,0.525328,54.666927
8.194257,87.939919,94.999977,0.522376,54.537861
8.196876,91.537804,94.999992,0.432549,52.261021
8.205154,89.717720,92.406471,0.478539,54.673809
8.207733,88.084503,95.000008,0.512955,54.458157
8.212991,90.882942,94.999992,0.514638,54.412422
8.219358,89.189949,94.999977,0.509854,54.419941
8.222631,89.189949,95.000000,0.516640,54.681465
8.227359,89.189949,94.999985,0.512481,54.561985
8.229987,89.189949,94.999985,0.513072,54.457184
8.232542,89.189949,95.000008,0.509869,54.445110
8.235074,89.189949,94.999985,0.505837,54.340305
8.237696,89.189949,95.000000,0.512377,54.447353
8.240365,89.189949,94.999985,0.510837,54.301762
8.243357,91.401031,94.999992,0.504680,46.890499
8.248406,97.036690,87.308350,0.384382,47.023571
8.251003,97.036690,87.430916,0.377937,46.889046
8.254052,97.036690,87.441765,0.379667,46.863209
8.257201,97.036690,87.380951,0.383043,54.438133
8.263774,84.301819,95.000008,0.511338,54.360924
8.266357,81.753296,95.000008,0.507196,54.274075
8.268894,91.294014,95.000000,0.508699,54.355537
8.274823,87.491440,95.000000,0.505544,54.183018
8.277429,91.525032,95.000000,0.389716,54.304276
8.281770,89.690796,95.000000,0.509369,54.160473
8.285139,90.231331,94.999992,0.498706,53.985970
8.289376,89.540558,95.000000,0.497141,49.436398
8.294648,97.490082,85.731842,0.347508,54.062901
8.300583,87.451263,95.000000,0.498286,54.018345
8.303286,94.518448,94.999992,0.498734,54.084072
8.307878,89.695755,94.999992,0.496427,53.973427
8.310411,90.532150,95.000008,0.494280,53.931133
8.313041,93.052094,94.999985,0.494515,53.969044
8.315630,93.949661,94.999985,0.499614,54.099323
8.318287,91.268288,94.999985,0.496561,53.824619
8.321708,88.885017,94.999985,0.492546,53.821007
8.324367,91.283569,95.000000,0.492833,53.810902
8.327125,92.774208,92.455551,0.489416,53.927017
8.330103,88.333153,94.999985,0.488594,53.770145
8.332773,88.897362,94.999985,0.480877,53.449646
8.339181,89.156013,95.000000,0.475765,53.308224
8.344126,89.807404,95.000000,0.474875,53.219402
8.346685,88.690689,94.999985,0.473281,53.345493
8.349308,92.904068,94.999985,0.472432,53.337376
8.352028,92.666824,94.999985,0.473714,53.278927
8.357361,94.283112,94.999985,0.477343,53.351337
8.364004,88.488571,94.999992,0.478562,53.354065
8.366712,89.487312,94.999992,0.468405,53.094315
8.371993,91.089561,95.000015,0.465557,53.104687
8.374493,91.632866,95.000000,0.467146,53.100998
8.377898,93.320290,95.000000,0.467563,53.104885
8.380447,94.201683,95.000000,0.472540,53.363289
8.386525,91.443756,95.000000,0.470778,53.201286
8.389386,88.571152,95.000000,0.471775,53.171070
8.392724,93.365158,94.999985,0.467879,48.444965
8.395376,95.454659,90.045250,0.479288,53.456825
8.399484,91.027351,95.000008,0.478177,53.452679
8.402058,93.079544,95.000000,0.478611,53.376629
8.406176,91.400398,95.000000,0.470574,53.099892
8.413478,92.961456,95.000000,0.472673,53.143772
8.416489,95.141464,94.513992,0.462973,52.657459
8.419050,94.556656,95.008987,0.475792,53.277626
8.421674,90.003822,95.040268,0.469575,53.047314
8.424373,92.044632,95.000000,0.470112,53.065380
8.426969,91.200752,94.999992,0.473323,53.052036
8.429566,91.867393,95.000000,0.472490,53.040012
8.432377,91.121483,94.999985,0.456499,52.236404
8.436211,93.655685,94.999985,0.473832,53.145218
8.439234,90.798309,94.999985,0.475268,53.183846
8.441865,90.743340,95.000000,0.471238,53.103149
8.444761,91.329468,94.999985,0.473508,53.218628
8.447391,92.695847,95.111076,0.477945,53.199215
8.449936,90.948372,95.000000,0.474439,53.114044
8.452561,91.578400,94.999977,0.473480,53.064552
8.455198,89.263023,94.999992,0.475037,53.117413
8.457728,91.207657,94.999992,0.475026,53.128647
8.462159,91.435867,94.999985,0.472036,53.166088
8.469460,92.550552,95.000000,0.476897,53.178272
8.472039,89.523468,95.000008,0.471619,53.009407
8.474727,89.899361,94.999985,0.471933,52.958347
8.478773,89.807495,95.000000,0.469235,52.830170
8.481364,92.075729,95.000000,0.467393,52.830708
8.484237,91.623390,94.999985,0.462620,52.680603
8.486830,92.173508,95.000000,0.468242,52.733654
8.489850,90.577980,95.000008,0.462497,52.717625
8.492384,92.375931,95.000000,0.464216,52.599464
8.495773,92.375931,95.000000,0.459321,52.497562
8.498370,92.375931,95.000000,0.454609,52.353043
8.500992,92.375931,94.999992,0.456574,52.407360
8.503545,92.375931,95.000008,0.455517,52.235287
8.507419,90.411598,95.000008,0.449312,52.261433
8.510033,93.911522,94.999992,0.456227,52.377693
8.512734,93.391273,95.000000,0.462107,52.388767
8.515381,93.391273,94.999985,0.452389,52.283401
8.517997,93.391273,94.999985,0.454142,52.266209
8.520588,93.391273,94.999992,0.453667,52.387363
8.523174,91.677773,94.999985,0.447287,52.279156
8.529711,91.677773,94.999992,0.455952,52.430611
8.534123,91.898598,95.000000,0.451903,52.343311
8.536676,88.695168,95.000000,0.454020,52.331669
8.541033,95.106773,94.999992,0.449117,52.064747
8.543645,91.712799,94.999985,0.454878,52.472759
8.546451,89.945534,95.000000,0.454112,52.447121
8.549031,91.801529,95.000000,0.453520,52.422333
8.551645,89.199188,94.999985,0.452853,52.354343
8.555018,88.155876,95.000000,0.449765,52.227467
8.557576,91.785172,95.000000,0.449718,52.209393
8.560125,89.893829,95.000000,0.449222,52.161907
8.562669,89.057251,95.000000,0.448900,45.163612
8.568782,89.327988,94.999985,0.457040,52.492950
8.572398,87.578880,94.999992,0.450251,52.283192
8.575027,87.578880,95.000015,0.446084,52.330349
8.577628,87.578880,95.000000,0.456936,52.389652
8.580137,89.684258,95.000000,0.448812,52.277405
8.588451,95.239296,94.164551,0.435353,51.481693
8.591097,92.573860,94.999992,0.454832,52.478832
8.595194,91.675110,95.000008,0.450004,52.281929
8.598435,93.611626,95.000000,0.448552,52.259079
8.601048,90.831093,95.000000,0.455662,52.401546
8.603549,89.387756,94.999985,0.453483,52.269463
8.606653,89.764740,95.000000,0.449522,52.193367
8.609276,93.128059,94.999985,0.458489,52.344936
8.611830,91.527428,95.000008,0.457030,52.357704
8.614439,89.914642,95.000000,0.449802,52.045589
8.619629,88.968773,94.999992,0.439479,51.906864
8.622231,93.274315,94.999992,0.443506,51.985939
8.624781,90.790230,94.999985,0.448406,52.011909
8.627386,88.770851,95.000000,0.444037,51.898590
8.630009,91.908173,95.000008,0.439846,51.842339
8.632514,93.660469,94.999992,0.446241,52.007244
8.636030,88.104645,95.000000,0.444849,51.913765
8.638652,87.238449,94.999992,0.437050,51.684601
8.641241,87.238449,94.999985,0.439550,51.690044
8.644152,87.238449,94.999992,0.439427,51.668213
8.651837,89.790497,95.000000,0.435294,51.566040
8.654399,89.790497,95.000008,0.436561,51.680386
8.658505,89.494896,94.999985,0.440082,51.501747
8.662865,88.764977,94.999992,0.440704,51.814053
8.667109,89.409859,94.999985,0.438861,51.520512
8.674669,88.162270,95.000000,0.440869,51.633259
8.677676,92.966187,95.000000,0.430860,51.519215
8.680526,90.031647,95.000000,0.433410,51.511219
8.683095,95.816246,94.999992,0.391180,48.904964
8.688920,88.864731,95.000008,0.434987,51.562019
8.694380,91.192024,94.999992,0.436111,51.694164
8.698626,89.449890,94.999985,0.436845,51.624805
8.701382,92.481911,95.000000,0.432704,51.619007
8.704049,92.760643,95.000008,0.437630,51.719810
8.706667,90.642967,95.000008,0.438734,51.773205
8.709171,93.777908,95.000008,0.439552,51.785133
8.711824,91.718567,95.000000,0.438162,51.631565
8.716370,87.671135,94.999969,0.436362,51.459637
8.719105,92.990463,94.999985,0.433840,51.654076
8.723921,88.118713,94.999992,0.440486,51.570187
8.726475,88.998032,95.000008,0.435207,51.449490
8.730466,90.739128,94.999992,0.440559,51.567398
8.734069,93.489662,94.999992,0.437141,51.651615
8.737376,89.709610,95.000000,0.441704,51.626003
8.740419,92.516655,94.999985,0.437156,49.615986
8.743259,95.023041,92.876099,0.440485,51.612991
8.746729,91.314217,95.000000,0.444090,51.613216
8.749300,90.492302,94.975052,0.437459,51.620945
8.753146,94.886230,94.999992,0.439198,51.835823
8.755673,93.831657,95.000008,0.440475,51.787331
8.760215,89.777809,95.000000,0.433889,51.584396
8.762784,89.078125,95.000000,0.433600,51.584576
8.765649,93.017952,95.000000,0.439295,51.654964
8.768213,90.390480,95.000008,0.435252,51.399250
8.773977,92.260727,95.000008,0.432765,51.543873
8.785075,89.787506,94.999992,0.425634,51.326515
8.787766,91.312553,95.000008,0.428519,51.301960
8.792049,91.312553,95.000000,0.428067,51.290165
8.794650,91.312553,95.000000,0.429216,51.327591
8.797270,91.202034,95.000000,0.427478,51.377743
8.799836,90.498222,95.000000,0.429445,51.225136
8.805500,88.009827,95.000000,0.422352,51.125000
8.808074,88.202805,95.000000,0.423061,51.137268
8.810679,88.073929,95.000000,0.424513,51.100037
8.813387,88.377167,94.999985,0.417732,50.970921
8.815868,89.210930,94.780258,0.413413,50.728970
8.818402,91.845512,95.000000,0.420441,51.049728
8.821043,89.213844,94.999992,0.422588,51.037868
8.823641,85.482605,95.000000,0.416335,50.885315
8.826472,85.213470,95.000000,0.413442,50.775326
8.829072,88.454613,94.999985,0.412340,50.680542
8.831751,90.658592,95.000000,0.409814,50.720840
8.834396,89.296310,94.999992,0.411729,50.763138
8.837005,91.213486,95.000008,0.411418,50.833485
8.841712,92.201874,95.000000,0.414679,50.994354
8.844284,89.105431,94.999992,0.411007,50.873905
8.851710,91.416260,94.999985,0.409639,50.818619
8.855085,93.843292,95.000000,0.408979,51.083893
8.857597,92.994911,95.000000,0.414580,51.089203
8.860212,89.547234,95.000000,0.413932,50.999790
8.863023,92.486191,95.000008,0.413286,50.993225
8.868502,91.014359,94.999985,0.412285,51.042686
8.875782,90.651466,95.000000,0.414531,50.977825
8.878393,89.917183,94.999992,0.415275,51.078072
8.880992,90.151917,94.999985,0.411712,50.691170
8.883850,90.151917,95.000000,0.410013,50.747375
8.886399,90.151917,95.000000,0.411418,50.940884
8.888933,90.151917,94.999985,0.408149,50.727581
8.891507,90.151917,95.000000,0.410165,50.814816
8.894846,90.151917,95.000000,0.408832,50.699001
8.897430,90.151917,95.000000,0.407339,50.684788
8.900456,90.151917,94.999992,0.407534,50.568295
8.905202,90.151917,95.000008,0.403863,50.710133
8.907736,90.151917,94.999985,0.410955,50.866745
8.912465,90.151917,94.999992,0.409167,50.896191
8.915257,90.151917,94.999992,0.407924,50.731468
8.922399,90.151917,94.999992,0.410810,50.767502
8.925027,90.151917,95.000000,0.412211,50.607964
8.927648,90.151917,95.000000,0.411058,50.776073
8.930165,90.151917,95.000000,0.414646,50.916023
8.932698,90.151917,94.999985,0.409035,50.793835
8.936425,90.151917,94.999985,0.414947,50.876289
8.940670,90.151917,94.999992,0.413753,50.722874
8.943397,90.151917,95.000008,0.411426,50.698971
8.945933,90.151917,94.999985,0.413724,50.657032
8.948820,90.151917,94.999985,0.411360,50.681011
8.951602,90.151917,95.000000,0.409203,50.625473
8.954294,90.151917,95.000008,0.408569,50.499676
8.957018,90.151917,95.000000,0.400544,50.395306
8.960060,90.151917,94.999985,0.401474,50.312851
8.962623,90.151917,95.000000,0.401856,50.200928
8.967066,90.151917,95.000000,0.396093,50.336464
8.969812,89.332169,95.000000,0.400334,50.291370
8.978294,86.662056,94.999992,0.399076,50.151028
8.983205,89.428223,95.000000,0.396250,50.118210
8.985778,91.448685,94.999985,0.399370,50.259819
8.988581,93.492310,95.000000,0.402869,50.647644
8.991215,90.567253,95.000000,0.406577,50.553795
8.994188,90.567253,95.000000,0.407502,50.484962
8.996791,90.567253,95.000000,0.407025,50.482811
8.999396,90.567253,94.999992,0.404404,50.378998
9.002031,90.567253,94.999985,0.408210,50.422600
9.004635,90.567253,95.000000,0.403429,50.558537
9.008041,90.567253,94.999985,0.408174,50.691128
9.010584,90.567253,95.000000,0.412651,50.617313
9.015514,90.567253,94.999985,0.408536,50.536312
9.018219,90.567253,95.000000,0.409685,50.535160
9.020842,90.567253,94.999985,0.408644,50.555859
9.023395,90.567253,94.999977,0.411463,50.562847
9.026019,90.567253,95.000000,0.407516,50.467411
9.030091,89.301285,94.999992,0.405163,50.382019
9.032715,89.301285,94.999985,0.402773,50.267864
9.037573,89.603333,94.999985,0.400921,50.152428
9.040424,94.746513,94.959236,0.404348,50.467197
9.045668,87.137863,95.000000,0.404673,50.314693
9.050451,91.155197,94.999992,0.403116,50.296215
9.053070,90.050880,95.000000,0.404799,50.449089
9.055666,93.510780,94.999985,0.410589,50.554302
9.058386,90.696320,94.999992,0.409930,50.508446
9.064436,92.690399,94.999985,0.408337,50.562424
9.068236,89.084785,94.999992,0.406693,50.459213
9.070940,91.205681,95.000008,0.407609,50.388973
9.073680,91.421936,94.999985,0.407383,50.459843
9.076230,92.859116,95.000008,0.405795,50.382854
9.084815,88.896690,95.000000,0.400926,50.334839
9.087514,91.522018,95.000000,0.397500,50.226795
9.094879,90.589226,95.000000,0.398327,50.260563
9.101039,89.138802,95.000008,0.390272,49.937328
9.104061,89.539040,94.999992,0.392038,50.147377
9.107161,90.123642,94.999985,0.395549,50.146358
9.110050,90.367531,95.000000,0.388952,49.976311
9.112682,86.818626,94.999985,0.388805,49.909725
9.115396,91.214211,95.000008,0.392692,49.921658
9.118393,91.214211,95.000000,0.392311,50.098461
9.121562,91.214211,95.000000,0.393343,49.918037
9.126658,91.214211,95.000000,0.389436,49.891857
9.129427,91.214211,95.000000,0.394554,49.924324
9.132060,91.214211,95.000000,0.393238,49.805042
9.134710,91.214211,95.000000,0.389994,49.962109
9.137290,90.759964,95.000000,0.400653,50.089169
9.139811,90.375740,94.999985,0.399218,50.030369
9.143397,88.114677,95.000000,0.394076,49.887558
9.146048,85.327721,95.000008,0.394256,49.825642
9.149097,86.508583,95.000000,0.391568,49.995010
9.151750,92.956917,95.000000,0.395191,50.141769
9.156078,92.956917,95.000015,0.394994,50.056553
9.158664,92.956917,95.000000,0.393269,50.064667
9.163641,92.956917,95.000008,0.394811,50.013233
9.166401,92.956917,95.000000,0.392316,49.836266
9.170393,92.956917,95.000008,0.394590,50.057476
9.174614,92.956917,94.999985,0.389952,49.737892
9.178345,86.115143,94.999992,0.389402,49.644680
9.185053,86.115143,95.000015,0.389403,49.649033
9.187722,86.115143,94.999992,0.394294,49.810673
9.190386,86.115143,95.000000,0.399012,49.970131
9.193023,86.115143,95.000000,0.397203,50.036587
9.195538,90.693504,95.000008,0.399604,50.123100
9.198518,89.793320,95.000000,0.396529,49.884838
9.203715,92.408279,95.000008,0.401576,50.056675
9.206385,92.813820,94.999992,0.404133,50.179024
9.208915,89.478455,95.000000,0.402791,50.131531
9.212903,91.085129,95.000008,0.404554,50.240395
9.216061,87.214615,95.000000,0.399990,50.087677
9.220543,88.358612,95.000000,0.400540,50.033604
9.223116,87.842407,94.999992,0.404769,50.113461
9.227476,87.842407,94.999992,0.402732,50.047527
9.230404,87.842407,95.000015,0.401178,49.950874
9.234583,87.842407,94.999992,0.396968,49.851261
9.237148,87.842407,94.999985,0.394976,49.845081
9.239708,87.842407,95.000000,0.394455,49.768642
9.245001,92.143211,94.888138,0.395530,49.768955
9.247790,89.133034,94.999992,0.396119,49.790600
9.250431,89.123734,94.999985,0.392196,49.617863
9.254681,88.260406,94.999985,0.392348,49.578228
9.257391,88.260406,95.000000,0.390960,49.650513
9.260141,93.448944,95.000000,0.389483,49.652756
9.262671,92.973557,94.898903,0.392097,49.971909
9.265196,92.673828,95.000000,0.398012,49.846661
9.269931,90.417374,94.999992,0.395021,49.770142
9.272523,86.877968,94.999992,0.392923,49.660988
9.275932,89.427521,95.000000,0.389361,49.512600
9.279294,89.493835,94.999992,0.387230,49.378578
9.288180,92.209923,94.999985,0.394752,49.468552
9.295865,87.636467,94.999985,0.383209,49.406780
9.300739,94.191422,95.000000,0.386593,49.615685
9.305155,92.125969,94.999985,0.381548,49.486732
9.309670,91.712875,94.999985,0.385812,49.590340
9.312421,89.889458,94.999985,0.386200,49.674091
9.315065,89.524773,94.999985,0.385662,49.543278
9.317707,89.524773,95.000000,0.384667,49.567940
9.320400,89.524773,95.000000,0.386633,49.646252
9.323043,89.524773,94.999992,0.386716,49.619167
9.325681,89.524773,95.000000,0.386208,49.695667
9.329057,90.076866,94.999992,0.383179,49.486729
9.331775,89.976501,95.000000,0.383828,49.483192
9.334402,89.368103,94.999985,0.386995,49.588612
9.337022,90.662537,95.000000,0.386705,49.390347
9.339581,92.638756,94.999992,0.384454,49.420372
9.344176,92.638756,94.999985,0.389600,49.599155
9.346731,90.656372,94.999985,0.386153,49.431293
9.349400,90.725906,94.999992,0.386903,49.585964
9.353396,89.080597,95.000000,0.383913,49.499729
9.356107,89.080597,94.999992,0.382828,49.440182
9.362130,89.080597,94.999985,0.375850,49.296688
9.364691,89.080597,95.000000,0.376895,49.441620
9.367392,89.080597,95.000008,0.378885,49.451202
9.369990,89.080597,94.999992,0.376321,49.354790
9.372496,89.080597,94.999992,0.379762,49.392002
9.375138,89.080597,94.999992,0.381694,49.377384
9.377773,89.080597,94.999992,0.379077,49.401669
9.380608,89.080597,95.000008,0.380653,49.402027
9.383382,89.080597,95.000008,0.379400,49.424168
9.390690,89.080597,95.000015,0.376271,49.430080
9.393290,89.080597,95.000000,0.379852,49.414845
9.395907,89.080597,95.000000,0.380057,49.389259
9.398442,89.080597,95.000000,0.380814,49.480938
9.401015,89.080597,95.000000,0.380122,49.500511
9.403891,88.104485,95.000000,0.376144,49.276764
9.409776,88.248886,94.999992,0.375142,49.230316
9.412455,86.661407,94.999985,0.374250,49.359737
9.417402,87.098740,95.000008,0.373354,49.046638
9.421433,84.617149,94.999992,0.364148,48.960621
9.424409,87.238876,94.999977,0.363043,48.863285
9.427673,88.875542,95.000000,0.362960,48.801811
9.430794,88.875542,95.000000,0.364219,48.760551
9.434242,88.875542,95.000000,0.365164,48.782597
9.437248,88.875542,94.999985,0.364363,48.843266
9.440513,88.875542,94.999985,0.365568,48.786617
9.443095,88.875542,94.936890,0.366270,48.824711
9.445784,88.875542,95.000000,0.364437,48.932785
9.448538,88.875542,95.000000,0.369397,49.030342
9.451459,88.875542,95.000000,0.369199,48.973858
9.454309,88.875542,95.000008,0.369201,48.992054
9.456941,89.594948,95.000000,0.372515,49.064667
9.459491,88.472717,95.000000,0.372296,49.074631
9.462661,94.499573,95.000000,0.373142,49.213173
9.465242,92.840622,94.999992,0.376754,49.396896
9.467781,90.118172,94.999992,0.377385,49.267395
9.472414,88.372368,94.999992,0.377646,49.265488
9.477672,93.928902,94.999992,0.377468,49.220535
9.480838,86.233582,95.000000,0.376328,49.205185
9.484444,86.574310,94.999992,0.369562,48.899574
9.496255,93.303612,94.999985,0.372735,49.240143
9.501241,91.647179,95.000000,0.374821,49.130882
9.504072,86.819641,94.999992,0.375563,49.095764
9.507634,90.819611,95.000000,0.375738,49.092510
9.510610,94.168083,95.017334,0.380966,49.261791
9.514052,86.283226,94.973953,0.383552,49.301468
9.516718,88.095528,94.999992,0.378968,49.226334
9.519392,93.368668,94.999985,0.387094,49.386475
9.527771,87.546738,95.000000,0.381362,49.177227
9.530386,87.999268,94.999985,0.380686,49.237183
9.534469,91.308876,95.000000,0.380814,49.208931
9.538027,88.539810,95.000000,0.377117,49.232925
9.542130,95.442093,93.588409,0.360417,48.113834
9.544719,90.287140,95.000000,0.377880,49.231411
9.549067,89.745621,94.999985,0.377104,49.226452
9.551991,86.108253,95.000000,0.376997,49.148777
9.554605,86.315727,95.000000,0.374785,49.012875
9.557218,86.315727,94.999985,0.377056,49.077911
9.560257,86.315727,95.000000,0.376006,49.036362
9.563419,86.315727,95.000000,0.374104,48.937664
9.570324,86.315727,95.000000,0.366085,48.649147
9.575196,86.315727,95.000000,0.363949,48.479923
9.578431,86.315727,95.000000,0.360784,48.358856
9.581059,86.315727,95.034660,0.363590,48.644974
9.583707,86.315727,95.000000,0.372097,48.848541
9.586311,86.315727,94.999985,0.369906,48.816456
9.588845,86.315727,95.000000,0.368000,48.592930
9.596212,94.293663,94.934662,0.366793,48.940197
9.599418,90.833748,95.000000,0.375588,48.909466
9.603814,89.853706,95.000000,0.370444,48.973083
9.606394,85.028725,95.000000,0.369840,48.879383
9.609008,89.238312,95.000000,0.368744,48.867035
9.612033,90.482361,95.000000,0.369673,48.985588
9.614687,89.845856,94.991226,0.372673,49.094929
9.617397,90.715645,95.000000,0.371926,49.060341
9.620205,88.665375,95.000008,0.370943,48.987560
9.622801,85.160973,95.033684,0.372029,48.897057
9.625486,88.300583,94.999985,0.364049,48.818142
9.628152,87.030861,94.999992,0.364498,48.746876
9.630680,86.784523,95.000008,0.363931,48.537086
9.633401,89.239388,95.000000,0.363940,48.558773
9.636037,91.856697,95.000000,0.367222,48.760273
9.638694,92.710922,94.999992,0.366866,48.821564
9.641336,90.251526,95.000000,0.368124,48.787365
9.644164,89.786545,94.999992,0.372973,48.978935
9.646706,89.254196,95.000000,0.372197,48.937599
9.649404,90.207214,95.000000,0.370242,48.899818
9.652140,87.420807,95.000000,0.373470,48.914539
9.654743,88.577484,94.999992,0.370446,48.856316
9.657405,90.478653,94.999985,0.373988,49.226433
9.661445,87.791740,95.000008,0.376565,49.116219
9.664146,89.732178,94.999985,0.373818,48.998154
9.668488,89.733322,94.999985,0.376145,49.100117
9.671201,91.941269,95.000015,0.374136,49.040070
9.675419,88.355774,94.999985,0.377914,49.037971
9.678268,88.760162,95.000000,0.375771,49.028961
9.681079,91.268593,94.999992,0.374557,48.920235
9.686278,86.565193,95.000000,0.368865,48.767242
9.688932,90.075111,94.999985,0.368705,48.741112
9.691711,88.562607,94.999985,0.363643,48.674397
9.696981,85.958710,94.999985,0.361550,48.485699
9.702027,89.349037,94.999985,0.360785,48.530804
9.704728,89.139420,94.983185,0.363208,48.657032
9.711295,90.123878,95.000000,0.367934,48.741070
9.714241,89.509216,95.000000,0.372586,48.842365
9.716766,87.265045,95.000008,0.366268,48.544632
9.719509,86.634018,95.000008,0.361445,48.495037
9.723671,87.469139,95.100723,0.360503,48.378147
9.726402,91.716751,95.000008,0.368315,48.652241
9.734304,89.454727,95.000000,0.368807,48.654728
9.739230,88.461533,95.000000,0.368425,48.579082
9.741774,91.553314,95.000000,0.371988,48.676117
9.744266,90.379784,94.999985,0.372996,48.698555
9.746911,86.261948,95.000000,0.372146,48.657349
9.749430,88.865036,94.999985,0.372110,48.643051
9.752705,89.385658,95.000000,0.373220,48.711922
9.755848,89.966919,95.000000,0.368035,48.792431
9.758518,90.236588,95.000000,0.369276,48.777107
9.761147,91.010590,94.999992,0.372214,48.781956
9.764447,88.182281,94.999992,0.372555,48.861465
9.767042,87.023109,95.000000,0.369356,48.747906
9.769616,85.880951,94.999985,0.372560,48.687450
9.772189,85.880951,94.999985,0.369068,48.647762
9.775592,85.880951,94.999992,0.366630,48.772861
9.785493,85.497574,95.000015,0.373216,48.668358
9.788124,87.887627,95.000000,0.369054,48.585949
9.792585,89.833160,95.000000,0.375308,48.849144
9.802321,90.839333,94.999992,0.372893,48.869320
9.808950,90.839333,95.000000,0.370910,48.782825
9.811533,90.839333,95.000000,0.372211,48.832039
9.814145,90.839333,95.000008,0.370237,48.780807
9.816892,90.839333,94.999985,0.369174,48.778656
9.819570,89.018433,95.000000,0.370899,48.753391
9.822444,89.018433,95.000000,0.370409,48.837395
9.825304,89.018433,95.000000,0.370216,48.648476
9.830843,89.018433,94.999985,0.365684,48.685585
9.833405,89.018433,95.000000,0.369327,48.717972
9.836065,89.018433,95.000000,0.365017,48.603260
9.838680,89.018433,95.000000,0.365752,48.759159
9.841193,89.018433,95.000008,0.371036,48.888023
9.843766,89.018433,95.000000,0.367131,48.872540
9.848293,89.018433,94.999985,0.369061,48.663929
9.851293,88.840073,94.999985,0.368757,48.707802
9.856619,91.547142,94.999992,0.369076,48.737564
9.859287,88.586472,94.999985,0.367754,48.672310
9.861838,88.807220,94.999985,0.369234,48.699753
9.864397,87.457451,94.999985,0.368003,48.516510
9.867408,85.356262,95.000000,0.357732,48.343658
9.872972,88.022835,94.999985,0.352260,48.148434
9.876851,86.529015,95.000000,0.354782,48.326328
9.879447,87.698769,95.000000,0.353673,48.205448
9.882053,86.570480,94.999985,0.351256,48.092236
9.884744,87.481354,94.999992,0.354912,48.159374
9.887413,89.391312,95.000000,0.356482,48.294842
9.890024,89.251068,94.999985,0.357582,48.317657
9.895827,90.657310,95.000000,0.352585,48.146328
9.898414,87.540291,94.999992,0.354285,48.215397
9.900937,83.241142,94.999985,0.355141,48.070759
9.903490,92.442841,95.000000,0.348777,48.099049
9.906432,92.507401,95.000000,0.352954,48.356449
9.911221,87.922623,94.999985,0.356073,48.341995
9.913879,88.225014,95.000000,0.357721,48.338432
9.918941,89.216751,94.999985,0.355789,48.260506
9.922060,89.820084,94.999985,0.352569,48.339855
9.926111,89.767975,95.000000,0.352801,48.411175
9.928879,89.086884,94.999985,0.355154,48.421478
9.931460,87.400406,94.999985,0.355304,48.354374
9.934039,86.304886,95.000000,0.354275,48.328083
9.936610,87.067070,95.000000,0.350913,48.185902
9.939286,90.139709,95.000000,0.356278,48.341946
9.945079,89.819550,94.999985,0.353905,48.270428
9.947697,90.329468,94.999985,0.355847,48.330666
9.950644,90.329468,95.000000,0.357358,48.457409
9.953918,90.329468,95.000008,0.355500,48.350666
9.957151,90.329468,95.000008,0.350654,48.065102
9.959799,90.201263,95.000015,0.353046,48.113258
9.965730,90.201263,95.000015,0.351784,48.095531
9.968306,90.201263,95.000000,0.355280,48.240532
9.970890,90.201263,94.999992,0.357966,48.394238
9.975304,88.258980,95.000008,0.358589,48.323418
9.977886,88.258980,95.000000,0.357288,48.326542
9.982445,88.258980,94.999985,0.358819,48.359558
9.985421,87.443794,95.000000,0.358150,48.325268
9.989135,90.077805,95.000008,0.358873,48.428196
9.993654,90.256592,95.000000,0.356882,48.438965
9.996463,85.861801,95.000000,0.354186,48.348469
10.002167,88.320679,95.000000,0.358598,48.429951
10.005838,88.277290,94.999992,0.359217,48.354542
10.008534,85.586082,95.000000,0.353866,48.146717
10.014419,86.792656,95.000000,0.355661,48.045902
10.017121,83.967865,94.999992,0.344406,47.847633
10.020462,87.219620,94.999992,0.345757,47.804661
10.023525,84.985580,95.000000,0.343888,47.748501
10.027735,89.063011,95.000000,0.345813,47.754906
10.031061,87.191971,95.000000,0.348516,47.836254
10.034603,89.093628,95.000000,0.350775,47.947227
10.040990,84.197388,95.000000,0.351624,47.959045
10.045453,91.184868,94.999985,0.353576,48.140659
10.048757,87.942184,95.000000,0.355760,48.246532
10.053475,89.251961,94.999985,0.360075,48.354176
10.056451,88.526878,95.000008,0.358508,48.319584
10.060055,89.182640,95.000000,0.361834,48.313229
10.062742,87.444527,95.000008,0.358828,48.218758
10.065757,89.450035,95.000008,0.358741,48.214272
10.068883,89.959129,95.000000,0.361595,48.393654
10.071442,89.328949,94.999985,0.362373,48.364605
10.073972,92.266281,94.999992,0.360253,48.308014
10.076538,89.194702,95.000000,0.362710,48.503906
10.079142,87.969650,95.000000,0.366740,48.504631
10.081645,86.941460,94.999985,0.363254,48.507164
10.087454,88.314911,94.999992,0.365305,48.481827
10.090040,88.611237,95.000000,0.360454,48.321522
10.092799,88.229111,94.999985,0.359690,48.309086
10.095789,91.349350,95.000000,0.360639,48.371777
10.100363,91.647835,94.999992,0.365841,48.493282
10.110046,91.647835,94.999992,0.361877,48.412312
10.112822,91.791328,95.000000,0.360037,48.510017
10.115409,89.022385,95.000000,0.368944,48.618523
10.117868,88.833961,95.000000,0.364271,48.526024
10.120488,90.360649,94.999992,0.359769,48.484848
10.123505,87.220459,95.000000,0.363031,48.418736
10.126049,88.641357,95.000000,0.360959,48.331142
10.131350,87.280060,95.000000,0.361679,48.285919
10.134056,87.677505,95.000008,0.355648,48.189480
10.136628,89.264359,95.000000,0.351517,48.051815
10.139292,87.941467,95.000008,0.354864,48.098248
10.141885,91.170235,95.000000,0.347758,48.099876
10.144820,91.248215,95.000000,0.349774,48.212841
10.147792,85.188408,94.999992,0.349196,48.098896
10.150621,86.588936,95.000000,0.346910,48.004276
10.153660,86.765465,94.999985,0.350601,48.035774
10.157290,88.290298,95.000000,0.346034,47.928753
10.160773,86.927811,95.000008,0.350800,47.921761
10.165317,93.532265,95.000008,0.351062,48.210140
10.171122,84.619522,95.000000,0.357162,48.053200
10.173663,86.445671,95.000000,0.348421,48.101036
10.177108,85.705353,94.999992,0.353786,48.051704
10.179703,88.231003,94.999992,0.352702,48.051918
10.182279,90.063484,94.999992,0.355922,48.253193
10.185579,84.785583,95.000008,0.353452,48.068363
10.192575,86.751259,94.999992,0.353359,48.076057
10.197663,89.137138,95.000000,0.353115,48.005585
10.202018,89.137138,94.999985,0.355300,47.891529
10.207923,89.137138,95.000000,0.352035,48.022800
10.211313,89.137138,94.999992,0.351347,47.910950
10.214115,89.137138,95.000000,0.350280,48.024708
10.217110,89.137138,95.000008,0.351124,48.023380
10.220288,89.137138,95.000008,0.354428,48.091507
10.226193,89.137138,95.000000,0.351982,47.993176
10.230435,89.137138,94.999992,0.359809,48.065739
10.236952,89.137138,94.999992,0.356724,48.116535
10.246415,89.137138,94.999985,0.358350,48.211632
10.249294,89.137138,94.948776,0.357406,48.257122
10.251840,89.137138,95.000008,0.356843,48.225834
10.256408,89.137138,94.999985,0.358992,48.380013
10.263187,89.605225,95.000000,0.363949,48.380932
10.266288,87.679077,95.000000,0.363150,48.257259
10.269269,87.358810,94.999992,0.362870,48.195896
10.271909,88.844566,95.000008,0.359151,48.207001
10.274464,90.882515,94.999992,0.359136,48.291412
10.277068,86.671471,94.999985,0.362737,48.090897
10.279887,87.378784,94.999985,0.359204,48.091335
10.282455,89.130798,94.999992,0.356543,48.100460
10.285087,86.414200,94.999992,0.358923,47.980576
10.289237,88.764481,94.999992,0.354635,48.036270
10.291882,89.929703,94.999992,0.358435,48.173161
10.294442,84.916046,94.999992,0.353321,47.946846
10.299042,84.104614,95.000000,0.355441,47.930077
10.303479,85.060287,95.000000,0.354118,47.936062
10.306039,84.081940,95.000000,0.354563,47.817478
10.311811,84.081940,94.999992,0.352665,47.990208
10.315456,89.862785,94.983162,0.361880,48.349941
10.318042,89.862785,95.000000,0.360344,48.259918
10.321053,86.700310,95.000000,0.355118,48.031719
10.323721,88.364708,95.000000,0.360833,48.278118
10.327316,89.752159,95.000000,0.356765,48.144787
10.329857,87.078857,95.000008,0.357415,48.049099
10.332676,88.392395,95.000008,0.359061,48.078335
10.335417,88.556374,94.999992,0.353484,48.096725
10.337910,87.566444,95.000000,0.356862,48.061119
10.340626,85.002289,95.000000,0.349174,47.759251
10.344081,89.698891,95.000008,0.350616,47.883011
10.347725,85.607185,95.000008,0.351853,47.810532
10.350425,88.716133,95.000000,0.348468,47.644196
10.354304,91.911667,95.000000,0.350886,47.773144
10.356839,88.134781,95.000000,0.349084,47.854328
10.362421,88.028816,94.999992,0.349785,48.000896
10.365286,90.028969,95.000008,0.355315,48.149902
10.368829,88.617310,95.000000,0.353688,47.964115
10.371820,86.232697,95.000000,0.354046,47.940559
10.374725,88.553741,95.000000,0.352826,48.221249
10.377678,92.102219,95.000000,0.358780,48.273277
10.380779,89.271011,94.999985,0.356383,48.113338
10.383422,87.372963,95.000000,0.357473,48.118752
10.386204,89.825310,95.000000,0.359182,48.168434
10.388706,89.825310,95.000008,0.357710,48.026733
10.391236,86.733627,94.999985,0.353513,47.944077
10.393804,86.733627,95.000000,0.355451,47.952599
10.396472,87.739693,95.000000,0.351744,47.912437
10.399312,85.899513,95.000008,0.347648,47.795002
10.402144,84.262306,94.999992,0.348255,47.688141
10.404694,83.965668,94.999985,0.344398,47.524166
10.407446,87.173294,95.000000,0.346101,47.697510
10.416182,86.915863,95.000015,0.343839,47.674213
10.418999,92.453178,94.999985,0.343832,47.926781
10.423203,87.012817,94.953003,0.350208,47.900093
10.425800,85.530411,95.000008,0.344701,47.860832
10.431475,87.260330,94.999992,0.347740,47.902550
10.434517,87.260330,94.999985,0.347089,47.869022
10.437047,87.260330,94.999992,0.348774,48.089397
10.440669,87.260330,95.000008,0.348641,48.121098
10.443275,87.260330,95.000000,0.344875,47.981796
10.445857,87.260330,94.999992,0.343603,47.903248
10.448434,87.260330,95.000000,0.342716,47.852310
10.451089,87.260330,95.000000,0.343262,47.752769
10.453677,87.260330,95.000000,0.340583,47.632587
10.456478,87.260330,94.999992,0.340822,47.597530
10.459706,87.260330,95.000008,0.338228,47.521488
10.462427,87.260330,94.999985,0.337184,47.450359
10.465054,84.565269,94.999985,0.334496,47.405018
10.467795,84.565269,95.000000,0.336753,47.426758
10.470882,84.565269,95.000000,0.340822,47.412411
10.473443,84.565269,95.000000,0.336889,47.403561
10.480564,84.565269,95.000008,0.336004,47.335808
10.483113,84.565269,95.000000,0.339104,47.474144
10.487541,84.565269,95.000000,0.341802,47.529881
10.490990,84.565269,95.008469,0.341654,47.515465
10.493733,84.565269,95.000008,0.342923,47.536255
10.496756,84.565269,94.999992,0.341352,47.556442
10.499423,84.565269,95.000000,0.344839,47.508717
10.501992,84.565269,95.000008,0.343370,47.442421
10.504454,84.565269,94.999992,0.344868,47.558678
10.507067,84.565269,95.000000,0.349193,47.991856
10.509711,84.565269,94.999992,0.351592,47.795494
10.516138,84.565269,94.999985,0.350918,47.870369
10.518959,84.565269,94.999985,0.352040,47.723068
10.521672,84.565269,94.999985,0.347969,47.681686
10.524304,84.565269,95.000000,0.348908,47.772945
10.526805,84.565269,95.000000,0.345328,47.793140
10.533606,84.565269,95.000000,0.348563,47.867786
10.536208,84.565269,94.999992,0.349783,47.840767
10.538816,84.565269,95.000015,0.348378,47.685009
10.543448,84.565269,94.999992,0.352875,47.863548
10.546513,84.565269,95.000000,0.351785,47.802273
10.550762,84.565269,95.000000,0.347849,47.909821
10.553432,85.750519,95.000008,0.357820,47.911175
10.557433,88.635399,95.000000,0.350212,47.783333
10.560750,85.473366,95.000008,0.352635,47.837215
10.563724,88.528152,95.000015,0.355572,47.894543
10.566444,91.173004,95.000000,0.356862,47.906448
10.569002,88.797302,94.999992,0.359249,48.030090
10.571734,86.281052,94.999992,0.357572,47.984592
10.574333,89.146576,94.999992,0.360732,47.979568
10.576937,85.356812,95.000008,0.359286,47.852947
10.580074,89.963432,95.000000,0.353539,47.926270
10.583114,89.377121,94.999992,0.356381,47.951843
10.585731,87.235649,94.970146,0.355920,47.778839
10.589687,87.029839,94.999992,0.355308,47.885006
10.595630,85.679939,94.999985,0.346155,47.746761
10.598260,86.135033,94.999985,0.348641,47.710434
10.600849,85.129120,95.000000,0.349418,47.787296
10.605496,87.290001,95.000000,0.351758,47.767090
10.608111,84.048241,95.000000,0.348612,47.591145
10.612159,88.165749,95.000000,0.350791,47.772167
10.617896,87.858795,95.000000,0.347790,47.560574
10.621612,87.858795,94.999992,0.349449,47.597355
10.625055,87.858795,94.999985,0.345188,47.464485
10.628507,87.858795,95.000000,0.347245,47.515633
10.632161,87.858795,95.000008,0.352013,47.791271
10.635288,87.858795,95.000000,0.350610,47.652195
10.639446,87.858795,95.000000,0.347205,47.543846
10.642736,87.858795,95.000000,0.346809,47.793644
10.646160,87.858795,95.000000,0.349074,47.606720
10.650196,87.858795,95.000008,0.350739,47.579136
10.652746,90.320724,94.999985,0.351712,47.764278
10.656908,89.173767,95.000015,0.350553,47.662361
10.662824,85.944061,94.999992,0.348823,47.615410
10.667430,85.944061,94.918922,0.349833,47.742195
10.670188,87.839966,94.999985,0.346765,47.716545
10.675157,87.566986,95.000000,0.349865,47.719868
10.677680,87.566986,94.999992,0.348250,47.646465
10.681467,87.566986,95.000000,0.346632,47.600792
10.684281,87.566986,94.999985,0.347949,47.588413
10.687224,87.566986,95.000000,0.347240,47.649090
10.689723,87.566986,94.928192,0.347798,47.683033
10.692464,87.566986,95.000000,0.351206,47.673164
10.694955,87.566986,94.999985,0.350308,47.948681
10.697756,87.566986,95.000000,0.354882,48.056438
10.700779,87.830063,95.000000,0.349918,47.907349
10.705438,86.753517,94.999992,0.353638,48.027126
10.711277,89.968864,94.999992,0.351878,48.006279
10.713838,88.649582,95.000000,0.355599,47.942192
10.720446,85.739594,95.000008,0.345832,47.713661
10.726900,88.172562,94.999985,0.347261,47.660885
10.733713,84.937981,95.000000,0.341461,47.441948
10.738044,86.966537,95.000008,0.339873,47.506691
10.742558,86.911247,95.000000,0.337902,47.287830
10.746467,86.911247,95.000000,0.340830,47.521198
10.749883,86.911247,94.999985,0.342338,47.674114
10.755766,86.216995,94.999985,0.343395,47.498631
10.758357,89.852142,95.000000,0.345042,47.727814
10.762583,90.983231,95.000000,0.347005,47.802502
10.765129,90.719734,95.000000,0.347038,47.771450
10.767734,87.601868,95.000008,0.350229,47.809265
10.770452,87.957977,94.999985,0.349417,47.812511
10.772955,89.061234,95.030067,0.347420,47.771202
10.775865,85.895866,95.000000,0.348010,47.606045
10.780742,86.827873,95.000008,0.348191,47.729568
10.783516,86.502472,95.000000,0.349544,47.584656
10.786182,87.378990,95.000000,0.347263,47.485847
10.788769,87.475174,95.000000,0.349725,47.657017
10.793355,88.356888,95.000000,0.346624,47.523972
10.795925,84.934090,94.999992,0.346264,47.406075
10.801336,92.893654,95.000000,0.347031,47.615429
10.804481,88.428856,95.000000,0.350384,47.549210
10.808491,88.563293,94.999985,0.348880,47.745209
10.811807,93.876404,94.999992,0.353375,48.001522
10.814433,89.929283,95.000000,0.352482,47.921185
10.817150,87.825539,95.000008,0.355308,47.927887
10.823013,87.835281,95.000008,0.353948,47.997631
10.826272,89.234116,95.000000,0.356685,47.983181
10.828828,87.762665,95.000008,0.357568,48.010250
10.831435,88.639977,94.999985,0.355782,47.997520
10.834093,89.035194,95.000000,0.354513,47.948284
10.836731,86.568642,94.999992,0.353621,47.811363
10.839235,85.691551,94.999985,0.352545,47.742359
10.841916,85.091919,95.000000,0.349413,47.569267
10.844467,85.954071,94.966087,0.348659,47.661297
10.847181,88.145493,95.097580,0.343240,47.558285
10.849761,89.350060,95.000000,0.348317,47.615997
10.852443,87.406013,94.999992,0.347222,47.740650
10.856492,90.005554,94.999992,0.349896,47.925190
10.860940,86.412201,95.000000,0.345360,47.647663
10.865513,86.603050,95.000000,0.348688,47.727600
10.868632,86.604454,95.000000,0.348899,47.608471
10.871224,91.620506,94.999992,0.345871,47.706226
10.873723,89.511734,94.999985,0.350205,47.859913
10.876442,86.568604,95.000000,0.352825,47.940289
10.879345,86.056244,94.999992,0.347500,47.777885
10.882072,86.081261,95.000000,0.349897,47.738445
10.884679,86.064453,94.999992,0.344483,47.636600
10.889706,87.705963,94.999985,0.340645,47.542076
10.898511,86.294586,95.000000,0.347197,47.562382
10.901221,86.294586,94.999985,0.339022,47.486267
10.903759,86.294586,95.000000,0.343507,47.558208
10.907170,86.294586,94.999992,0.339170,47.460552
10.909773,83.931564,94.999985,0.338873,47.405724
10.912902,86.732086,95.000000,0.337740,47.305416
10.919510,88.287766,95.000000,0.337972,47.247097
10.927127,89.096718,95.000000,0.335998,47.264179
10.929801,88.131943,95.000000,0.337837,47.325195
10.934134,87.385681,94.999985,0.337955,47.325848
10.936691,85.655243,94.999992,0.336033,47.393219
10.943229,88.792587,95.000000,0.341376,47.401772
10.945902,88.154587,95.000000,0.338065,47.406658
10.948459,88.188759,95.000000,0.335972,47.435780
10.951011,88.372200,95.000015,0.339737,47.406895
10.953682,88.594574,94.999992,0.335252,47.424858
10.956286,88.777229,94.999985,0.338054,47.462803
10.959007,89.377525,94.999992,0.339724,47.560883
10.961766,90.084419,95.000000,0.338560,47.631737
10.964597,92.246567,94.999985,0.341440,47.696796
10.967201,89.462524,94.999992,0.340266,47.626938
10.969700,88.330109,94.999985,0.340710,47.607479
10.972275,87.994347,95.000000,0.343297,47.577930
10.974837,87.744675,94.999985,0.338816,47.471008
10.978329,87.744675,94.999992,0.339950,47.409065
10.982842,89.001480,95.000000,0.338747,47.562145
10.991464,87.360657,95.000000,0.337992,47.434422
10.994113,86.193756,95.000000,0.337232,47.380783
10.997964,91.232880,94.999985,0.338579,47.400433
11.000923,88.585846,94.999992,0.337753,47.435905
11.004167,85.046974,95.000000,0.342285,47.489246
11.006686,88.356171,94.999992,0.341650,47.364601
11.011881,86.821312,94.999985,0.345166,47.417141
11.014530,91.100769,95.000015,0.344831,47.613853
11.017169,90.640411,95.000000,0.347871,47.660213
11.019735,86.630127,95.000000,0.349640,47.664394
11.022329,86.835495,94.999992,0.346566,47.648907
11.028330,87.129883,95.000008,0.343347,47.514248
11.031447,88.300079,95.000000,0.344770,47.535450
11.034059,85.355118,94.991714,0.343175,47.472355
11.036926,87.892548,95.000000,0.340301,47.424110
11.039448,88.088608,94.999992,0.341906,47.457680
11.042121,84.874367,95.000008,0.339660,47.271824
11.046563,87.343819,95.000000,0.340425,47.323498
11.049083,88.614212,95.000000,0.343246,47.293869
11.053118,85.611618,95.000015,0.342031,47.254448
11.055739,86.580246,95.000000,0.343130,47.258129
11.059824,87.939987,95.000000,0.344684,47.366070
11.063522,87.209641,95.000015,0.343234,47.221264
11.066161,85.395538,95.000000,0.346235,47.272621
11.069083,87.266373,95.000000,0.342996,47.221497
11.071733,87.846245,94.999992,0.347228,47.288002
11.074327,86.568298,95.000000,0.342884,47.188148
11.076934,86.568298,95.000000,0.349976,47.393929
11.083022,86.568298,95.139198,0.349267,47.207588
11.085629,87.816071,95.000000,0.348215,47.201256
11.088261,87.816071,95.000000,0.352707,47.393978
11.091172,87.816071,95.000000,0.351486,47.397312
11.094074,90.154579,95.000000,0.355091,47.399776
11.097080,88.468521,95.000000,0.352776,47.499409
11.099615,89.936905,94.999985,0.357700,47.612644
11.102119,89.936905,94.999985,0.358238,47.613552
11.104744,89.936905,95.000008,0.357162,47.431213
11.109766,89.936905,95.000000,0.360556,47.602486
11.112764,89.936905,94.999992,0.355335,47.586658
11.116824,89.936905,95.000000,0.358474,47.682621
11.119440,89.936905,95.000008,0.357995,47.688473
11.122062,89.936905,95.000000,0.356809,47.664276
11.131443,90.478668,95.000000,0.360940,47.737080
11.133992,88.881180,95.000000,0.359786,47.760490
11.137018,86.886002,95.000000,0.355667,47.614613
11.140820,86.831863,95.000008,0.352694,47.542725
11.148165,87.271667,94.999992,0.353913,47.535686
11.152571,86.394272,94.999992,0.353981,47.595276
11.159226,85.966301,94.999992,0.350930,47.535515
11.161817,90.587494,94.999992,0.349931,47.611401
11.164855,88.097664,94.999992,0.353002,47.462097
11.167605,84.611404,95.000000,0.346967,47.325512
11.174110,85.572845,95.000000,0.345443,47.137177
11.178666,85.572845,94.999992,0.344757,47.171440
11.181230,88.880295,95.000008,0.340529,47.231686
11.184441,90.528816,95.000000,0.344127,47.390469
11.187857,85.300652,95.000000,0.341961,47.367290
11.190702,87.604805,95.000000,0.340167,47.280071
11.193497,88.906273,94.999992,0.344799,47.453274
11.199320,89.502220,95.000008,0.343539,47.384071
11.202170,86.893761,94.999992,0.347714,47.434906
11.204732,89.338303,94.999985,0.343338,47.392876
11.208120,88.073364,94.999992,0.348044,47.478806
11.210711,85.649658,94.999985,0.345812,47.331223
11.213447,89.903061,95.000000,0.345704,47.395500
11.215964,87.481125,95.000000,0.345799,47.403854
11.218556,85.258469,95.000000,0.344571,47.325535
11.221120,88.271713,94.999992,0.343405,47.291969
11.223671,87.724426,94.999992,0.343566,47.295292
11.226199,84.677750,94.999985,0.340753,47.152290
11.231883,87.131393,94.999985,0.343432,47.291534
11.236347,89.062988,94.999992,0.341495,47.202450
11.239255,84.042526,95.000000,0.342441,47.222321
11.245084,86.156036,95.000000,0.339477,47.172348
11.248502,88.145287,95.000000,0.343423,47.247307
11.251064,87.609222,95.000008,0.338884,47.301414
11.253612,88.372406,95.000015,0.343788,47.321873
11.256190,88.372406,95.000000,0.342978,47.374554
11.258756,87.764252,95.000000,0.342095,47.377441
11.261338,87.764252,94.999992,0.344719,47.449921
11.268921,87.764252,95.000000,0.346166,47.478779
11.274000,87.764252,94.999985,0.341201,47.351082
11.276577,87.764252,94.999992,0.345289,47.395428
11.279144,87.764252,95.000000,0.346477,47.388584
11.281863,87.764252,95.000000,0.343724,47.298832
11.285445,87.764252,94.999985,0.343555,47.359226
11.290737,87.764252,95.000000,0.344491,47.421600
11.293447,87.764252,95.000008,0.344265,47.395813
11.297511,87.764252,94.999985,0.343687,47.374065
11.301573,87.764252,95.000000,0.345528,47.417477
11.306180,87.764252,95.000000,0.341908,47.369545
11.314106,87.518456,94.999985,0.342096,47.334782
11.316788,84.963791,95.000015,0.343397,47.289505
11.319459,85.529503,95.000000,0.337897,47.157681
11.322018,89.088882,94.999992,0.345427,47.330078
11.325942,87.153778,94.999992,0.344315,47.430103
11.328491,88.443298,94.999985,0.340949,47.341640
11.335045,87.009712,94.999992,0.342845,47.298962
11.337630,90.348358,95.000000,0.344317,47.326092
11.340129,86.469421,95.000000,0.342821,47.373577
11.342794,89.587418,95.000000,0.342702,47.404850
11.345342,88.080742,95.000000,0.345323,47.461403
11.347910,86.836311,95.000008,0.344479,47.388786
11.350513,88.641663,94.999985,0.344137,47.334156
11.353595,89.109718,94.999992,0.344792,47.389751
11.360226,87.506142,95.000000,0.342079,47.424484
11.362880,84.634346,94.999992,0.341067,47.305080
11.368238,85.550316,95.000000,0.338300,47.239819
11.370864,82.972786,95.000000,0.335647,47.023388
11.373838,84.313126,94.999985,0.337626,47.017994
11.378682,86.082596,94.999985,0.339910,47.160446
11.382459,89.596603,95.000000,0.337044,47.138832
11.385469,85.882812,95.000000,0.339104,47.005947
11.390098,89.505798,95.000000,0.341474,47.126785
11.393450,88.605103,95.000015,0.343107,47.260288
11.396702,93.167587,95.000000,0.338730,47.393532
11.399343,89.916580,95.000000,0.349131,47.518864
11.401965,87.203476,95.000000,0.343090,47.401268
11.407195,87.875854,94.999992,0.345652,47.299870
11.409876,86.795334,94.999992,0.343914,47.311413
11.412532,86.895073,95.000000,0.346900,47.396469
11.415131,86.922623,94.999992,0.347113,47.297581
11.417718,89.180450,94.999985,0.339731,47.305347
11.420447,86.889954,94.999992,0.338931,47.256691
11.424705,85.591080,95.000000,0.333959,46.968521
11.431103,86.176743,94.999985,0.330069,46.844414
11.438946,90.333267,94.999985,0.331176,47.105499
11.441539,89.951271,95.000000,0.329643,47.141148
11.444133,85.368393,95.000000,0.328055,47.009838
11.446843,83.566772,95.000000,0.328334,46.900265
11.452799,88.319061,95.000000,0.330595,47.188869
11.455465,91.189552,95.000015,0.330768,47.235214
11.458785,88.524712,94.890236,0.332533,47.384277
11.461331,87.083832,94.999992,0.335818,47.322632
11.463960,86.589149,94.999985,0.332838,47.277054
11.466853,84.547928,94.999985,0.336061,47.218922
11.469351,85.471375,95.000000,0.333593,47.098293
11.471930,84.886803,94.999992,0.335107,47.208206
11.475361,84.010040,95.000015,0.334549,47.115990
11.477932,86.370010,95.000000,0.332655,46.979748
11.480904,88.896080,95.000000,0.329679,47.141579
11.483531,85.736694,95.000000,0.326232,47.026352
11.488166,86.528442,94.999992,0.323337,46.938072
11.490706,84.786652,95.000008,0.325993,47.006432
11.494769,86.427811,95.000000,0.325971,47.003220
11.497693,83.322525,95.000000,0.323883,46.884663
11.502113,83.322525,95.000000,0.322160,46.873875
11.504998,83.322525,95.000000,0.325678,47.027153
11.507571,83.322525,95.000000,0.322226,46.896034
11.510102,83.322525,94.999985,0.324618,46.907112
11.513131,83.322525,94.999977,0.324433,46.900383
11.515740,83.322525,95.000000,0.326432,46.872143
11.523122,83.322525,95.000000,0.333407,46.981373
11.529351,83.322525,95.000000,0.336730,46.836082
11.532978,83.322525,94.999992,0.344257,47.178459
11.550669,83.322525,95.000000,0.351874,47.031631
11.553344,83.322525,94.999992,0.351406,47.058647
11.558295,83.322525,94.999992,0.348340,46.921276
11.564123,90.754433,95.000000,0.348249,47.233738
11.567089,90.754433,95.000000,0.349632,47.200432
11.571198,86.292297,94.999992,0.355129,47.165173
11.574475,83.960648,94.999992,0.353354,46.995659
11.577170,91.171745,94.999985,0.356044,47.053516
11.579798,84.977051,95.000000,0.356997,47.074574
11.582675,86.888428,95.000000,0.356178,47.119358
11.585285,93.839935,95.000000,0.352640,47.279514
11.587876,88.515465,95.000000,0.358980,47.076569
11.594153,87.648094,94.999985,0.360433,47.123684
11.596755,86.749779,95.000000,0.357446,47.160557
11.599761,88.403404,95.000000,0.358406,47.098091
11.602684,87.596519,95.000000,0.362904,47.229824
11.605289,86.106827,94.999985,0.364311,47.239429
11.607817,86.106827,94.999992,0.360365,47.068623
11.610359,86.106827,95.000000,0.369754,47.078632
11.615385,86.106827,94.999992,0.357956,47.072041
11.619523,86.106827,95.000000,0.361564,47.074615
11.622463,86.106827,94.999992,0.360608,47.015274
11.625053,86.106827,95.000008,0.362523,47.104301
11.627551,86.106827,95.000000,0.360675,47.100475
11.630161,86.106827,94.999985,0.356742,47.084145
11.632802,89.221626,95.000000,0.358156,47.185406
11.635472,85.797928,94.999985,0.358938,47.076309
11.638582,88.706467,94.999992,0.360242,46.989056
11.646525,86.971512,94.999985,0.360858,47.014828
11.649468,89.052612,95.000008,0.360512,47.037415
11.652173,90.219131,95.000008,0.355575,46.995403
11.655460,86.473984,94.999992,0.363508,47.086277
11.658014,86.761314,95.000000,0.358488,46.896591
11.662351,87.146156,95.000000,0.357986,46.858826
11.664925,83.041946,94.999992,0.359325,46.768867
11.667518,86.132294,94.999992,0.360359,46.785797
11.670201,89.770699,94.999992,0.361229,46.804958
11.672741,87.935226,94.999992,0.358670,46.945473
11.677335,88.784454,95.000000,0.359596,47.018452
11.679842,84.665054,95.000000,0.360565,46.882149
11.688161,84.521660,94.999992,0.356540,46.830029
11.691830,86.426102,95.000000,0.356047,46.912842
11.694824,86.426102,94.999992,0.356685,47.123070
11.697368,86.426102,94.999992,0.351201,47.021667
11.699963,86.426102,95.000015,0.353070,47.051331
11.702513,86.426102,95.000015,0.357332,46.999664
11.709571,84.460335,95.000000,0.351876,46.847881
11.712058,87.220390,95.034973,0.347862,47.021309
11.714611,90.838310,95.000000,0.352627,47.081902
11.718483,87.833809,94.999992,0.351090,47.025345
11.721228,90.901520,95.000015,0.346325,47.147461
11.723743,92.965912,94.999985,0.351408,47.258644
11.726469,87.291588,95.000000,0.350805,47.069340
11.729258,88.399414,95.000008,0.350801,47.115273
11.731803,88.399414,95.000000,0.348469,47.111416
11.734463,88.399414,95.000015,0.348757,47.018364
11.739458,88.399414,94.999992,0.344534,47.123592
11.746935,88.165459,94.999985,0.346706,47.181259
11.749522,86.742859,95.000000,0.339473,46.963047
11.755259,83.529877,94.999992,0.340631,47.005375
11.757805,85.641663,94.999992,0.337969,46.927608
11.760698,85.243271,95.000000,0.341017,46.782513
11.764001,84.445129,95.000000,0.335304,46.759850
11.766941,89.779266,94.999985,0.334858,46.767483
11.769664,87.533936,95.000000,0.336371,46.889740
11.772205,89.410309,94.999992,0.334243,47.038353
11.777294,89.410309,94.999992,0.338421,47.042080
11.780225,89.410309,95.000000,0.334504,46.952656
11.783796,89.410309,95.000000,0.336118,46.887016
11.786360,89.410309,94.999985,0.339576,46.899876
11.788989,89.410309,95.000000,0.336421,46.859196
11.791893,85.773270,94.999985,0.340648,46.842159
11.794493,85.742180,95.000015,0.341352,46.806805
11.797093,88.963547,94.999992,0.340180,46.950344
11.801216,90.758179,95.034882,0.346282,47.059944
11.803830,89.020538,95.000000,0.347070,47.008751
11.806451,84.356415,95.000000,0.350708,46.921726
11.810358,87.721848,95.000000,0.348219,46.837360
11.812902,87.176376,95.000000,0.352329,46.727596
11.817139,86.644196,94.999992,0.349625,46.721203
11.820222,89.157806,95.000008,0.351606,46.753487
11.822859,89.157806,94.999992,0.355926,46.795025
11.825925,89.157806,95.000000,0.345742,46.752903
11.828774,89.157806,95.000000,0.348818,46.699394
11.831732,89.157806,95.000000,0.350385,46.695389
11.834392,89.157806,94.999985,0.354792,46.705814
11.837081,89.157806,94.999992,0.353490,46.868114
11.839710,89.157806,95.000000,0.349986,47.011139
11.845472,89.157806,94.999992,0.355109,47.107674
11.849203,89.157806,94.999992,0.350010,47.127533
11.851822,89.157806,95.000000,0.353650,47.037655
11.854370,89.157806,95.000000,0.354029,46.957188
11.856960,89.157806,94.999985,0.350852,47.026642
11.859556,89.157806,94.999992,0.355031,47.133991
11.862118,89.157806,94.999992,0.344637,47.017426
11.869006,85.738899,95.000015,0.343774,46.911526
11.873113,88.346298,95.000000,0.348907,46.946095
11.875817,84.574326,95.000000,0.347616,46.847893
11.878536,87.837418,94.999985,0.345265,46.924488
11.881221,88.525833,95.000008,0.345331,46.965687
11.883817,87.719681,95.000000,0.346883,46.855110
11.886459,86.377068,94.999985,0.348948,46.810966
11.889063,84.586807,94.999992,0.352150,46.737545
11.894617,90.278580,95.047905,0.346886,46.985874
11.897681,90.278580,95.000008,0.345161,46.904774
11.900510,91.242363,95.000000,0.343605,46.947044
11.903117,91.242363,94.999985,0.347418,46.987034
11.905732,91.242363,94.999992,0.347738,46.929867
11.908298,91.242363,95.000015,0.347231,46.862545
11.910874,91.242363,94.999992,0.344824,46.836555
11.913460,91.242363,95.000000,0.341353,46.842815
11.918807,91.242363,95.000000,0.345895,47.000294
11.921761,91.242363,95.000000,0.347524,46.924397
11.924459,91.242363,94.999992,0.341862,46.824688
11.928740,91.242363,95.000000,0.342814,46.683109
11.931342,91.242363,95.000000,0.331634,46.524303
11.935771,91.242363,94.999985,0.329876,46.638298
11.938814,91.242363,94.999992,0.325328,46.642799
11.942869,91.242363,95.000000,0.324078,46.564289
11.948697,91.242363,94.999985,0.318770,46.656193
11.951242,91.242363,95.000000,0.316417,46.504593
11.954211,91.242363,94.999992,0.310878,46.396515
11.956791,91.242363,95.000000,0.318825,46.662548
11.962591,91.242363,95.000000,0.313710,46.390381
11.966042,91.242363,95.000000,0.313365,46.520611
11.968614,91.242363,94.999992,0.312587,46.610691
11.974340,91.242363,95.000000,0.309683,46.570263
11.977034,91.242363,94.999992,0.311269,46.674839
11.979665,91.242363,95.000000,0.314527,46.671825
11.982212,91.242363,95.000000,0.311776,46.821159
11.987180,91.242363,95.000015,0.313850,46.795673
11.991364,91.242363,94.999985,0.310762,46.727551
11.993915,91.242363,95.000015,0.312554,46.858067
11.998156,91.242363,94.999985,0.313832,46.901169
12.000758,91.242363,95.000000,0.313446,46.835499
12.004554,91.242363,95.000000,0.317730,46.747807
12.007331,91.242363,95.000000,0.312400,46.678959
12.009938,91.242363,95.000000,0.314763,46.724979
12.012501,91.242363,95.000008,0.315281,46.610065
12.015131,90.293312,95.000008,0.312319,46.761532
12.017746,86.862953,94.999992,0.317715,46.973534
12.023696,88.552132,95.000000,0.321910,46.677959
12.032193,85.274002,95.000000,0.326313,46.636089
12.037516,88.026169,94.972008,0.322253,46.634426
12.040133,89.227310,94.962524,0.324868,46.749474
12.043063,85.908936,95.000008,0.329540,46.739731
12.046795,84.836304,95.000008,0.331569,46.615280
12.055007,84.816788,95.000008,0.333815,46.655930
12.057472,86.247200,95.000000,0.332534,46.670189
12.062342,89.136261,95.000000,0.333367,46.728680
12.064846,86.526199,95.000000,0.331273,46.650761
12.069119,86.526199,95.000000,0.333425,46.671917
12.071699,86.526199,94.929695,0.335920,46.716835
12.074236,86.066849,95.000008,0.332082,46.663437
12.076826,90.067947,95.000000,0.333853,46.642399
12.079493,85.730713,95.000000,0.337234,46.583199
12.082906,89.409584,94.999992,0.339444,46.545120
12.086270,85.195335,95.000008,0.341637,46.590668
12.088834,85.687241,95.000008,0.340724,46.498634
12.091395,87.960754,94.999992,0.345826,46.518665
12.094181,87.357590,94.999985,0.347802,46.634537
12.096823,84.670586,94.999992,0.351870,46.479500
12.101980,86.133789,95.000000,0.355836,46.495731
12.104980,86.852676,95.000000,0.351926,46.495808
12.107556,88.108223,95.000000,0.361261,46.488781
12.110487,86.058601,95.000000,0.362057,46.545200
12.113167,90.889328,95.000000,0.362865,46.685089
12.117150,86.863510,95.000000,0.370776,46.533867
12.119810,85.583282,95.000000,0.369637,46.657734
12.124175,90.729286,94.999985,0.375114,46.864670
12.126815,88.737556,94.999992,0.377819,46.877552
12.129479,86.000275,95.000000,0.386359,46.797218
12.132075,86.893967,94.999985,0.383421,46.909420
12.135163,90.316132,95.000008,0.386331,46.950188
12.137761,90.434937,95.000000,0.391827,46.912376
12.140869,84.509041,94.999992,0.394031,46.867558
12.143567,92.735641,95.000000,0.387707,47.030304
12.148482,87.804794,95.000000,0.388156,46.944855
12.154243,89.606880,95.000000,0.380778,46.976231
12.156867,89.750343,95.000008,0.376606,46.963829
12.159600,87.419464,95.000000,0.381255,46.894848
12.162155,86.941818,94.999992,0.377051,46.835175
12.165320,88.561401,95.000000,0.372707,46.861095
12.168910,85.458778,95.000000,0.381051,46.923664
12.172200,83.068085,95.000000,0.373901,46.830196
12.174815,86.450920,95.000000,0.371424,46.726200
12.177315,86.006783,94.999992,0.369767,46.750004
12.181468,86.073677,95.000000,0.371646,46.666393
12.183974,85.105942,94.999985,0.361938,46.528347
12.188229,87.972305,95.000000,0.359761,46.507938
12.190842,87.036690,95.000000,0.362205,46.447918
12.197821,86.830956,95.000000,0.357990,46.454865
12.200717,85.417038,94.999992,0.356754,46.425442
12.203281,83.784592,95.000000,0.347411,46.345501
12.205827,86.714493,95.000008,0.343597,46.361446
12.208494,88.336357,95.000000,0.347373,46.571327
12.211085,88.754257,95.000000,0.341156,46.514359
12.213804,84.847229,95.000000,0.342712,46.572811
12.216802,90.327393,95.000008,0.339444,46.691479
12.219469,88.070877,94.999992,0.333319,46.718884
12.222160,87.486015,95.000000,0.333433,46.716209
12.224723,85.084328,95.000000,0.328232,46.819389
12.227560,85.084328,94.999992,0.330675,46.805668
12.230210,85.084328,95.000000,0.329958,46.741573
12.232818,85.084328,95.000008,0.324639,46.654114
12.235791,85.084328,95.000008,0.323571,46.629272
12.238382,85.084328,95.000000,0.321993,46.568520
12.245229,88.556175,94.983459,0.314261,46.732246
12.249805,86.356964,94.999992,0.316686,46.571796
12.257490,83.126495,95.000000,0.312064,46.530895
12.260737,89.572601,95.000000,0.312973,46.676796
12.266008,85.574310,94.999992,0.314207,46.709839
12.268783,86.455093,95.000000,0.316425,46.584732
12.271761,86.336807,95.000000,0.315742,46.570248
12.274373,85.063797,95.000000,0.320816,46.617489
12.277037,87.854027,95.000000,0.312750,46.612267
12.279802,88.149849,95.000008,0.318151,46.724319
12.282599,85.517685,95.000000,0.315558,46.596424
12.288543,84.805756,95.000015,0.318456,46.671406
12.291544,90.680634,95.000000,0.323342,46.780449
12.294118,88.193649,95.000000,0.322588,46.733810
12.296819,85.467537,94.999992,0.323345,46.607670
12.299401,89.335175,95.000000,0.317428,46.616562
12.302226,88.446075,94.999992,0.327227,46.754982
12.306690,87.151329,94.999992,0.324081,46.514053
12.312536,86.961510,94.999985,0.331491,46.560070
12.320051,87.722580,95.000008,0.333053,46.621063
12.322635,88.553566,94.999992,0.331984,46.601738
12.325256,84.613091,95.000000,0.341636,46.671989
12.328644,87.204086,95.064629,0.340713,46.396210
12.331220,86.546471,95.000000,0.332868,46.403255
12.333730,85.950516,94.999992,0.339386,46.457439
12.336501,88.102287,94.999992,0.340415,46.518501
12.339100,88.547180,94.999985,0.339020,46.618195
12.342063,85.562561,95.000000,0.339727,46.622818
12.344769,88.545387,94.999992,0.345446,46.657700
12.348476,86.699799,95.000000,0.347264,46.829437
12.351108,87.918999,95.000000,0.341679,46.765129
12.353731,88.598160,94.999992,0.342342,46.676273
12.359480,83.232185,95.000015,0.341324,46.606339
12.362093,83.232185,94.999985,0.337873,46.617046
12.368526,83.232185,95.000000,0.340196,46.604614
12.371076,83.232185,94.999992,0.342815,46.655975
12.375259,83.232185,95.000000,0.334469,46.522449
12.378526,83.232185,95.000000,0.341057,46.540634
12.383497,89.661003,94.999985,0.329742,46.547619
12.386035,89.661003,95.000000,0.331398,46.625256
12.388625,87.120529,94.999992,0.335621,46.629509
12.391183,88.379601,95.000000,0.327471,46.513458
12.393748,83.735123,95.000000,0.328205,46.407551
12.396295,83.706223,95.000015,0.333983,46.349277
12.398829,88.015640,95.000000,0.327520,46.452160
12.403944,88.015640,95.061050,0.323052,46.389565
12.406646,88.015640,95.000008,0.322113,46.392632
12.409300,88.015640,95.000000,0.329462,46.501041
12.411836,85.605850,95.000008,0.327640,46.449905
12.417070,87.549225,95.000000,0.323965,46.590137
12.419903,89.002945,95.000015,0.326043,46.631931
12.427203,90.172562,95.000000,0.326450,46.709408
12.431505,81.841583,94.999992,0.329828,46.727886
12.434057,82.442047,95.000000,0.323105,46.439938
12.438754,84.822426,94.999992,0.319059,46.701221
12.441758,86.577652,95.000000,0.312745,46.559517
12.446870,84.926811,95.000000,0.304950,46.431580
12.452147,89.407471,95.000000,0.304798,46.381138
12.454849,86.058136,95.000000,0.303869,46.352825
12.461338,84.205666,95.000000,0.302136,46.500446
12.464686,84.669937,95.000000,0.301472,46.293613
12.467470,88.392517,95.000000,0.294970,46.261517
12.472898,88.578781,95.000000,0.297858,46.454628
12.475485,85.282722,95.000000,0.295889,46.406372
12.477976,83.320068,95.000008,0.293683,46.372837
12.480806,85.599701,95.000000,0.291945,46.315548
12.483481,84.783768,95.000000,0.298699,46.421989
12.486162,82.933083,95.000000,0.302212,46.418873
12.488753,85.806778,95.000008,0.296916,46.446171
12.491531,86.236465,95.000000,0.303690,46.661373
12.496347,84.751892,94.999992,0.297969,46.472298
12.501239,83.623024,95.000000,0.296606,46.354862
12.504155,83.623024,94.999992,0.296524,46.273945
12.506752,83.623024,95.000000,0.296404,46.419777
12.511091,83.623024,95.000015,0.301500,46.469685
12.513826,86.434448,95.000000,0.300928,46.454395
12.516493,83.202568,95.000008,0.300926,46.362144
12.519029,87.013161,95.000000,0.297578,46.422901
12.521572,86.069435,95.000000,0.304772,46.461121
12.524506,88.150108,95.000008,0.309306,46.476852
12.527105,87.663544,95.000000,0.306273,46.532219
12.529819,86.250313,95.000000,0.304069,46.687969
12.533727,90.693275,95.000000,0.315480,46.685684
12.536270,85.787544,95.000000,0.311196,46.617626
12.538891,81.658371,95.000015,0.310566,46.499008
12.545282,84.037537,95.000000,0.309564,46.476135
12.547832,84.967560,95.000000,0.306347,46.371914
12.550484,85.747925,95.000000,0.306980,46.423153
12.553172,85.652931,95.000000,0.319877,46.541500
12.557511,84.596848,94.999992,0.313093,46.355495
12.565284,87.044800,95.000000,0.319489,46.489750
12.567853,86.518723,94.999992,0.322206,46.538567
12.573060,89.329842,94.999985,0.322390,46.365585
12.575715,83.881012,95.000008,0.326048,46.504913
12.580368,90.172943,95.000000,0.321549,46.567051
12.583235,86.072777,95.000000,0.323235,46.659229
12.585748,86.846558,95.000000,0.325826,46.601700
12.588490,88.502594,95.000000,0.327882,46.610401
12.591053,82.980751,95.000000,0.329436,46.521450
12.593647,84.598877,95.000000,0.330234,46.439838
12.596246,88.774551,94.999992,0.330731,46.453503
12.598786,85.646118,95.000000,0.331928,46.491295
12.601496,88.730614,94.999992,0.330410,46.497074
12.604197,88.183731,95.000000,0.335763,46.603767
12.606776,86.050194,95.000000,0.345402,46.572704
12.609475,86.050194,95.000000,0.343804,46.457615
12.612154,86.050194,95.000000,0.351521,46.446781
12.615494,86.050194,95.000000,0.354656,46.507854
12.618047,86.050194,94.999992,0.361462,46.565060
12.622351,86.050194,95.000000,0.366201,46.452248
12.624906,86.050194,94.999992,0.366626,46.560333
12.629919,86.050194,95.030815,0.375591,46.592846
12.632506,87.962921,94.999985,0.377248,46.412758
12.635508,86.750183,94.999985,0.382166,46.444576
12.638488,86.750183,95.000000,0.381870,46.560345
12.641053,87.407562,95.000000,0.381326,46.574532
12.643700,85.586548,95.000000,0.379344,46.506428
12.646329,84.312195,95.000000,0.381536,46.388092
12.649483,87.425774,95.000000,0.380240,46.415386
12.652233,87.025925,95.000000,0.387838,46.475750
12.654980,91.135796,95.000000,0.370398,46.518887
12.657808,88.335297,95.000000,0.379104,46.636776
12.660505,86.709183,95.000000,0.369851,46.352028
12.666925,84.224236,95.000008,0.368096,46.337864
12.669506,90.232544,94.999992,0.363724,46.294838
12.672246,87.451508,95.000000,0.367231,46.301582
12.675050,87.947243,95.000000,0.359528,46.398678
12.677774,88.456963,95.000008,0.360057,46.408958
12.683299,85.857437,95.000000,0.356914,46.439919
12.686479,85.892609,94.999992,0.357034,46.333454
12.690546,86.664680,95.000008,0.352543,46.369267
12.693490,87.575134,95.000000,0.348983,46.375015
12.697502,84.748306,95.000000,0.349301,46.285721
12.700186,87.110214,94.999992,0.349238,46.268398
12.702772,84.357208,95.000000,0.351208,46.308174
12.705320,87.007805,94.999992,0.339956,46.334221
12.707884,88.328278,95.000000,0.343783,46.412182
12.710406,89.809265,94.999992,0.341892,46.475918
12.712926,85.268799,94.999992,0.336380,46.512032
12.715535,84.882568,95.000000,0.330876,46.456490
12.718543,84.171402,95.000000,0.327110,46.472172
12.721077,86.073517,95.000015,0.327938,46.467182
12.723746,86.576866,95.027618,0.322940,46.491680
12.729176,88.763618,95.000008,0.318320,46.655907
12.731725,89.027122,95.000000,0.320239,46.755737
12.734219,87.025589,95.000000,0.317352,46.763092
12.736881,89.014885,95.000008,0.311597,46.533642
12.739485,89.110176,95.000000,0.314550,46.615162
12.742217,88.574921,95.000000,0.312098,46.683685
12.746220,85.503326,94.999992,0.310469,46.607708
12.749012,88.021248,95.000000,0.304310,46.557106
12.753214,84.893082,95.000008,0.304338,46.511765
12.755845,84.893082,95.024147,0.305167,46.558277
12.758385,84.893082,94.999992,0.297606,46.462921
12.762528,84.893082,95.000000,0.300496,46.442165
12.768148,84.893082,95.000000,0.297548,46.397934
12.770816,84.893082,95.000000,0.291753,46.238976
12.773490,84.893082,94.999992,0.297080,46.435921
12.778138,87.879677,95.000000,0.297610,46.580948
12.780679,87.380402,95.000000,0.293306,46.523289
12.784142,85.541153,95.000000,0.299278,46.594139
12.787209,84.855362,95.000000,0.296791,46.561859
12.790990,84.973801,95.000000,0.294778,46.548813
12.794579,84.048836,95.000000,0.295995,46.550430
12.797771,83.497986,95.000000,0.300164,46.626163
12.800495,83.658798,95.000000,0.296933,46.434532
12.803137,85.866547,95.000000,0.297279,46.433945
12.805808,85.523872,95.000000,0.297685,46.522594
12.810677,87.041702,95.000000,0.298697,46.527515
12.813302,86.956787,95.000008,0.298070,46.430573
12.817683,86.156586,95.000000,0.300657,46.474850
12.820245,86.625397,95.000000,0.305541,46.429470
12.824581,85.033501,95.000000,0.301632,46.266460
12.827170,85.634064,94.999992,0.305638,46.276741
12.830236,84.955620,95.000015,0.307420,46.366299
12.833191,87.679855,95.000000,0.303015,46.393929
12.835752,87.355331,95.000008,0.304158,46.426693
12.838336,88.050110,95.000000,0.303745,46.424049
12.841199,88.050110,95.023491,0.308094,46.378159
12.843852,88.050110,94.964409,0.311639,46.432011
12.847610,88.050110,95.000000,0.317544,46.386852
12.850167,88.050110,94.999985,0.320830,46.448723
12.853141,88.050110,95.000000,0.319485,46.409683
12.855745,88.050110,95.000000,0.320988,46.505650
12.858493,88.050110,94.999985,0.328760,46.653408
12.861396,88.050110,95.000015,0.325089,46.724922
12.864149,88.050110,95.000000,0.327395,46.652248
12.869782,88.050110,94.999992,0.331558,46.534298
12.874380,88.050110,95.000000,0.329529,46.557640
12.881383,88.050110,94.999992,0.331824,46.657581
12.883986,88.050110,94.999992,0.327676,46.580856
12.887379,88.050110,95.000000,0.333518,46.455349
12.893289,87.004105,95.000000,0.323827,46.357586
12.896326,87.004105,95.000000,0.328749,46.414082
12.899690,87.004105,95.000015,0.331752,46.472019
12.903035,89.758667,94.999992,0.334440,46.455311
12.905506,86.081764,95.000000,0.328386,46.462471
12.908349,86.926201,95.000000,0.330602,46.420200
12.911131,87.751740,95.000000,0.334382,46.399364
12.914062,84.826424,95.000008,0.322521,46.212513
12.919822,88.162735,95.000008,0.325345,46.319309
12.922792,86.757187,95.000000,0.325103,46.452343
12.925617,89.081093,94.999992,0.326597,46.544395
12.928624,83.988297,95.000000,0.327063,46.471302
12.931551,85.348694,95.000000,0.326608,46.369045
12.938876,85.525993,95.000015,0.310855,46.449429
12.946754,85.148270,95.000000,0.308346,46.208942
12.951232,86.120071,94.999992,0.310745,46.269810
12.953762,87.281540,94.999992,0.316221,46.349533
12.956581,86.928307,94.999992,0.318041,46.240562
12.961585,86.131889,95.000000,0.313348,46.184143
12.964545,85.757523,95.000000,0.318953,46.361061
12.967106,87.603638,95.000000,0.320627,46.168652
12.977106,86.474846,95.000000,0.313929,46.223808
12.980049,83.861092,94.999992,0.309194,46.288849
12.982998,84.513329,95.000000,0.306472,46.159100
12.990363,84.110817,95.000000,0.305572,46.223808
12.992954,84.595444,94.999992,0.308473,46.159313
12.995965,82.650093,95.000000,0.302642,46.225155
13.000156,85.918007,95.000000,0.298955,46.170521
13.002743,84.838486,95.000000,0.304213,46.390224
13.009619,84.941437,95.000000,0.302647,46.399986
13.014204,84.588577,95.000000,0.301055,46.268764
13.016799,84.050835,95.000000,0.305847,46.445469
13.019495,85.828697,94.999992,0.300909,46.334545
13.022178,87.842224,95.000000,0.296836,46.280548
13.024768,87.832123,95.000000,0.298374,46.481319
13.027540,90.544037,95.000000,0.303371,46.634521
13.030195,91.816971,95.000000,0.305816,46.680267
13.032903,91.816971,95.000000,0.302387,46.452385
13.035569,91.816971,95.000000,0.300289,46.388935
13.038537,91.816971,95.000008,0.302824,46.432899
13.041142,91.816971,95.000008,0.303100,46.431435
13.043739,91.816971,95.000000,0.299970,46.372261
13.046233,91.816971,95.000000,0.305336,46.371517
13.048802,91.816971,95.000000,0.309731,46.433105
13.052880,91.816971,95.000000,0.310965,46.493927
13.056534,91.816971,95.000015,0.314442,46.446960
13.061399,91.816971,95.000000,0.312426,46.249519
13.064390,91.816971,94.999992,0.315341,46.221691
13.069640,89.035072,95.000000,0.324982,46.306919
13.078181,85.437836,94.999992,0.329611,46.404881
13.080836,85.041458,95.000000,0.330553,46.136250
13.083523,87.389893,95.000000,0.327142,46.148449
13.086139,86.095505,94.999992,0.329296,46.195362
13.088792,85.344009,95.000000,0.333764,46.302277
13.091691,90.020859,95.000000,0.338353,46.354858
13.094497,86.049599,95.000000,0.337002,46.432629
13.097122,88.071457,95.000015,0.335074,46.456787
13.100078,86.052368,94.999992,0.339490,46.441017
13.102852,85.636971,95.000000,0.339880,46.435394
13.105398,87.239830,94.999992,0.335634,46.303398
13.107939,86.066818,95.000000,0.341940,46.380257
13.110504,85.993690,94.999992,0.346897,46.313015
13.113192,85.831261,95.000000,0.347417,46.385475
13.115869,85.690247,95.000000,0.346561,46.454124
13.118495,89.204956,95.000000,0.351061,46.337059
13.124515,89.154922,94.999992,0.361900,46.318424
13.131829,83.837135,94.999985,0.373690,46.251606
13.134372,85.465828,95.000000,0.370370,46.242676
13.136873,90.038757,95.000000,0.377298,46.382996
13.139509,85.407013,95.000000,0.388846,46.462978
13.142373,85.407013,95.000000,0.391767,46.298023
13.146968,85.407013,95.000000,0.392078,46.434917
13.149707,85.407013,95.000008,0.389826,46.465656
13.153160,85.407013,95.000000,0.394729,46.495335
13.155993,85.407013,95.000000,0.393324,46.421886
13.158799,85.407013,95.000000,0.400465,46.462727
13.162211,85.407013,95.000000,0.397285,46.530930
13.164941,85.407013,94.999985,0.392203,46.514004
13.167592,85.407013,95.000000,0.383803,46.479259
13.170243,85.407013,95.000015,0.377784,46.547192
13.178194,85.407013,95.000000,0.378008,46.496952
13.180919,85.407013,95.000000,0.372750,46.492931
13.183910,85.407013,95.000008,0.364834,46.551281
13.188296,85.407013,95.000000,0.358224,46.485008
13.195704,85.407013,95.000000,0.353114,46.385006
13.198227,85.407013,95.000000,0.349084,46.272888
13.202499,85.407013,94.999992,0.343536,46.281452
13.205148,85.407013,95.000000,0.342003,46.338314
13.207686,85.407013,95.000008,0.331227,46.259460
13.210218,85.407013,95.000000,0.331470,46.185501
13.212830,85.407013,95.000008,0.334430,46.330368
13.216097,85.407013,95.000000,0.330716,46.274208
13.218807,84.736290,95.000008,0.328693,46.171379
13.221561,84.297035,95.000000,0.332668,46.296486
13.224825,86.949173,95.000000,0.334642,46.271538
13.227395,86.712563,95.000008,0.319999,46.302807
13.229991,86.009315,95.000000,0.316915,46.337666
13.233253,90.117004,95.000000,0.318900,46.409443
13.235841,86.516365,95.000000,0.322508,46.428715
13.239518,85.653839,95.000000,0.310633,46.259682
13.242170,85.653839,95.000000,0.310230,46.332123
13.244716,85.653839,95.000000,0.311169,46.576031
13.248385,85.653839,95.000000,0.303958,46.448868
13.252817,85.653839,95.000008,0.301522,46.479637
13.255419,85.653839,95.000000,0.309491,46.474888
13.259493,85.653839,95.000000,0.300112,46.325363
13.262021,85.653839,95.000000,0.299574,46.294952
13.265811,85.653839,95.000000,0.304070,46.415474
13.268496,85.653839,95.000008,0.302843,46.536789
13.271120,85.653839,94.999985,0.294738,46.459900
13.273715,85.653839,95.000008,0.302409,46.463070
13.280710,85.653839,95.000008,0.298798,46.481117
13.283875,85.653839,95.000000,0.301961,46.416416
13.286500,85.653839,95.000008,0.306722,46.469276
13.289141,85.653839,95.000000,0.303384,46.498230
13.291802,85.653839,95.000000,0.301761,46.493538
13.294501,85.653839,95.000000,0.301562,46.433403
13.297259,85.653839,95.000000,0.305017,46.447945
13.299733,85.653839,95.000000,0.306412,46.479404
13.302238,85.653839,95.000000,0.300919,46.435211
13.304819,85.653839,95.000000,0.305147,46.409893
13.307864,85.653839,95.000000,0.303545,46.403465
13.310503,85.653839,95.000008,0.300545,46.624531
13.314800,85.653839,95.000000,0.303445,46.609100
13.317757,85.653839,95.000015,0.302746,46.516567
13.322049,85.653839,95.000000,0.304189,46.410484
13.325149,85.653839,95.000008,0.311837,46.496532
13.329293,85.653839,94.999992,0.305416,46.417774
13.332901,85.653839,94.999992,0.305335,46.415115
13.335705,85.653839,95.000008,0.311293,46.306858
13.338557,84.785652,95.000000,0.316555,46.330284
13.341259,84.785652,95.000000,0.313088,46.261105
13.343826,84.785652,95.000000,0.315488,46.260006
13.346885,84.785652,94.999992,0.321748,46.222347
13.349432,84.233208,95.000000,0.325986,46.312210
13.352006,88.121040,95.000000,0.326110,46.361042
13.354805,89.701408,95.000000,0.321638,46.197231
13.357537,86.124046,94.999992,0.333641,46.255028
13.362755,88.009895,95.000008,0.332167,46.571064
13.365741,86.972382,95.000008,0.329404,46.487904
13.368357,85.998077,95.000000,0.333810,46.438343
13.370923,85.632057,95.000000,0.339430,46.560486
13.373501,83.880974,95.000008,0.339984,46.385834
13.377933,85.379456,95.000000,0.340652,46.428925
13.385207,84.575172,95.000000,0.349561,46.410381
13.387777,85.455444,95.000000,0.346867,46.366909
13.390329,85.455444,95.000008,0.347719,46.346352
13.392830,85.110931,95.000008,0.351289,46.342281
13.395506,84.298264,95.000000,0.348218,46.311577
13.398821,89.264336,95.000008,0.350171,46.278069
13.401526,88.193268,95.000000,0.356818,46.394253
13.404153,90.246567,95.000000,0.352911,46.456879
13.406786,86.510269,95.000000,0.360013,46.476410
13.409702,86.793190,95.000000,0.355197,46.427059
13.413160,86.490631,95.000000,0.351233,46.357292
13.415859,83.660942,95.000000,0.346985,46.384262
13.418377,83.474197,95.000000,0.346050,46.405407
13.420869,87.590256,95.000008,0.346422,46.173134
13.424423,86.225533,95.000000,0.347361,46.196480
13.427637,86.225533,95.000000,0.350716,46.049683
13.430204,86.225533,95.000008,0.355538,46.097015
13.432771,88.109108,95.000000,0.355235,46.303074
13.436720,88.326111,95.000000,0.351891,46.293915
13.440884,85.093071,95.000000,0.347725,46.341957
13.443993,89.033371,95.000000,0.348586,46.447800
13.448936,83.227997,95.000000,0.341467,46.289429
13.451739,88.653709,95.000008,0.341627,46.321625
13.455539,86.231560,95.000000,0.340456,46.306686
13.458138,87.351776,95.000000,0.333639,46.189663
13.460788,87.659393,94.999992,0.335012,46.172680
13.463636,85.994240,95.000000,0.335654,46.230007
13.466248,87.500168,95.000000,0.329126,46.263901
13.469738,85.314529,95.000015,0.324585,46.303688
13.472366,84.717789,95.000000,0.323329,46.204624
13.475031,85.504616,95.000000,0.329077,46.200520
13.477604,86.051880,95.000000,0.319306,46.210491
13.480510,85.335693,95.000000,0.325645,46.199883
13.488186,87.239082,95.000000,0.319187,46.221375
13.490774,85.530373,95.000000,0.322599,46.209000
13.497519,85.159599,95.000000,0.320317,46.196686
13.500124,85.159599,94.999992,0.315966,46.075012
13.505291,88.525551,95.000000,0.321972,46.267639
13.510179,84.633507,95.000008,0.317188,46.149334
13.512831,86.713966,95.000000,0.321372,46.174232
13.516543,84.709824,95.000008,0.329336,46.157215
13.519516,84.388855,95.000000,0.321522,46.058857
13.522125,84.136200,95.000000,0.319600,46.092087
13.524791,86.369736,95.000000,0.314710,46.231277
13.527381,88.080109,95.000000,0.318678,46.414070
13.530358,85.397995,95.000000,0.311769,46.270473
13.533526,86.091583,95.000008,0.312596,46.309589
13.539500,83.640305,95.000000,0.316952,46.243858
13.542994,84.566261,95.000000,0.314727,46.247025
13.545759,87.878761,95.000000,0.313315,46.277782
13.548352,88.697769,94.999992,0.316987,46.359024
13.550990,87.060654,95.000000,0.324806,46.507614
13.553611,85.481186,95.000000,0.316873,46.483585
13.558786,84.892731,95.000000,0.331170,46.472351
13.561331,84.892731,95.073189,0.323109,46.183025
13.565524,82.833763,95.024284,0.323734,46.162495
13.568967,84.605751,94.999992,0.322406,46.048531
13.574902,85.124908,95.000008,0.327130,45.985886
13.577519,87.149521,94.887772,0.331761,46.140148
13.582422,86.053406,95.000008,0.323890,46.204739
13.589334,87.142540,95.000008,0.337214,46.341549
13.591893,86.095306,95.000000,0.335499,46.417030
13.594507,87.482742,94.999992,0.336344,46.383759
13.599403,87.482742,95.000000,0.338401,46.381565
13.601956,87.482742,95.000000,0.337845,46.408585
13.604512,87.482742,95.000008,0.344239,46.567841
13.607097,87.482742,95.000008,0.345476,46.382286
13.612398,87.482742,95.000000,0.354185,46.332714
13.615011,87.482742,95.000000,0.351432,46.281235
13.617556,85.847115,95.000000,0.363932,46.223862
13.620653,88.198212,95.000000,0.362317,46.136654
13.623204,90.411560,95.000008,0.346457,46.200481
13.629566,87.210861,95.000000,0.362125,46.228310
13.632672,86.644188,95.000000,0.366120,46.137447
13.636807,85.329590,95.000000,0.366121,46.049953
13.639783,87.315804,94.999985,0.378591,46.103176
13.642410,86.270416,95.000000,0.380629,46.173412
13.644996,86.024826,95.000000,0.371282,46.156269
13.647576,87.705551,95.000000,0.379500,46.086266
13.650226,87.264343,95.000015,0.386354,46.156872
13.652781,89.701576,94.999992,0.375866,46.342842
13.655556,88.033821,95.000000,0.385518,46.466763
13.659184,88.154999,95.000000,0.381815,46.344501
13.661955,87.878586,95.000000,0.391554,46.301281
13.664601,86.210327,95.000000,0.394250,46.233932
13.667566,86.451889,94.999992,0.388808,46.217926
13.670171,85.435669,95.000000,0.386770,46.073502
13.673087,88.883064,95.000000,0.373607,46.134048
13.675795,89.877357,94.999992,0.369725,46.236366
13.678531,90.119080,94.999992,0.366284,46.280956
13.684781,90.167427,95.000000,0.355495,46.149284
13.692128,90.167427,95.000000,0.358672,46.233948
13.694815,90.167427,95.000000,0.359242,46.224415
13.699531,90.167427,95.000000,0.354003,46.240448
13.702011,90.167427,95.000000,0.347499,46.420071
13.705808,90.167427,94.999992,0.339572,46.364670
13.708413,90.167427,95.000008,0.348913,46.371929
13.710997,84.270798,95.000000,0.343258,46.219563
13.714801,86.216324,95.000000,0.356090,46.364422
13.718424,85.308548,95.000000,0.352658,46.179031
13.721076,86.966141,94.999985,0.341025,46.251282
13.726540,86.665092,95.000000,0.335769,46.310238
13.729360,86.811783,95.044434,0.340459,46.272583
13.731877,86.550682,95.000000,0.335249,46.206856
13.734517,86.608452,95.000008,0.339872,46.272778
13.737036,87.636795,95.000000,0.334354,46.159939
13.739527,85.084702,95.000000,0.334170,46.281090
13.742360,89.048302,95.000000,0.325469,46.473614
13.747296,89.089432,95.000000,0.314288,46.494331
13.750150,89.462799,95.000000,0.314792,46.490322
13.754239,85.408066,95.000000,0.325522,46.492527
13.757181,84.802773,95.000000,0.313611,46.432148
13.762543,83.631653,95.000000,0.323441,46.310802
13.765421,84.887337,95.000000,0.317509,46.250008
13.769237,82.618378,95.000015,0.313487,46.217300
13.771808,85.108017,95.000000,0.311816,46.182198
13.774802,87.091682,95.000000,0.318128,46.234959
13.777550,86.296570,95.019135,0.317310,46.186005
13.780591,85.350479,95.000000,0.307606,46.155499
13.783152,86.926758,95.000000,0.319604,46.230522
13.785762,87.156487,95.000008,0.327914,46.099430
13.792232,81.490173,95.000015,0.313242,46.028187
13.794817,85.770363,95.000000,0.315396,46.242687
13.797523,87.640427,95.000000,0.320524,46.406124
13.800394,86.720886,95.000000,0.327424,46.493225
13.803058,87.083542,95.000000,0.325035,46.396137
13.805885,86.130638,95.000008,0.336091,46.482323
13.808416,84.676056,95.000008,0.336420,46.472717
13.810949,85.619698,95.000000,0.328007,46.452766
13.813768,,,,46.274925
13.813768,83.183144,95.000008,0.335674,
13.817866,82.695831,95.000000,0.327834,46.370167
13.820861,82.695831,95.000000,0.324829,46.192154
13.825305,82.695831,94.999985,0.330937,46.183704
13.827830,82.695831,95.000000,0.327280,46.180576
13.831891,82.695831,95.000000,0.323247,46.221760
13.834385,85.205971,95.000000,0.323171,46.227337
13.836959,85.732559,94.999992,0.335639,46.276970
13.839519,86.444832,95.000000,0.330155,46.252117
13.842509,86.934647,95.000000,0.328776,46.186989
13.845158,84.510452,95.000000,0.341684,46.218624
13.847912,87.303276,95.000000,0.339823,46.358532
13.851562,87.525208,95.000000,0.340251,46.414532
13.854249,86.109779,95.000000,0.336421,46.182518
13.858205,85.486526,95.000000,0.341783,46.284660
13.860777,83.922874,95.000000,0.350965,46.252502
13.867024,85.433220,95.000000,0.361530,46.388081
13.873286,83.788055,95.000000,0.369228,46.388474
13.875910,84.207542,95.000000,0.377099,46.375320
13.880359,88.566628,95.000000,0.371258,46.262051
13.883680,83.609451,95.000000,0.384736,46.162518
13.889914,88.910645,95.000000,0.374306,46.213234
13.895719,86.895187,95.000000,0.370423,46.210976
13.898334,85.095299,95.000000,0.383691,46.209591
13.900890,86.693420,95.000000,0.376570,46.151325
13.903410,87.132591,95.000000,0.378609,46.060490
13.906085,85.856445,95.000008,0.377004,45.925098
13.908612,86.926331,95.000000,0.374209,46.067371
13.911162,87.734207,95.000000,0.385803,46.111767
13.913829,86.781326,95.000000,0.380972,46.118210
13.916640,88.152435,95.000000,0.367839,46.034199
13.919522,87.596558,95.000008,0.382015,46.134811
13.922146,86.059715,95.000008,0.378743,46.206020
13.924745,85.405312,95.000008,0.378785,46.141293
13.927372,84.235611,95.000000,0.379911,46.142830
13.929946,84.346405,95.000000,0.377887,46.119480
13.932567,84.346405,95.000000,0.379914,46.022766
13.935172,84.346405,95.000000,0.381059,45.961548
13.937729,84.346405,95.000000,0.369891,45.902939
13.940523,84.346405,95.000000,0.370008,45.849358
13.944915,84.346405,95.000000,0.366862,45.960686
13.948237,84.346405,95.000000,0.372093,46.158012
13.952620,84.346405,95.000000,0.375368,46.097855
13.955394,84.346405,95.000000,0.350233,45.997486
13.959518,84.346405,95.000000,0.355984,46.031773
13.962261,84.346405,95.000000,0.361340,46.086475
13.964927,84.346405,95.000000,0.358646,46.066353
13.967553,84.346405,95.000008,0.344866,46.070297
13.970296,84.346405,95.000000,0.352378,46.133884
13.973564,84.346405,95.000000,0.367135,46.176788
13.976216,84.346405,95.000000,0.353041,46.141289
13.983193,88.619720,95.000008,0.361358,46.208157
13.988107,82.021149,95.000000,0.361787,46.175812
13.990666,85.065926,95.000000,0.364137,46.031380
13.996809,83.250214,95.000000,0.348910,45.952660
13.999592,84.303223,95.000000,0.346717,45.906677
14.002283,84.814438,95.000000,0.347098,45.839329
14.006898,84.200058,95.000000,0.336342,45.835857
14.009865,85.849640,94.999992,0.356491,45.707508
14.015061,86.562271,95.000000,0.335244,45.911858
14.017966,84.700294,95.000000,0.324348,45.899151
14.021856,85.551132,95.000000,0.325499,45.915085
14.024587,84.671753,95.000000,0.332608,46.018333
14.027598,85.462090,95.000000,0.316342,46.128952
14.030964,87.259140,95.000000,0.312857,46.146008
14.033542,86.402786,95.000000,0.315912,46.205677
14.036148,86.402786,95.000015,0.311410,46.304787
14.038720,86.402786,95.000000,0.307659,46.387756
14.041388,86.402786,95.000000,0.314271,46.375393
14.043980,86.402786,95.000000,0.308716,46.321468
14.047520,85.078163,95.000000,0.311085,46.331429
14.050554,85.078163,95.000000,0.310961,46.259529
14.053161,86.748459,95.000000,0.311579,46.265156
14.055760,84.482811,95.000015,0.313042,46.245182
14.058634,85.965843,95.000000,0.302567,46.217060
14.062017,84.338776,94.941925,0.299666,46.107708
14.064739,86.711609,95.000000,0.304180,46.174965
14.069246,83.540138,95.000000,0.314550,46.163418
14.071815,84.654770,95.000000,0.311873,46.146980
14.074426,86.609818,95.000000,0.313697,46.180180
14.078565,84.129120,94.999992,0.317877,46.085449
14.081254,86.461945,94.999992,0.312411,46.086590
14.086522,84.313210,95.000008,0.325444,45.998718
14.089142,86.743271,95.000000,0.326007,46.030865
14.091784,85.895950,95.000000,0.335676,46.074780
14.094383,84.375755,95.000000,0.351970,46.106552
14.100239,84.685883,95.000008,0.353448,46.029720
14.102858,84.070297,95.000008,0.341847,45.974754
14.105529,86.857063,95.000000,0.360303,46.024612
14.110901,85.861649,95.000000,0.347463,46.214787
14.113531,88.233627,95.000000,0.335895,46.194687
14.116197,85.096657,94.999992,0.350338,46.192890
14.118878,86.838692,95.000000,0.347633,46.144962
14.122027,85.247894,95.000008,0.344683,46.243988
14.124585,85.368698,95.000000,0.359225,46.172195
14.127139,89.399475,95.000000,0.361966,46.195557
14.129727,85.013016,95.000000,0.365649,46.172630
14.133874,86.923553,95.006317,0.369645,46.311832
14.139451,86.785934,95.000000,0.396884,46.266029
14.142009,86.197830,95.000000,0.385082,46.247269
14.144521,85.843170,95.000000,0.395021,46.173615
14.147183,84.438080,95.000008,0.412257,46.194256
14.149810,85.554420,95.000008,0.416667,46.108017
14.152856,83.793251,95.000000,0.426921,45.969193
14.155532,86.674492,95.000000,0.426649,45.913303
14.158069,89.064743,95.000000,0.434834,45.976044
14.161029,86.338478,95.000015,0.435659,46.179916
14.163646,88.302826,95.000000,0.420710,46.067665
14.166197,89.043053,95.000000,0.427552,45.977604
14.168821,86.129196,95.000000,0.441136,45.925037
14.171433,86.524155,95.000008,0.435827,45.966717
14.174026,88.795074,95.000008,0.435284,45.977039
14.176568,87.676926,95.000000,0.419191,45.995361
14.179254,89.959946,95.000000,0.398479,46.056725
14.181817,90.497215,95.000000,0.379164,46.197598
14.184680,87.102844,95.000000,0.373872,46.281136
14.187717,91.475883,94.999992,0.361725,46.274845
14.190419,88.310669,95.000000,0.358703,46.283558
14.193020,85.550148,95.000015,0.350662,46.177292
14.197373,83.828644,95.000000,0.337474,46.056187
14.205732,86.665680,95.000015,0.324697,46.070103
14.209553,87.859726,95.000000,0.320610,46.100174
14.212215,87.292152,95.000000,0.322917,46.116520
14.214878,84.264114,95.000000,0.307578,46.021820
14.218099,88.691238,95.000000,0.313632,45.979603
14.220759,86.341850,95.000008,0.317047,46.018040
14.223316,86.998497,95.000000,0.322274,45.960255
14.225904,87.457230,95.000015,0.308992,45.952995
14.229723,84.826950,95.000000,0.334057,45.940876
14.232221,86.967896,94.986229,0.337149,46.000561
14.234946,84.135712,95.000000,0.327861,46.215858
14.237618,84.695236,95.000000,0.350910,46.289730
14.246183,82.021179,95.000000,0.345000,46.068661
14.249100,84.116455,95.000000,0.344517,46.118683
14.251573,84.732178,95.000000,0.367094,46.162552
14.254178,84.917877,95.000015,0.364323,46.087482
14.259191,83.379227,95.000008,0.368863,46.083542
14.262240,85.548172,95.000015,0.371052,46.155750
14.267075,83.485413,95.000000,0.352949,46.129864
14.270019,85.885406,95.000000,0.384280,46.185955
14.273817,87.387177,95.000000,0.377137,46.270947
14.276537,84.231995,95.000000,0.365222,46.147018
14.279122,86.079430,95.000000,0.367518,46.340508
14.286808,84.252617,95.000000,0.342918,46.272850
14.289670,83.627151,95.000008,0.333435,46.207664
14.292429,84.856277,95.000000,0.336638,46.157963
14.294976,82.826332,95.000000,0.332651,46.181507
14.297917,82.757622,95.000015,0.335522,46.495022
14.305322,84.767578,95.000000,0.338744,46.492413
14.307903,83.391876,95.000000,0.346435,46.336445
14.310429,84.168335,95.000008,0.348298,46.281803
14.313331,84.800201,95.000008,0.368155,46.257877
14.315903,83.888443,95.000000,0.365695,46.117981
14.318445,82.711533,95.000008,0.370345,45.917049
14.322532,86.906410,95.000000,0.363096,45.946777
14.325193,87.780525,95.000015,0.362476,46.030575
14.329725,89.551422,95.000008,0.334819,46.023621
14.332879,90.788689,95.000000,0.355730,46.069172
14.337309,89.647980,95.000000,0.354421,46.021229
14.339883,89.647980,95.000000,0.354241,46.073936
14.342546,89.647980,95.000000,0.338998,45.945595
14.345217,89.647980,95.000000,0.350721,46.027523
14.347816,89.647980,95.000008,0.339966,46.104145
14.350541,89.647980,95.000000,0.327161,46.045525
14.356025,89.647980,95.000000,0.328708,46.002510
14.359207,89.647980,95.000008,0.333963,46.097019
14.361886,89.647980,95.000000,0.336821,46.054039
14.364539,89.647980,95.000000,0.352891,46.126717
14.367171,89.647980,95.000008,0.350604,46.080093
14.370331,88.725761,95.000000,0.355044,45.907623
14.373531,88.026985,95.000000,0.344222,45.983582
14.378640,87.990616,95.000008,0.413595,46.008179
14.381187,85.344810,95.000008,0.372856,45.944733
14.385680,86.577255,95.000008,0.412010,46.037579
14.388239,87.244019,95.000000,0.395978,46.074852
14.392755,84.063904,95.000000,0.378249,46.045284
14.395402,84.454384,95.000015,0.374958,46.104519
14.398029,83.491837,95.000000,0.388718,46.126717
14.400741,83.491837,95.000000,0.367309,46.223732
14.407780,83.491837,95.000000,0.392833,46.103424
14.410529,83.963928,95.000000,0.389127,46.159130
14.413116,86.187012,95.000000,0.347449,46.130356
14.415598,84.501419,95.000000,0.395527,46.183388
14.418163,86.527191,95.000000,0.377398,46.209949
14.424285,85.525421,95.000000,0.378088,46.133640
14.426912,85.645493,95.000000,0.404820,46.224705
14.429529,89.461678,94.963142,0.393263,46.233295
14.432111,87.557693,95.000000,0.396071,46.097984
14.434904,85.652954,94.748726,0.373538,45.249954
14.437828,88.100281,95.000000,0.410134,45.982368
14.440683,87.689812,95.000008,0.403076,43.608894
14.443438,84.118683,92.582626,0.303306,38.868999
14.447915,84.118683,88.845856,0.325211,39.786491
14.450439,84.118683,90.287064,0.329926,37.016045
14.454546,84.118683,82.761230,0.252270,34.657490
14.457149,84.118683,83.707825,0.253948,32.285896
14.462188,84.118683,78.735809,0.207989,29.715034
14.464635,84.118683,76.535179,0.171351,27.777237
14.467235,84.118683,76.820847,0.257462,31.738775
14.469847,84.118683,79.554062,0.208656,30.748728
14.472829,84.118683,80.666382,0.188103,35.754005
14.475575,84.118683,84.345291,0.199347,35.391171
14.478612,76.670380,85.179688,0.233425,38.717247
14.481201,76.670380,87.177338,0.217854,36.172123
14.483811,76.670380,80.573074,0.156230,32.046673
14.486650,76.670380,83.126167,0.190456,36.529106
14.489208,76.670380,85.037140,0.210073,35.740494
14.492105,76.670380,85.579224,0.242996,37.114052
14.494686,76.670380,85.190804,0.165937,32.990509
14.497907,75.759521,82.262726,0.177673,37.549316
14.501088,75.625259,86.076111,0.223869,37.567726
14.504223,75.201218,85.955086,0.221718,43.702980
14.511541,74.669212,92.109901,0.291095,37.954277
14.517965,77.934349,89.237495,0.252647,40.643047
14.520572,78.432175,87.974770,0.232675,39.470890
14.525552,79.997688,88.108139,0.253307,40.861191
14.528177,79.831528,91.812912,0.266057,43.260056
14.530838,82.455330,93.940887,0.311785,46.551914
14.534182,80.870621,94.871445,0.303156,46.442478
14.536893,80.498207,92.935623,0.255515,43.737350
14.541910,82.230133,94.971176,0.308395,46.441856
14.544535,84.511314,95.000000,0.309541,46.516647
14.547260,85.372139,95.000000,0.273523,46.603817
14.550131,85.372139,95.000000,0.281660,46.675823
14.552654,85.372139,95.000008,0.306966,46.689507
14.555210,85.372139,95.000000,0.306309,46.792049
14.557821,85.372139,95.000000,0.307996,46.757008
14.560533,85.372139,95.000000,0.316069,46.669682
14.563208,85.372139,95.000000,0.357785,46.701000
14.565808,85.372139,95.000000,0.349331,46.652691
14.568328,85.372139,95.000000,0.349333,46.538765
14.570908,85.372139,95.000000,0.371501,46.475269
14.575402,85.372139,95.000000,0.395139,46.434223
14.577951,85.372139,95.000008,0.346355,46.342888
14.582742,85.372139,95.046432,0.363373,46.274887
14.585294,85.372139,95.000000,0.337731,46.272297
14.589541,85.372139,95.000008,0.375505,46.142780
14.592213,85.372139,95.000000,0.362876,46.072731
14.594876,85.372139,95.000000,0.364554,46.376499
14.597534,85.372139,95.000000,0.390099,46.263554
14.600177,85.372139,95.000000,0.381271,46.122967
14.602892,85.372139,95.000000,0.396644,46.232498
14.605820,85.372139,95.000008,0.384924,46.352501
14.611882,85.372139,95.000000,0.378584,46.453442
14.615949,85.372139,95.000000,0.362725,46.554352
14.618547,85.372139,95.000000,0.370866,46.475914
14.621082,85.372139,95.000000,0.378454,46.464508
14.623566,85.372139,95.000000,0.375723,46.477695
14.626129,85.372139,95.000008,0.377068,46.408199
14.628992,87.713684,95.000008,0.392536,46.293705
14.633544,85.621605,95.000000,0.387023,46.172001
14.637895,87.205620,95.000000,0.387202,46.158970
14.640536,86.274185,95.000000,0.397092,46.197659
14.644922,91.033813,95.000000,0.351157,46.389729
14.647638,85.970772,95.000008,0.358829,46.341869
14.650201,85.407974,95.000000,0.365735,46.272984
14.657548,85.297356,95.000000,0.371377,46.153538
14.660152,87.225609,95.000000,0.367053,46.115009
14.662848,84.672318,95.000008,0.356313,46.249634
14.665396,89.690697,95.000015,0.347369,46.318615
14.668005,90.174110,95.000000,0.338453,46.300941
14.670542,86.227219,95.000000,0.341376,46.338531
14.673022,88.513527,95.000008,0.370015,46.417839
14.680210,85.598671,95.000000,0.367060,46.288155
14.682946,87.897072,95.000008,0.362414,46.269222
14.685533,86.072380,95.000015,0.343354,46.205517
14.688446,86.072380,95.000008,0.354416,46.152813
14.691068,88.141197,95.000000,0.324057,46.210823
14.693837,88.141197,95.000008,0.320251,46.293468
14.696588,88.141197,95.000000,0.347537,46.372208
14.702312,88.141197,95.000000,0.329401,46.234074
14.706565,88.141197,95.000000,0.364107,46.277325
14.715269,89.820755,95.000000,0.353739,46.524849
14.717793,88.760315,95.000008,0.364420,46.513584
14.720714,86.660606,95.000000,0.341727,46.413719
14.725782,85.360252,94.981041,0.331922,46.208954
14.728555,86.024414,95.000000,0.338169,46.333805
14.731379,82.185890,95.000000,0.337942,46.281494
14.734622,85.443924,95.000008,0.344307,46.261414
14.737199,88.471268,95.000000,0.340081,46.377701
14.739839,88.471268,95.000008,0.361429,46.386211
14.742599,88.471268,95.000000,0.342467,46.220650
14.745187,88.471268,95.000008,0.342382,46.227806
14.747865,88.471268,95.000015,0.369217,46.144787
14.750942,88.471268,95.000015,0.355832,46.203583
14.753570,88.471268,95.000008,0.328791,46.263882
14.756173,88.471268,95.015022,0.310098,46.323124
14.758837,88.471268,95.000000,0.310148,46.513783
14.763168,88.471268,95.000008,0.300471,46.357265
14.765772,88.143379,95.000000,0.317333,46.516739
14.770779,86.033417,95.000000,0.324741,46.471458
14.773542,85.853989,95.000015,0.322033,46.357506
14.777199,83.755852,95.000000,0.309707,46.272160
14.779944,89.803101,95.000008,0.315496,46.396622
14.782566,89.797897,95.000000,0.317943,46.473557
14.785124,83.650520,95.000008,0.322961,46.269108
14.788560,83.650520,95.000000,0.296417,46.349697
14.791296,83.650520,95.000015,0.319468,46.224461
14.799650,83.650520,95.000000,0.301515,46.264442
14.802215,83.650520,95.000000,0.311266,46.132126
14.805210,83.650520,95.000008,0.308209,46.055347
14.809557,83.650520,95.000000,0.307724,46.316467
14.819295,83.650520,95.000000,0.348014,46.397449
14.826925,83.650520,95.000008,0.324648,46.211105
14.829543,83.650520,95.000000,0.328657,46.188705
14.834153,88.861298,95.000015,0.338295,46.221004
14.836611,83.499100,95.000008,0.335301,46.274841
14.840881,89.570953,95.000008,0.353918,46.176830
14.843821,86.801636,95.000000,0.358133,46.262943
14.846562,86.801636,95.000008,0.348901,46.021492
14.849189,86.801636,95.000008,0.333218,46.139477
14.851700,86.311287,95.000008,0.342191,46.145264
14.854202,86.311287,95.000000,0.363255,46.096401
14.856808,86.311287,95.000000,0.367670,46.037739
14.859559,86.311287,95.000008,0.361684,46.130447
14.862258,86.311287,95.000008,0.357810,46.118500
14.864921,86.311287,95.000000,0.364503,46.342770
14.867541,83.147621,95.000000,0.387926,46.143173
14.871298,83.147621,95.000000,0.395892,46.179008
14.873833,83.147621,95.000000,0.416372,46.326706
14.876546,83.147621,95.000008,0.412020,46.089211
14.879215,83.147621,95.000000,0.444269,46.162075
14.881848,83.147621,95.000008,0.432902,46.218861
14.884425,83.147621,95.000008,0.439091,46.243973
14.891698,88.352371,95.000000,0.435912,46.094204
14.902812,90.577881,95.000000,0.421252,46.070648
14.905548,85.788383,95.000008,0.410928,45.981869
14.908241,85.788383,95.000000,0.407115,46.013844
14.911217,85.603279,95.000008,0.363116,46.134777
14.913992,88.019440,95.000000,0.330602,46.093430
14.919881,88.019440,95.000000,0.335941,46.071449
14.922539,88.019440,93.993362,0.343912,45.959480
14.925136,87.215019,95.000015,0.356550,46.088486
14.927672,86.298691,95.000008,0.327281,45.727642
14.930217,86.320709,90.321297,0.270610,46.150826
14.936291,85.537415,95.000008,0.325193,44.832191
14.939239,89.488998,93.605164,0.320882,44.491436
14.941866,83.412155,90.919792,0.275317,42.107861
14.944570,88.811737,90.600159,0.316420,42.411377
14.948404,78.246696,90.036423,0.272310,32.451996
14.953451,88.671799,81.434120,0.170333,37.834991
14.958926,74.466286,84.724823,0.250138,29.353989
14.961539,79.346672,78.382881,0.247080,37.531921
14.965595,74.131157,86.362274,0.328919,34.999992
14.968175,78.945343,83.243530,0.320991,34.443153
14.971630,72.425499,84.397522,0.276486,33.007759
14.974214,70.002029,77.574982,0.225983,28.808598
14.976845,78.803375,80.352615,0.229740,37.509995
14.979552,71.187965,86.500862,0.228870,33.787865
14.984791,76.662407,83.367111,0.246884,43.735527
14.987340,77.139404,92.160675,0.360720,46.762585
14.991038,77.891716,90.977036,0.326249,39.888008
14.993569,77.649017,92.306244,0.293977,43.897919
14.996614,77.210770,94.027664,0.336410,46.435726
15.000231,84.618393,95.000000,0.356099,44.892944
15.007795,79.360962,95.000000,0.352738,46.486286
15.010419,79.360962,92.264458,0.254340,40.327248
15.016406,79.360962,89.299255,0.273516,40.443634
15.024846,79.360962,89.683380,0.283236,42.830246
15.033032,79.360962,90.566818,0.265832,40.134804
15.037553,86.972755,88.871735,0.332875,46.355019
15.041244,81.653572,95.000000,0.351060,46.516026
15.043883,84.855194,95.000008,0.355060,46.419720
15.046463,85.985519,95.000000,0.348620,46.594631
15.051775,84.846138,95.000000,0.333892,46.532501
15.054638,83.703796,95.000000,0.351870,46.491619
15.057209,84.537766,95.000000,0.317040,46.452541
15.059710,92.262566,95.000000,0.330275,46.505310
15.062236,84.965187,95.000008,0.332771,46.580589
15.064853,85.650078,95.000000,0.315764,46.356998
15.067418,86.823532,95.000008,0.322888,46.204102
15.070016,83.922043,95.000000,0.324278,46.212929
15.072636,87.606117,95.000000,0.351374,46.112923
15.077707,83.734352,94.965767,0.308490,46.188942
15.081138,90.111885,95.000000,0.331193,46.362633
15.088464,87.863884,95.000000,0.333014,46.209126
15.093059,85.450935,95.000000,0.351043,46.301109
15.095965,85.101105,94.355377,0.334841,46.229637
15.099154,85.666893,95.000015,0.325093,46.331566
15.101669,84.783806,95.000000,0.332688,46.390530
15.105203,89.878265,95.000008,0.345211,46.439125
15.107906,85.426086,94.977585,0.370294,46.473122
15.110574,85.062019,95.000008,0.378244,46.338024
15.113270,87.346817,95.000000,0.385226,46.407742
15.115846,84.047440,95.000000,0.379148,46.391983
15.118564,85.386147,95.000000,0.355258,46.497215
15.124245,86.226074,95.000000,0.331010,46.526836
15.126824,86.085861,95.000008,0.338068,46.291073
15.129408,86.184586,95.000000,0.349090,46.389378
15.131975,87.924675,95.000008,0.344026,46.532337
15.134603,89.141098,95.000000,0.357288,46.539074
15.137233,87.994934,95.000000,0.343133,46.445210
15.141616,87.994934,95.000000,0.352693,46.484333
15.144298,87.994934,95.000000,0.388192,46.604420
15.148759,88.807785,95.000000,0.374191,46.359402
15.151329,89.665077,95.000000,0.390409,46.469559
15.153994,86.252136,95.000008,0.391674,46.521873
15.156660,88.639244,95.000015,0.406461,46.363071
15.159269,87.829933,95.000000,0.426464,46.388008
15.163386,87.476456,95.000000,0.452688,46.171585
15.168716,84.283791,95.000000,0.463932,46.214466
15.171757,91.857071,95.000000,0.443937,46.219921
15.174240,91.261475,95.000000,0.445759,46.374870
15.177553,87.358803,95.000015,0.445521,46.294647
15.180133,89.561783,95.000015,0.461664,46.217106
15.182746,85.466293,95.000000,0.465514,46.203651
15.185549,87.926666,95.000015,0.463383,46.163162
15.188605,90.810715,95.000000,0.446331,46.044857
15.191341,87.603561,95.000008,0.433055,46.142418
15.193948,92.208038,95.000000,0.411147,46.240627
15.196666,91.661835,95.000008,0.390726,46.480240
15.199569,86.668709,95.000008,0.358287,46.341270
15.204205,88.510345,95.000000,0.359359,46.439224
15.207462,86.587822,95.000000,0.333867,46.355598
15.214319,84.102295,95.000000,0.336667,46.262840
15.218218,85.932655,95.000000,0.343303,46.282837
15.220743,83.530334,95.000000,0.310094,46.121830
15.226560,89.817192,95.000000,0.318701,46.272141
15.232457,85.452415,95.000000,0.322870,46.120487
15.235152,85.452415,95.000008,0.317049,46.176907
15.237685,85.452415,95.000000,0.355665,46.199245
15.240328,85.452415,95.000000,0.357646,46.055618
15.242924,85.452415,95.000000,0.312262,46.278744
15.246587,85.452415,94.989532,0.308717,46.502167
15.249220,85.452415,95.045769,0.323128,46.533836
15.252192,85.452415,95.000008,0.323549,46.535217
15.254949,85.452415,95.000000,0.341213,46.492584
15.257563,85.452415,95.000000,0.337003,46.543510
15.260606,85.452415,95.000015,0.344702,46.449074
15.263204,85.452415,95.000000,0.318376,46.470749
15.267587,85.452415,94.959999,0.341248,46.526890
15.270317,85.452415,95.000000,0.324583,46.468571
15.274763,85.452415,95.000000,0.325625,46.292702
15.281569,85.452415,95.000015,0.359959,46.273956
15.284190,85.452415,95.000000,0.336125,46.169201
15.287610,85.452415,95.000008,0.336720,46.248562
15.290230,86.736168,95.000000,0.345331,46.401436
15.293294,84.623314,95.000000,0.331074,46.333103
15.295958,85.446922,95.000008,0.314234,46.353653
15.299144,86.164474,95.000000,0.335444,46.429428
15.301677,85.360229,95.000008,0.337834,46.389492
15.307079,86.034821,95.000015,0.301160,46.443336
15.309868,88.336182,95.000008,0.302887,46.539429
15.312591,83.272598,95.000008,0.313568,46.426071
15.315556,84.088165,95.000015,0.320015,46.331608
15.318203,85.492233,95.000008,0.335393,46.502808
15.322554,87.336433,95.000000,0.362744,46.430584
15.331250,87.648262,95.000000,0.374703,46.369873
15.334001,85.691574,94.999992,0.378742,46.157249
15.338291,85.236900,95.000008,0.373250,46.061920
15.340787,87.810898,95.000008,0.388412,46.210472
15.344795,87.353333,95.000015,0.388810,46.054306
15.347613,87.443115,95.103455,0.383364,46.027603
15.350220,87.764236,95.000008,0.367881,46.064213
15.353249,87.871788,95.000000,0.387345,46.067413
15.355865,86.256599,95.000000,0.385329,46.023003
15.358570,84.986519,95.000000,0.357683,46.136490
15.361059,90.953674,95.000008,0.322222,46.211681
15.363758,86.919380,95.000000,0.336912,46.154243
15.366644,86.899948,95.000000,0.332843,46.080311
15.369411,87.796631,95.000000,0.322933,46.090405
15.371877,86.761887,95.000000,0.332411,46.046047
15.377327,85.826637,95.000000,0.334003,46.027020
15.379965,85.364380,95.000015,0.333120,46.043453
15.383007,86.570618,95.000000,0.345387,46.019733
15.385598,84.488853,95.000008,0.345381,46.002369
15.388115,83.966148,95.000000,0.339403,45.918648
15.392270,87.540085,95.000000,0.346012,46.153957
15.395342,87.508476,95.000000,0.376462,46.286732
15.400208,87.835030,95.000000,0.346659,46.382935
15.402822,85.594597,95.000000,0.360888,46.387562
15.405366,85.182022,95.000000,0.380044,46.359051
15.407936,84.334389,95.000000,0.357062,46.307114
15.410695,85.580811,95.000000,0.353240,46.379692
15.413220,89.787529,95.000015,0.354730,46.400570
15.415861,86.808014,95.000000,0.367256,46.476475
15.418912,84.607559,95.000000,0.366388,46.316288
15.424284,87.174469,95.000000,0.362718,46.281559
15.429951,85.967438,95.000000,0.366638,46.266342
15.432994,86.141113,95.000000,0.360720,46.167114
15.435560,87.060074,95.000000,0.370231,46.231647
15.438094,86.094261,95.000000,0.360586,46.259880
15.440947,85.901093,95.000000,0.382449,46.188076
15.443558,85.056908,95.000008,0.388348,46.227989
15.448705,85.881073,95.000000,0.399949,46.144035
15.451300,84.399681,95.000000,0.373616,46.040154
15.455578,84.399681,95.037979,0.395537,45.963207
15.458216,84.399681,95.000000,0.370611,46.005230
15.463225,84.399681,95.000008,0.390784,45.817005
15.465817,84.399681,95.000000,0.409961,46.077255
15.469982,84.348099,95.000000,0.356331,46.004082
15.473267,84.348099,95.000015,0.343713,46.055981
15.475865,84.348099,95.000015,0.368806,46.095600
15.478477,86.798187,95.000008,0.371257,46.144485
15.481068,84.956924,95.000000,0.374139,46.046146
15.483945,84.632988,95.000008,0.342203,45.981037
15.486576,86.599228,95.000008,0.370792,45.988628
15.489143,86.996506,95.000000,0.344239,45.666954
15.491749,85.245758,94.900681,0.357348,45.894196
15.494325,87.153290,95.000000,0.347714,46.106144
15.497287,87.912521,95.000000,0.314744,46.204849
15.499979,84.871170,92.039978,0.294142,43.160683
15.502584,83.772545,87.950668,0.251423,38.993721
15.505204,82.996590,87.985054,0.258110,40.189648
15.507847,82.621658,88.202347,0.271698,39.277229
15.510691,78.498627,87.820267,0.253557,37.413559
15.516148,84.788635,94.827744,0.346909,46.177521
15.520853,77.857628,91.565247,0.244528,39.476112
15.526156,78.810677,85.814896,0.230720,37.078438
15.531942,77.778435,85.119904,0.225304,36.405212
15.534576,78.955536,87.827759,0.233270,40.227501
15.546788,76.365173,87.734406,0.249213,38.075302
15.549286,81.089142,86.788910,0.273349,39.905281
15.551829,80.105194,90.982391,0.283334,42.343727
15.554767,80.609703,92.725746,0.267678,46.582699
15.557371,85.235878,95.000000,0.303875,46.712688
15.560265,83.874077,95.000008,0.286197,46.755161
15.562878,84.131721,95.000000,0.319081,46.575119
15.565766,84.215424,95.000008,0.324826,46.591892
15.569199,85.546722,95.000000,0.321055,46.582634
15.571740,85.112068,95.000000,0.317081,46.605274
15.574615,84.820023,95.000000,0.320254,46.484142
15.577231,84.382072,95.000015,0.324578,46.568737
15.581585,85.456451,95.000000,0.333819,46.491486
15.588566,86.208374,95.000008,0.335579,46.585041
15.591205,86.536850,95.000000,0.375644,46.528641
15.595598,83.541855,95.000008,0.331747,46.455715
15.598192,84.183357,95.000000,0.339358,46.289139
15.600753,86.131950,95.000000,0.360753,46.127430
15.603361,82.887558,95.000008,0.369935,46.198292
15.606947,85.823166,95.000008,0.372961,46.015884
15.609571,85.873154,95.000000,0.378014,46.070827
15.612165,84.939980,95.000000,0.413802,46.113941
15.615158,84.875229,95.000000,0.382915,46.216080
15.617785,87.981880,95.000000,0.389240,46.242252
15.620718,89.106979,95.000015,0.390981,46.311577
15.623197,87.208565,95.026604,0.420755,46.318798
15.625855,86.891579,94.981445,0.433978,46.292290
15.628480,88.344826,95.000015,0.400819,46.447144
15.634973,85.896927,95.000008,0.370771,46.369812
15.637643,86.547470,95.000000,0.400511,46.283123
15.640560,86.092125,94.999992,0.402921,46.341942
15.644903,87.504807,95.000000,0.387909,46.172188
15.647797,85.331146,95.000000,0.386015,46.141708
15.652136,86.055824,95.000000,0.390501,46.140820
15.654795,89.114685,95.000000,0.395533,45.978497
15.659569,88.428513,95.000008,0.335502,46.020412
15.662090,88.428513,95.000000,0.348763,46.181316
15.664787,88.428513,95.000000,0.335154,46.268291
15.667604,88.428513,95.000000,0.325318,46.140266
15.670697,88.428513,95.000000,0.317957,46.184216
15.673349,88.428513,95.000000,0.324914,46.186058
15.679596,88.428513,95.000008,0.305905,46.427326
15.683490,90.983154,95.000008,0.301878,46.481266
15.686038,88.266388,95.000008,0.305555,46.458866
15.689292,86.987457,95.000000,0.330293,46.427521
15.691904,87.987572,95.000008,0.336412,46.656303
15.696649,83.810745,95.000008,0.341519,46.364845
15.700112,83.976303,95.000000,0.369770,46.288982
15.705614,86.447571,95.000000,0.371178,46.165466
15.716911,86.588547,95.000015,0.341451,46.229267
15.724407,87.874046,95.000000,0.347802,46.396286
15.727099,88.375015,95.000008,0.361781,46.396690
15.729577,86.526947,95.000008,0.344197,46.384434
15.733009,84.205780,95.000000,0.359227,46.595638
15.739648,83.948807,95.000000,0.328299,46.616695
15.742977,86.196793,95.000008,0.316580,46.453831
15.746582,85.779877,95.000000,0.339622,46.453445
15.750357,85.595596,95.000008,0.334439,46.381111
15.754042,83.273697,95.000000,0.339561,46.261578
15.757757,84.856339,95.000008,0.350296,46.229870
15.760988,87.137985,95.000008,0.338281,46.272720
15.764235,87.137985,95.000008,0.349772,46.159351
15.767690,89.405197,95.000000,0.403449,46.127235
15.777587,89.405197,95.000008,0.332204,46.268059
15.780388,89.405197,95.000000,0.352672,46.194965
15.784605,89.405197,95.000000,0.322823,46.272026
15.788025,89.405197,95.000008,0.345703,46.295841
15.790993,89.405197,95.000000,0.331050,46.280968
15.793593,89.405197,95.000008,0.308770,46.199512
15.796578,89.405197,95.000008,0.311272,46.288151
15.799380,89.405197,95.000000,0.324761,46.328819
15.802321,83.705765,95.000008,0.323021,46.234924
15.804896,83.705765,95.000000,0.312804,46.101288
15.808009,84.712601,95.000008,0.335669,46.125771
15.811440,85.817032,95.000000,0.347819,45.942146
15.813982,83.396446,89.882339,0.272181,40.801941
15.816934,88.938293,91.574860,0.277557,45.139496
15.819454,87.228889,94.165466,0.318659,45.054260
15.822085,83.129181,94.789032,0.292178,42.991882
15.825184,84.963074,93.530731,0.290961,44.731773
15.828502,82.063858,95.000000,0.313139,46.338539
15.831040,81.193039,94.123871,0.296115,45.331688
15.835255,83.960892,95.000000,0.352748,46.304890
15.842142,86.557266,95.000000,0.347740,46.357086
15.847440,84.238441,95.000000,0.328538,46.404015
15.850200,86.898239,95.000000,0.352057,46.400711
15.852832,83.490768,95.000000,0.353341,46.243984
15.855430,84.007713,95.000008,0.353733,46.202858
15.857968,83.922821,95.000000,0.364250,46.195221
15.861284,84.113129,95.000000,0.361334,44.291199
15.865356,85.915199,93.222229,0.368126,46.069843
15.867981,86.070480,94.082993,0.332670,45.175613
15.870596,87.489708,90.627029,0.294505,41.103882
15.873191,84.600128,90.101006,0.332125,40.726322
15.876002,83.265785,88.362503,0.292632,39.418900
15.878844,86.376038,88.942078,0.352982,41.316681
15.881759,86.376038,92.063454,0.379226,43.223663
15.884356,86.376038,91.673965,0.358577,40.931328
15.887192,86.376038,89.713562,0.341019,41.450840
15.892195,86.376038,91.244713,0.337855,43.357140
15.896607,86.376038,90.964272,0.392413,41.614494
15.899358,86.376038,90.358643,0.347002,42.631699
15.903667,86.376038,91.452621,0.425515,43.959099
15.906330,86.376038,89.180222,0.337787,38.231483
15.910021,84.049957,88.991028,0.365514,41.322266
15.913590,84.590347,90.177216,0.390236,42.311810
15.916230,84.132225,87.374603,0.330382,38.555664
15.918994,81.010040,86.004059,0.299322,37.722458
15.921636,81.445534,85.781738,0.250519,33.959435
15.926219,80.580162,82.673187,0.265758,33.824558
15.929078,77.220047,84.725510,0.205462,39.196384
15.933154,80.492485,87.877853,0.314914,42.408585
15.935686,76.946121,90.959518,0.235945,38.617287
15.938278,79.094872,86.065659,0.245000,37.469902
15.944460,77.219498,86.829605,0.244041,39.370396
15.947180,79.150223,87.905533,0.249330,39.224106
15.949699,75.506210,87.745880,0.251812,40.091797
15.952339,78.728302,90.146713,0.286739,41.578266
15.954918,80.346642,88.826118,0.297943,40.941216
15.957472,76.928566,89.621742,0.273490,36.427940
15.961515,81.085159,85.087967,0.245572,36.679405
15.964099,81.880791,91.832039,0.279924,41.442455
15.968219,77.673805,84.420319,0.196386,35.774235
15.970812,76.989639,84.714279,0.229951,36.339874
15.975714,79.926773,85.095581,0.304019,38.090057
15.978216,76.482590,86.268700,0.296662,37.574215
15.980896,77.209480,82.492760,0.243356,33.011292
15.983577,81.460320,81.777428,0.333707,40.483696
15.986161,76.216171,88.762970,0.349527,40.180962
15.988838,75.984138,88.236374,0.306935,36.927612
15.992143,79.013687,84.258865,0.259656,35.680565
15.994927,76.210335,88.022804,0.310474,40.369148
15.998216,77.559013,87.586472,0.281349,39.137512
16.000779,77.192764,88.059128,0.272888,43.351234
16.003338,77.528664,91.753960,0.338179,46.648266
16.005950,80.437576,95.000000,0.325016,46.768215
16.008577,79.800797,95.000008,0.335691,46.663059
16.011319,79.857635,95.000000,0.317566,46.701187
16.013962,82.930725,95.000000,0.336983,46.697548
16.016584,84.209908,95.000015,0.353092,46.663403
16.019158,82.362862,95.000000,0.335311,46.493298
16.023217,84.449181,95.000008,0.367331,46.459747
16.029314,87.551979,95.000015,0.360599,46.352058
16.032104,83.569603,95.000000,0.376247,46.263123
16.034664,85.123154,95.000000,0.328675,46.147362
16.039010,86.598969,95.000000,0.290857,46.246620
16.044816,88.249489,95.000000,0.299068,46.253010
16.047595,84.917412,95.000008,0.323555,46.289379
16.050262,83.775803,95.000000,0.320329,46.178028
16.053914,84.086197,95.000008,0.355154,46.391869
16.059581,88.161461,95.000000,0.369985,46.442810
16.062861,86.235893,95.000000,0.371362,46.461926
16.065402,86.235893,95.000008,0.351742,46.473373
16.068081,86.235893,95.000008,0.345903,46.489861
16.071189,86.235893,95.000008,0.342798,46.411400
16.073791,86.235893,95.000008,0.326986,46.327522
16.076661,86.235893,95.000000,0.337615,46.263493
16.079234,86.235893,95.000008,0.323836,46.251217
16.081789,86.235893,95.000008,0.337305,46.095699
16.086591,86.235893,95.000000,0.344135,46.190369
16.089212,86.235893,95.000000,0.326280,46.215252
16.093585,86.235893,95.000000,0.320464,46.185940
16.096328,86.235893,95.000015,0.357176,46.119404
16.100856,86.235893,95.000000,0.356870,46.241158
16.103376,86.235893,95.000000,0.307644,44.718987
16.105965,86.235893,94.013268,0.342425,45.798378
16.109133,86.235893,94.693398,0.371585,46.237179
16.111610,86.235893,95.000000,0.360687,46.337154
16.114287,86.235893,95.000008,0.351497,46.331848
16.116883,86.235893,93.270538,0.314369,46.229218
16.119578,86.235893,95.000000,0.331565,46.328297
16.122225,86.235893,95.000000,0.355514,46.390259
16.124884,86.235893,95.000000,0.369572,46.500347
16.127604,86.235893,95.000000,0.342939,46.482979
16.131792,86.235893,95.000000,0.356789,46.496960
16.134816,86.235893,95.000015,0.360948,46.394039
16.137387,86.235893,95.000000,0.361894,46.333210
16.146378,86.235893,95.075714,0.395623,46.254322
16.150916,86.235893,95.000015,0.372337,46.547882
16.153597,85.503418,95.000008,0.374706,46.360779
16.157857,87.723335,95.000000,0.397854,46.367573
16.161610,87.746368,95.000000,0.383076,46.468338
16.164208,87.458839,95.000000,0.383407,46.457088
16.166892,84.605698,95.000000,0.396782,46.212681
16.169639,85.313057,95.000000,0.393640,46.284977
16.172231,88.159706,95.000000,0.388108,46.313942
16.175359,86.186531,95.000008,0.421841,46.248417
16.177975,86.014931,95.000000,0.384228,46.226677
16.180582,87.657593,95.000008,0.378874,46.147705
16.183819,87.657593,95.000000,0.411908,46.145931
16.190353,87.657593,95.000008,0.449080,46.066036
16.192932,88.988792,95.000008,0.442149,46.041859
16.198059,88.988792,95.000000,0.423758,46.177795
16.201591,88.988792,95.000000,0.424138,46.144714
16.204172,88.988792,95.000008,0.440258,46.071121
16.206782,88.988792,95.000000,0.434011,46.095623
16.211280,89.601913,95.000000,0.403848,46.141899
16.214025,90.071426,95.000008,0.385560,46.239338
16.218885,88.140877,95.000000,0.336717,46.260612
16.221612,88.044815,95.000000,0.370699,46.292164
16.225591,86.709320,95.000000,0.346981,46.216949
16.228243,84.841148,95.000000,0.376640,46.128288
16.230869,84.841148,95.000000,0.339686,46.158657
16.233671,84.841148,95.000000,0.347919,46.305733
16.236839,86.086754,95.000008,0.336216,46.279945
16.239477,86.798882,95.000015,0.298500,46.122166
16.242406,84.684723,95.000000,0.330027,46.101921
16.245233,85.258163,94.637939,0.343704,42.520836
16.251644,83.458519,91.451508,0.273962,41.155724
16.254295,86.099709,95.000000,0.344593,46.173534
16.256915,81.650650,95.000000,0.359060,42.618004
16.259583,82.964157,91.352219,0.285224,43.207146
16.262094,84.855865,89.916916,0.265845,41.172997
16.264678,83.704834,89.431221,0.259784,46.358013
16.267261,85.144882,95.000000,0.341605,46.447456
16.269832,82.709518,95.000000,0.343662,46.431206
16.272463,83.406113,95.000000,0.395876,46.482315
16.277255,86.942413,95.000000,0.361510,46.303375
16.284324,88.580254,95.000008,0.354093,46.365112
16.288582,83.445091,95.000008,0.399763,46.164021
16.291251,85.801071,94.866814,0.343613,46.280685
16.293866,86.096977,95.000008,0.352668,46.288570
16.296416,84.304207,95.000000,0.353678,43.424873
16.304302,85.155762,95.000015,0.338922,46.175652
16.306898,86.265633,95.000008,0.370527,46.233280
16.309589,84.866219,95.000000,0.366535,46.355694
16.312168,82.835884,94.845512,0.342757,46.139977
16.314862,82.835884,93.055840,0.304697,46.291161
16.317446,82.835884,95.000008,0.355295,46.383945
16.320412,82.835884,95.000000,0.352845,46.495010
16.323049,82.835884,95.014954,0.321794,46.226112
16.325595,82.835884,94.906677,0.352990,46.257389
16.328224,82.835884,94.803940,0.346377,46.243870
16.331081,82.835884,95.000000,0.337691,46.294392
16.333612,82.835884,95.000000,0.362379,46.223244
16.337916,82.835884,95.000008,0.415476,46.259480
16.342313,82.835884,95.000015,0.373589,46.195778
16.346867,86.745583,95.000008,0.413079,46.142231
16.353904,85.155884,95.000000,0.426272,46.053524
16.356644,84.402718,95.000008,0.419141,46.037796
16.359230,84.522148,95.000008,0.380744,45.447853
16.361914,84.056671,93.260872,0.370912,42.890884
16.365325,83.944962,91.887390,0.272100,38.934433
16.368171,86.204941,86.268509,0.240053,37.200890
16.370777,81.112694,87.048416,0.252038,34.537086
16.373329,84.613060,83.577324,0.208776,35.689278
16.375846,79.957275,86.094978,0.218184,37.199806
16.379712,78.623276,82.891594,0.181091,34.039284
16.382293,79.552902,83.683212,0.187866,34.872131
16.384913,77.645866,84.933258,0.196346,36.317451
16.387502,76.899139,84.990585,0.203409,34.621223
16.390022,78.568283,83.751869,0.208901,35.097401
16.392648,73.863495,81.797661,0.185782,31.825615
16.395259,74.439140,79.959259,0.175800,35.186012
16.401189,73.553986,83.838524,0.286512,32.589615
16.405163,73.085373,79.577461,0.193764,33.478279
16.409600,71.837410,84.126602,0.233729,35.552307
16.412626,77.073036,88.784439,0.323174,39.781166
16.415239,75.768333,88.262924,0.301567,38.446198
16.417770,74.858009,90.615875,0.335074,42.143646
16.420381,79.698540,91.959389,0.383277,43.482185
16.422900,78.181709,95.000000,0.424840,46.626724
16.426457,82.211235,90.956856,0.337796,45.900948
16.429325,82.657722,94.378021,0.380176,46.592514
16.432161,82.562386,95.000000,0.403297,46.552662
16.434694,85.077797,95.000000,0.391653,46.622223
16.437235,85.721008,95.000000,0.393076,46.567303
16.439948,85.226761,95.000000,0.383830,46.562000
16.444181,88.780914,95.000000,0.376917,46.484379
16.446828,87.684753,95.000015,0.362192,46.522205
16.453624,86.651443,95.000000,0.379583,46.467411
16.457141,85.193985,95.000008,0.371002,46.355000
16.460028,85.193985,95.000008,0.421068,46.344055
16.464287,87.809952,95.000000,0.398257,46.031040
16.471259,83.300751,95.000000,0.386087,45.533070
16.474424,85.374077,95.000000,0.362840,43.861153
16.478736,86.098274,90.434631,0.301076,39.656960
16.481519,88.525742,88.760109,0.346086,41.953987
16.484251,85.064316,94.991776,0.390605,46.064537
16.486898,83.504066,94.166862,0.346738,42.525970
16.489611,84.610077,91.330170,0.279750,40.323509
16.492261,84.410599,91.821136,0.309809,43.017738
16.495049,83.033295,94.565399,0.376182,41.824219
16.497650,82.891327,86.375526,0.249270,37.533424
16.500592,82.228249,88.507065,0.284962,37.606850
16.503279,83.126465,86.484840,0.297444,40.905392
16.506622,80.185814,91.248489,0.304461,39.257042
16.509279,81.962799,88.011070,0.250632,38.120003
16.512208,80.178886,87.074532,0.234599,38.339943
16.514804,80.560791,85.825363,0.228595,38.692184
16.517358,80.729980,87.412216,0.250197,39.933929
16.520072,79.127884,87.769608,0.227328,39.108986
16.522893,78.964409,88.339050,0.266488,43.863029
16.527416,78.631004,92.429123,0.318918,46.003952
16.529995,78.631004,91.610489,0.272115,41.261749
16.534326,78.631004,88.328430,0.244680,41.434204
16.538430,78.631004,88.880417,0.242602,40.273201
16.544913,82.685402,90.703583,0.265018,45.670498
16.547609,82.685402,93.780769,0.322919,45.259476
16.550986,82.685402,89.971725,0.243314,40.631073
16.556869,82.685402,95.000000,0.350200,46.465927
16.562416,82.685402,94.332550,0.320848,45.810490
16.565001,84.619637,95.000000,0.313331,46.594868
16.567587,83.852325,95.000000,0.315283,46.605598
16.570245,84.505661,95.000000,0.303365,46.568356
16.572932,83.763840,95.000000,0.297615,46.515701
16.575602,85.103333,95.000008,0.309575,46.516960
16.578743,86.556488,95.000000,0.323114,46.501308
16.581361,86.151947,95.000000,0.317058,46.522484
16.586726,89.478729,95.000008,0.324968,46.546139
16.590985,84.570480,95.000008,0.314650,46.506130
16.593597,86.212418,95.019135,0.341733,46.493664
16.598070,85.256248,95.000000,0.349379,46.472809
16.608720,88.002686,95.000000,0.378520,46.376099
16.611282,85.824852,95.000000,0.369885,46.330761
16.614623,83.492729,95.000008,0.371243,46.113544
16.617238,86.297806,95.000008,0.383046,46.038982
16.619835,87.895126,95.000015,0.371586,46.239410
16.623172,85.625221,95.000000,0.378849,46.079098
16.630599,87.888458,95.000015,0.405565,46.186974
16.633261,87.127151,95.000000,0.428702,46.168655
16.635857,86.794907,95.000015,0.428153,46.095371
16.638422,88.176208,95.000008,0.433920,46.200615
16.641700,88.188545,95.000000,0.389630,46.422367
16.644311,87.611259,95.000000,0.388725,46.355011
16.647194,87.883026,95.000000,0.414276,46.267982
16.649722,86.811089,95.000000,0.385805,46.196377
16.653919,87.208107,95.000000,0.399760,46.090660
16.661402,88.443176,95.000015,0.358365,46.044151
16.664444,87.238083,95.000008,0.356229,46.093487
16.671021,85.323303,95.000000,0.348824,46.069660
16.675603,86.229355,94.671600,0.331837,45.883858
16.678898,84.205391,91.801903,0.310306,44.015900
16.682601,85.034447,93.448875,0.245645,39.530270
16.689015,83.561653,90.241714,0.302777,45.948673
16.706091,85.552887,95.000000,0.372981,46.371040
16.713286,84.671188,95.000008,0.343090,46.249897
16.719320,85.468758,95.000000,0.340483,45.427002
16.723648,86.053375,94.168716,0.289678,41.178978
16.726269,86.098122,92.076050,0.285229,41.920517
16.730638,85.234894,89.738342,0.283744,45.132042
16.733255,87.670723,93.899170,0.373614,45.683029
16.735938,85.553986,93.448822,0.331765,45.845894
16.740102,84.009682,92.773315,0.394870,45.879578
16.743946,86.334000,95.000000,0.395835,46.394176
16.746653,83.793129,94.986938,0.351454,42.834591
16.749281,84.182640,91.435944,0.306778,46.425213
16.754185,85.574417,95.000000,0.379580,46.435295
16.757250,83.600525,95.000000,0.335525,46.352039
16.763242,87.340355,95.000000,0.324594,46.366142
16.765893,84.753029,95.000015,0.336076,44.367233
16.771652,84.753029,93.109848,0.336074,46.232456
16.774920,82.935562,95.000000,0.341996,46.239349
16.779359,82.935562,95.000000,0.333924,46.301514
16.781966,85.301041,95.000000,0.343179,46.258381
16.786264,85.455330,93.840851,0.317273,45.067726
16.788881,84.502411,92.840469,0.326213,44.730728
16.793357,84.552757,93.508469,0.318732,42.888435
16.797306,84.236198,89.193527,0.286521,38.337406
16.801803,83.462631,91.905136,0.303190,43.125870
16.806755,85.124374,95.000000,0.319482,46.434582
16.809487,83.126732,95.000000,0.315021,46.465775
16.812123,82.314735,94.072922,0.299862,45.210739
16.816609,83.148361,94.997330,0.272866,42.100281
16.824461,82.330589,85.699516,0.215181,38.451317
16.827045,79.399803,87.323273,0.251807,38.651833
16.829615,79.925873,87.483017,0.210413,35.556839
16.832243,79.165298,80.799652,0.177622,31.911112
16.834921,74.937622,81.390640,0.225578,37.583405
16.841949,73.161781,88.215988,0.224398,39.647896
16.844668,72.332283,87.610138,0.239456,39.266144
16.848959,76.913643,93.770294,0.346554,46.589851
16.851890,77.478340,94.271057,0.327598,46.419506
16.856023,81.863258,95.000008,0.358452,46.581665
16.859339,87.122406,95.000000,0.364872,46.560974
16.868377,88.556686,95.000000,0.367373,46.415344
16.871125,85.059067,95.000008,0.375228,46.337860
16.874382,84.337585,95.000000,0.376250,46.244591
16.877412,88.046913,95.000015,0.363093,46.331528
16.880322,87.129959,95.011566,0.373963,46.327991
16.882948,85.630753,95.000000,0.388083,46.110512
16.888191,85.875366,95.000008,0.385563,46.176392
16.891620,84.090782,95.000000,0.375118,44.852852
16.894202,86.194153,92.299278,0.355126,46.001850
16.897330,87.982422,94.878738,0.406987,46.205448
16.899872,89.680969,95.000000,0.379709,46.340462
16.902516,87.961487,95.000000,0.417083,42.787945
16.907628,88.529259,91.606110,0.419001,45.924187
16.913129,87.785072,94.737701,0.361779,46.236935
16.916860,85.888870,95.000000,0.379547,46.292030
16.919417,85.459236,95.000008,0.423911,46.192692
16.921968,89.070343,94.466095,0.400743,45.624542
16.924704,84.725174,94.905998,0.371434,46.200989
16.927361,88.888672,95.000008,0.430847,46.214252
16.930123,89.643478,93.954208,0.412293,45.122299
16.932701,87.035767,93.245453,0.391215,43.937687
16.935282,85.852951,92.802948,0.335035,41.340961
16.938019,83.617996,89.862366,0.327737,40.952469
16.940644,83.426834,92.066467,0.372913,38.928581
16.943317,84.667374,84.355270,0.234859,35.436554
16.946900,84.921951,87.043579,0.261969,37.755394
16.949759,80.666237,84.153175,0.240474,35.287056
16.952338,80.666237,87.755661,0.258435,43.329834
16.956045,76.803406,88.044403,0.259734,39.393623
16.958602,76.803406,84.323700,0.227503,36.553215
16.961166,76.803406,87.498055,0.237760,36.596283
16.969078,76.803406,85.331482,0.261197,39.558422
16.971732,76.803406,88.528389,0.274467,41.308197
16.979238,76.803406,87.740814,0.251846,36.948799
16.983870,76.803406,85.223412,0.264256,36.482971
16.986414,76.803406,83.770279,0.220834,31.934738
16.989078,76.803406,80.699814,0.242389,33.378071
16.992039,76.803406,86.152039,0.304860,37.471794
16.994635,76.803406,87.032532,0.298568,34.880516
16.997233,76.803406,83.476448,0.234933,33.324608
16.999791,76.803406,83.659073,0.268441,34.952641
17.002478,74.106522,85.487663,0.348417,36.771236
17.005029,74.888695,86.074982,0.356034,35.222702
17.007519,73.723579,83.821777,0.238720,35.613956
17.010391,73.893433,83.751335,0.246067,36.971481
17.013734,81.347641,91.618393,0.313166,43.232735
17.016398,78.124733,93.261032,0.324509,40.007584
17.019635,79.824570,88.363297,0.248161,40.022087
17.022857,77.383469,91.881973,0.354071,46.494083
17.026613,82.517960,95.000000,0.330129,46.621353
17.030616,82.304924,95.000000,0.333838,46.624840
17.033279,84.336411,95.000000,0.339579,46.528873
17.037753,83.936768,95.000008,0.321323,46.551373
17.040965,87.547287,95.000000,0.340493,46.378880
17.044605,89.103172,95.000008,0.338908,46.274029
17.047234,85.806290,95.000000,0.316385,43.762177
17.049838,90.092163,90.566925,0.270442,41.701237
17.052483,88.781952,91.341095,0.278526,40.562485
17.055272,85.906815,89.445740,0.227698,39.118267
17.057871,88.052895,88.826904,0.209963,39.942894
17.060960,84.824738,92.054413,0.246956,43.674149
17.063640,84.200958,92.409363,0.304690,46.428574
17.069370,79.944145,95.000000,0.311663,44.681591
17.071921,84.071388,90.741165,0.279048,45.528191
17.075202,82.550880,94.194000,0.360375,46.460918
17.077865,83.438576,95.000000,0.380294,46.472820
17.080615,84.137642,95.000000,0.400861,43.725590
17.083858,83.458374,92.339561,0.344466,43.529305
17.086452,83.458374,94.717636,0.330706,46.256290
17.089927,83.458374,95.000008,0.272106,41.081108
17.096272,83.458374,88.284264,0.280160,41.882019
17.101915,83.458374,85.836662,0.229402,36.968693
17.104613,83.905830,85.303711,0.283555,39.149750
17.108946,83.905830,85.642036,0.257282,33.767525
17.111468,83.905830,82.643356,0.234870,34.684013
17.114091,83.905830,84.638290,0.276228,32.724823
17.120652,83.905830,83.077507,0.219030,33.656174
17.123423,74.637627,82.316048,0.210643,32.610497
17.125989,76.288170,83.213577,0.254115,34.578773
17.128464,75.021965,84.948776,0.256182,38.632744
17.131817,76.399582,87.217056,0.242388,38.782967
17.134376,79.373283,87.960953,0.244154,39.527611
17.136983,75.389633,93.299995,0.356666,46.781868
17.142752,79.541420,94.639511,0.333799,46.629314
17.145278,79.138626,95.000000,0.365529,46.578285
17.148318,85.491486,95.000008,0.364179,46.660587
17.151656,83.108536,95.000008,0.383346,46.669174
17.154287,88.792816,95.000008,0.396363,46.377956
17.159372,83.892609,95.000000,0.415420,46.241428
17.166171,86.879456,95.000000,0.410910,46.202354
17.172619,91.294945,95.000008,0.407593,46.397896
17.175257,85.067390,95.000008,0.382071,46.436077
17.177794,88.503723,95.000015,0.403229,46.377506
17.181018,90.651627,95.000008,0.361022,46.376831
17.184245,84.965080,95.000008,0.372091,46.350388
17.186952,84.965080,95.000015,0.366974,46.415012
17.189837,87.689529,95.000008,0.377713,46.496822
17.193973,88.193954,95.000000,0.372430,46.270844
17.196616,85.832161,95.000008,0.359425,46.369579
17.199156,84.380173,95.000008,0.370514,46.259872
17.201632,87.292679,95.000000,0.391296,46.115395
17.204995,83.938492,95.000008,0.405664,46.102150
17.210369,89.563622,95.000000,0.430315,46.149605
17.213038,85.307480,95.000008,0.410187,46.334999
17.215619,86.469498,95.000015,0.410759,46.111240
17.220138,87.820000,95.000000,0.438441,46.159443
17.223065,89.267807,95.000000,0.416241,46.250008
17.227251,85.729973,95.000000,0.413158,46.207703
17.229867,87.074562,95.000000,0.411663,46.172832
17.233651,89.915054,95.000008,0.387721,46.219952
17.236222,85.388939,95.000015,0.358815,46.332436
17.241630,87.619476,95.000008,0.368458,46.199951
17.244262,84.849663,95.000000,0.351994,46.229477
17.249860,85.929588,95.000008,0.325684,46.250027
17.252400,84.685204,95.000000,0.354166,46.107807
17.257368,83.729637,95.000000,0.319719,46.085346
17.259934,86.937744,93.799522,0.355635,44.807610
17.262519,87.563354,95.000000,0.384436,43.053444
17.265434,80.986824,91.989441,0.304398,36.296181
17.269424,78.773392,89.864380,0.341681,42.365616
17.275371,81.806519,91.155273,0.306940,39.330364
17.278195,79.933182,87.441109,0.249973,41.001495
17.282992,80.021179,91.160172,0.307675,44.889519
17.285625,82.291122,93.433815,0.360008,46.649136
17.290257,79.445465,93.207176,0.340912,43.935349
17.293614,83.165039,92.584015,0.379523,46.546803
17.297289,80.784859,95.000000,0.352535,46.459000
17.303720,82.224060,95.000000,0.355343,46.450867
17.307934,83.814728,95.000015,0.338369,46.378983
17.310611,81.779114,95.000000,0.332627,45.764793
17.313293,82.967514,93.961823,0.331556,46.313492
17.317710,86.986160,95.000008,0.333600,46.479874
17.320341,84.549477,95.000000,0.321059,46.423065
17.322971,86.371765,95.000000,0.336615,46.454655
17.327486,83.300484,95.000008,0.331236,46.398670
17.330040,86.209541,95.000000,0.331442,46.233833
17.332887,85.939796,95.000015,0.327965,46.509651
17.335612,88.504684,95.000000,0.342752,46.543583
17.338248,89.265579,95.000000,0.351448,46.462269
17.340952,80.364532,95.000000,0.364496,46.228672
17.345529,86.342987,95.000000,0.373782,43.520142
17.353669,91.035843,95.000008,0.355989,46.071663
17.356673,86.157379,95.000000,0.369466,46.184689
17.362631,86.157379,95.000015,0.379983,46.130146
17.365260,86.157379,95.000008,0.385216,45.855682
17.367924,86.157379,95.017151,0.384338,46.058819
17.370531,86.157379,95.000000,0.323316,41.484032
17.377676,86.157379,94.642303,0.319899,42.099327
17.380267,86.157379,87.317566,0.269168,36.512978
17.383728,86.157379,85.540634,0.232850,35.044575
17.386325,86.157379,86.022903,0.236547,37.047047
17.388910,86.157379,84.839172,0.184301,32.222668
17.391731,86.157379,81.187019,0.155342,30.116596
17.394506,86.157379,81.659523,0.183816,32.585617
17.399618,86.157379,81.403595,0.221917,36.244949
17.402269,86.157379,85.137917,0.228962,36.482498
17.404871,86.157379,82.350876,0.188978,33.856575
17.411738,86.157379,82.487091,0.156749,33.113388
17.415719,86.157379,82.640633,0.233496,33.997540
17.418971,86.157379,80.834122,0.227480,32.005157
17.422921,86.157379,83.047409,0.220707,35.794365
17.425627,86.157379,84.306717,0.249474,35.152336
17.429043,86.157379,83.495522,0.242144,36.572212
17.431529,86.157379,85.061768,0.290109,39.078346
17.434122,86.157379,90.064499,0.302474,41.673431
17.436684,86.157379,93.356613,0.344778,46.677059
17.439481,86.157379,94.637962,0.372022,46.693863
17.445972,86.157379,95.000000,0.375705,46.816891
17.448618,81.378441,95.000000,0.388035,46.640144
17.451497,82.674164,95.000000,0.408520,46.557724
17.454281,82.359558,95.000000,0.402560,46.575874
17.456916,82.359558,95.000008,0.406800,46.455433
17.459458,86.715118,95.000000,0.412267,46.533699
17.461982,86.056953,95.000000,0.410347,46.448414
17.469231,88.981033,95.000000,0.405500,46.455166
17.473734,86.988312,95.000000,0.379652,46.297215
17.480383,87.329369,95.000000,0.415954,46.310863
17.482917,83.696030,95.000000,0.398632,46.201492
17.487837,84.407005,95.000015,0.381144,45.970821
17.497396,83.655800,95.000000,0.394698,45.506866
17.500172,83.709885,95.000000,0.423691,45.996037
17.504622,83.709885,95.000000,0.351576,44.053207
17.514653,83.709885,93.316635,0.349795,43.744225
17.517330,83.709885,92.561058,0.305035,43.365849
17.519912,83.709885,93.190239,0.324105,44.388630
17.522944,83.709885,95.000000,0.377288,46.288452
17.525632,83.709885,90.267944,0.291698,41.478359
17.528309,83.709885,86.336517,0.235988,39.734879
17.531322,83.709885,88.648666,0.269825,39.223213
17.536742,83.709885,90.277725,0.296214,40.889511
17.539470,84.414780,87.130264,0.227840,41.047073
17.543534,82.881355,89.830124,0.308588,43.541691
17.546222,76.724915,88.524857,0.265315,37.077164
17.549998,76.390907,84.713219,0.218078,35.902573
17.552631,77.986435,80.850655,0.175639,36.177464
17.555428,79.252014,85.523407,0.241136,36.747765
17.558356,76.812088,89.184952,0.255871,40.548504
17.560880,76.869415,87.537720,0.287011,38.678093
17.564485,78.274529,88.397354,0.260653,35.876865
17.567230,74.732750,84.459229,0.197195,35.121155
17.569751,76.521400,87.195427,0.215886,38.627010
17.572379,77.723595,89.617966,0.236503,41.128307
17.574897,77.572113,93.134346,0.291035,46.639511
17.582974,81.150543,95.000000,0.306167,46.763538
17.585534,82.089531,95.000008,0.332331,46.656391
17.589003,81.859726,95.000015,0.320270,46.544247
17.591620,84.558228,95.000000,0.329673,46.480770
17.594265,85.769699,95.000000,0.369281,46.462254
17.598539,88.797165,95.000000,0.332331,46.425316
17.606626,91.316574,95.000015,0.347630,46.319546
17.611627,85.447845,95.000008,0.329202,46.238049
17.614353,89.886742,95.000000,0.335359,46.246281
17.616873,89.968590,95.000008,0.364479,46.404705
17.619494,87.734924,95.000000,0.340848,46.524734
17.624024,86.104927,95.000008,0.337365,46.508663
17.626535,84.546753,95.000000,0.351265,46.510933
17.629186,83.852798,95.000000,0.348695,46.531963
17.632334,83.872803,95.000000,0.334469,46.425659
17.634971,81.964561,95.000000,0.348677,46.293095
17.637623,81.964561,95.000000,0.353179,46.253983
17.640141,81.964561,95.000008,0.357171,46.212246
17.642647,81.964561,95.000000,0.380144,46.164410
17.645191,81.964561,95.000008,0.379601,46.260105
17.647700,81.964561,95.000008,0.410772,46.112953
17.654242,86.518288,95.000000,0.451261,46.217793
17.657240,87.720299,95.000000,0.448450,46.201599
17.661492,85.722046,95.000008,0.449600,46.077053
17.664204,89.249069,95.000000,0.428959,46.107941
17.668370,87.398003,95.000000,0.430459,46.103996
17.672037,84.627586,95.000000,0.399500,46.098492
17.674658,89.067604,95.000008,0.366493,46.103146
17.677324,88.403603,95.000000,0.371227,45.975807
17.684207,87.183762,95.000000,0.356967,46.039955
17.686755,89.990005,95.000008,0.332135,46.098305
17.689300,87.021797,95.000008,0.343588,46.098175
17.691887,84.523201,90.105896,0.266815,41.134941
17.694525,86.050659,89.970184,0.274911,41.865227
17.697270,86.413124,82.163971,0.164348,33.193733
17.706451,77.855659,83.373352,0.183468,36.426186
17.709221,75.876488,85.232094,0.219277,36.940884
17.711759,77.472694,82.657021,0.179570,33.927254
17.716516,77.590485,93.915474,0.297976,45.592949
17.719479,78.887062,93.995567,0.335298,46.691540
17.723952,77.840561,94.987587,0.333192,46.575119
17.726526,85.409225,95.000000,0.338402,46.661617
17.730647,83.240410,95.000000,0.325027,46.592918
17.733667,83.297958,95.000008,0.340427,46.389076
17.737642,87.035858,95.000008,0.342894,46.427086
17.740272,87.509254,95.000008,0.338186,46.295471
17.743230,86.819267,95.000000,0.366331,46.296757
17.745938,86.835854,95.000000,0.362999,46.238987
17.748628,86.835854,94.291443,0.343598,46.205006
17.751366,87.938713,95.000008,0.388659,46.237507
17.755400,85.870148,95.000000,0.343108,46.249138
17.758148,87.102600,95.000000,0.368986,46.255238
17.760714,85.235565,95.000000,0.360547,46.333183
17.763274,87.560394,95.000000,0.314761,46.527542
17.771206,85.475914,95.000000,0.373420,46.351761
17.775092,84.348770,94.287956,0.337982,46.285656
17.777618,84.022003,95.000008,0.297591,46.285469
17.780428,84.824249,95.000015,0.304560,43.244492
17.787660,86.410851,92.069061,0.314844,44.391441
17.790260,85.455627,95.000000,0.347740,46.365749
17.794733,83.959213,95.000008,0.336266,44.444645
17.797282,82.699036,93.171600,0.286479,41.914543
17.801414,85.095222,90.753288,0.323841,43.279449
17.804089,83.500648,93.501587,0.341581,44.731766
17.806631,79.175491,90.508789,0.297082,40.035942
17.809358,84.534744,88.816498,0.276030,38.928825
17.811968,84.028229,90.503006,0.311694,41.716248
17.814917,84.028229,91.443733,0.256719,37.117294
17.818632,84.028229,83.514755,0.231364,38.006500
17.821398,84.028229,86.746368,0.262123,40.364609
17.825635,84.028229,89.082077,0.280145,42.733467
17.828075,84.028229,92.779488,0.269930,44.229500
17.830717,84.028229,92.107841,0.274221,43.461601
17.833250,84.028229,92.071762,0.324332,46.452656
17.835904,81.821815,90.216637,0.257306,37.824669
17.839121,81.821815,86.567154,0.209088,39.804825
17.841631,81.821815,91.311707,0.270847,42.627220
17.844634,81.821815,91.822472,0.289920,41.212074
17.847266,81.554367,84.761063,0.183325,34.584419
17.851726,81.416801,86.329666,0.217899,36.898819
17.857003,78.877090,80.349335,0.214033,37.609230
17.864768,78.877090,91.278198,0.282995,44.094444
17.867365,78.877090,92.554024,0.317696,45.395142
17.870358,78.877090,94.995071,0.338544,46.560921
17.872957,79.922386,95.000000,0.346131,46.659798
17.875933,82.217514,95.000000,0.342384,46.494164
17.879215,83.471642,95.000000,0.368736,46.507362
17.881852,82.927368,95.000000,0.370764,46.302387
17.887724,85.370232,95.000000,0.427516,45.970497
17.890308,83.501572,95.000000,0.414898,46.253887
17.893111,88.678940,95.000008,0.392851,46.330219
17.895729,89.019630,95.000008,0.388780,46.343185
17.898301,86.659607,95.000000,0.382255,46.183048
17.902011,87.938148,95.000008,0.368709,46.358330
17.905324,86.443710,95.000015,0.366580,46.356178
17.907936,87.555206,95.000000,0.382278,46.270058
17.912720,87.102203,95.000000,0.364687,46.233452
17.916542,86.725830,95.000000,0.395656,46.322979
17.920978,85.030365,95.000008,0.314463,41.965469
17.924887,86.608879,92.049675,0.354883,44.309570
17.927452,83.499138,93.234077,0.389536,44.858105
17.929904,86.047714,91.355125,0.338077,42.463486
17.932637,86.379051,93.722076,0.366241,46.110840
17.935641,86.086807,95.000000,0.400795,46.236092
17.942660,83.294701,92.555695,0.353263,42.022259
17.945278,84.751190,90.848351,0.352784,42.353554
17.947872,85.316833,91.691986,0.341756,42.599312
17.953708,85.299118,88.560341,0.303668,39.731598
17.956312,83.772621,93.979645,0.385080,42.223106
17.959132,85.249268,90.952835,0.350569,35.640739
17.961629,83.935944,84.461227,0.273817,38.085564
17.964284,80.786545,88.548218,0.288318,37.116753
17.967632,81.248520,85.313103,0.309990,37.535267
17.976293,81.311264,87.823570,0.274725,39.046364
17.978930,73.472290,88.870644,0.272938,35.750862
17.983981,78.089569,84.011795,0.234027,35.177750
17.989645,78.219940,83.847031,0.249578,32.715668
17.992629,76.273666,82.740356,0.245786,37.935555
17.995204,76.008659,86.593704,0.259045,35.621586
18.000889,74.084854,87.535439,0.253802,34.998154
18.004257,71.122330,81.234985,0.237163,31.429985
18.010480,72.109077,82.785950,0.250065,33.284458
18.013062,74.078835,81.894508,0.258693,35.346878
18.015634,73.369202,83.912308,0.331931,42.177483
18.018304,77.039879,92.208389,0.371189,41.786591
18.021086,80.245407,90.117867,0.344042,43.001316
18.023629,77.314697,91.319969,0.337937,44.433296
18.026294,77.944389,93.588287,0.306987,45.310959
18.029022,85.596886,95.000008,0.324226,46.804863
18.031635,79.400757,95.000015,0.348088,46.743767
18.034278,80.676453,94.728867,0.325447,46.559616
18.038648,86.007065,95.000000,0.327018,46.726475
18.041682,86.007065,95.000008,0.337434,46.456196
18.046152,82.965500,95.000000,0.315067,46.328766
18.048644,82.965500,95.000000,0.310977,46.424458
18.051318,91.285408,95.000000,0.345461,46.382767
18.054636,82.326927,95.000000,0.342782,46.334549
18.057297,87.079323,95.000000,0.329760,46.240105
18.063008,83.940704,95.000015,0.353083,46.208683
18.070038,83.639565,95.000000,0.281412,46.288940
18.072656,85.259506,94.974815,0.279848,46.180595
18.075321,83.465546,94.995293,0.291974,46.251575
18.078874,83.948524,95.036690,0.308040,46.147770
18.082251,86.727829,94.949783,0.341750,46.237350
18.084908,82.589355,95.000008,0.352298,46.330379
18.087649,84.190674,95.000008,0.341177,46.522499
18.094736,87.248825,95.000000,0.372767,46.253906
18.097926,84.043633,95.000008,0.366497,46.194035
18.102430,85.921394,95.000000,0.358413,46.138851
18.104990,86.874153,95.000008,0.358849,46.106911
18.109175,87.632179,95.000008,0.341961,45.249569
18.116308,84.289558,92.292046,0.301979,43.344460
18.118890,87.164337,89.401093,0.266509,37.094666
18.122112,84.792755,85.638321,0.259038,36.649124
18.124758,81.641006,85.140160,0.298417,32.594154
18.128012,80.922928,82.038788,0.268633,33.048328
18.130658,78.939270,86.959320,0.321610,35.161766
18.133286,78.563316,84.002220,0.243022,32.428837
18.135830,75.852341,84.072083,0.265723,35.346977
18.138655,70.793938,83.074692,0.211304,33.227196
18.143240,76.739601,85.885239,0.253405,38.525902
18.148266,72.259369,85.090233,0.217576,36.663013
18.150819,76.927193,87.051727,0.234113,44.836315
18.153360,74.570457,93.186569,0.337563,46.698380
18.155959,77.068817,95.000008,0.360230,46.708164
18.158637,78.555649,95.000000,0.388834,46.638107
18.161312,82.023575,95.000008,0.403454,46.603035
18.166018,85.513763,95.000000,0.428613,46.575447
18.168640,83.857315,95.000000,0.415158,46.434448
18.172904,90.819542,95.000000,0.422390,46.441696
18.175490,87.130608,95.000000,0.398919,46.515488
18.178008,88.569328,95.000000,0.424012,46.385368
18.180990,89.898186,94.975449,0.424719,46.279533
18.186356,86.719711,95.000000,0.428988,46.215199
18.189140,85.107719,95.000008,0.428705,46.329662
18.195335,89.756432,95.000000,0.373423,46.479851
18.198641,86.916733,95.000000,0.371147,46.478962
18.201666,85.892143,95.000000,0.377557,46.373837
18.204641,87.010277,95.000000,0.377890,46.419529
18.207292,89.301056,95.000000,0.371069,46.421249
18.209946,87.953796,94.977959,0.390085,46.243458
18.215391,87.527573,95.000008,0.371461,46.161442
18.217934,90.456398,95.000000,0.402981,46.168694
18.220525,86.458160,95.000008,0.413629,46.078728
18.223047,86.221298,95.000008,0.394422,46.042004
18.227317,87.862167,95.000000,0.387010,46.374039
18.230548,87.457260,95.000000,0.383907,46.193501
18.234883,86.590485,95.000015,0.406889,46.275795
18.237453,88.752243,95.000008,0.391965,46.256165
18.241670,86.369331,95.000000,0.417234,46.227249
18.244291,86.302986,95.000000,0.390752,46.187618
18.247013,86.302986,95.000000,0.378818,46.126118
18.249662,86.302986,95.000008,0.394023,46.169708
18.252348,86.302986,95.000008,0.364915,46.038040
18.255273,86.302986,95.000000,0.330553,46.137115
18.257935,86.302986,95.000008,0.324441,46.216492
18.260651,86.302986,95.000008,0.331284,46.142014
18.263367,86.302986,95.000000,0.328147,46.187325
18.266182,86.302986,95.000000,0.320321,46.240597
18.268702,86.302986,95.000008,0.334083,46.036678
18.271335,86.302986,95.000008,0.364728,46.018845
18.274197,86.302986,93.588181,0.378757,44.530914
18.276724,86.302986,95.000000,0.403448,45.713062
18.279860,86.302986,91.928619,0.381045,41.936333
18.283307,86.302986,90.862617,0.297042,39.277466
18.285956,86.302986,87.189453,0.269354,38.325798
18.288512,86.302986,93.006401,0.361071,44.287346
18.292698,86.302986,93.437134,0.287475,44.810493
18.298899,86.302986,94.961441,0.371335,46.376862
18.301945,86.302986,95.000008,0.349443,46.507824
18.305956,86.302986,95.000000,0.325733,46.621346
18.313005,84.995796,95.000000,0.375194,46.463600
18.315659,86.187485,95.000015,0.322936,46.443199
18.318432,86.093178,95.000000,0.311007,46.539864
18.321128,84.925842,95.000000,0.349151,46.381428
18.325910,84.497581,95.000008,0.341566,46.361141
18.328524,85.729218,95.000000,0.319729,46.290207
18.331470,86.913208,95.000008,0.356370,46.322723
18.333993,84.268730,95.000000,0.353328,46.367149
18.337024,87.672379,95.000000,0.321727,46.492706
18.339558,88.073395,95.000008,0.336321,46.518555
18.342150,86.947571,95.000008,0.333776,46.430229
18.345483,86.144875,95.000008,0.345314,46.390377
18.348678,84.841454,95.000000,0.344234,46.276554
18.351273,86.076202,95.000000,0.357183,46.241123
18.355657,81.733276,95.000000,0.360368,46.169373
18.358570,84.388046,95.000000,0.337336,46.082981
18.362893,84.459312,95.000000,0.359614,46.146149
18.367433,85.980240,95.000008,0.365195,46.048954
18.373107,84.568916,95.000008,0.326975,46.029888
18.375690,87.119598,95.000000,0.342891,46.037651
18.378267,85.869522,95.000008,0.349138,46.117901
18.381096,84.233269,95.000008,0.276409,43.344063
18.383946,85.812103,92.473740,0.309500,43.562157
18.386639,85.812103,92.135971,0.301264,40.553528
18.389371,85.812103,89.445877,0.233777,37.839897
18.392649,86.018105,86.468811,0.239723,37.357090
18.395328,86.018105,79.263489,0.180034,28.638771
18.402657,86.018105,81.953720,0.214814,32.792591
18.405415,86.018105,77.994972,0.154832,29.096226
18.408661,86.018105,78.458954,0.170456,29.726208
18.411745,86.018105,78.890152,0.148851,30.081467
18.414487,86.018105,81.744659,0.203594,33.036770
18.418665,86.018105,81.606491,0.186129,29.351168
18.421177,86.018105,79.264046,0.151402,31.122513
18.425450,71.455177,79.771263,0.197109,32.022308
18.427924,71.816643,82.287010,0.209856,33.745907
18.430654,71.592926,81.531387,0.201607,34.148846
18.433249,74.028030,82.616753,0.242101,36.360661
18.435762,73.202805,87.061859,0.293082,38.610649
18.441666,74.489647,86.226158,0.245844,37.813171
18.444983,77.009476,86.334549,0.282612,41.062096
18.447808,78.448288,91.171783,0.328102,42.809692
18.451426,79.780533,89.812485,0.384450,45.755333
18.453955,83.170746,95.000008,0.391892,46.781887
18.456650,83.802429,95.000000,0.385427,46.809124
18.459307,83.939613,95.000000,0.417015,46.687866
18.461845,81.928856,95.000008,0.416448,46.670509
18.464393,86.439209,95.000000,0.425483,46.531261
18.468295,85.282387,95.000000,0.459162,46.497143
18.470809,85.667908,95.000000,0.455670,46.331173
18.473381,88.613747,95.000000,0.432051,46.371235
18.475946,88.044525,95.000008,0.404593,46.481617
18.480268,88.327400,95.000000,0.397306,46.379410
18.482802,87.790222,95.000000,0.406669,46.399944
18.487965,90.219833,95.000000,0.427097,46.468781
18.490645,85.744858,95.000000,0.394422,46.377884
18.494296,84.600090,95.000000,0.383441,46.352943
18.496824,85.949142,95.000008,0.408866,46.242115
18.502530,86.765961,95.000008,0.379533,46.116478
18.505393,85.138596,95.000008,0.378515,46.059799
18.512011,86.771698,95.000015,0.359298,46.128174
18.518086,89.218269,95.000000,0.348040,46.183594
18.520680,86.699341,94.984222,0.349692,46.176620
18.523279,84.256332,95.007782,0.345830,46.111191
18.525995,85.186623,95.000008,0.329734,46.130978
18.528569,84.963089,95.000000,0.336148,46.138474
18.531293,84.590302,95.000000,0.339342,44.617577
18.534107,84.150703,90.414597,0.300980,41.486881
18.536687,84.431885,89.741730,0.295597,44.835251
18.539340,84.038620,93.752518,0.299799,41.099136
18.543761,83.666603,89.966621,0.285803,38.360134
18.549709,83.916725,91.528961,0.224501,39.976746
18.559565,80.085785,88.798569,0.294744,40.522591
18.562299,79.542091,89.165726,0.343417,40.338806
18.564913,76.951332,87.844589,0.301875,33.897621
18.567901,78.892380,78.998856,0.195079,30.083443
18.570670,77.656174,79.631660,0.223801,32.697891
18.573279,74.969994,81.543579,0.244333,37.033745
18.577182,75.385689,85.696564,0.236868,37.071289
18.579717,76.195679,85.649323,0.252907,38.663132
18.582283,75.143661,88.969177,0.287389,42.636452
18.585763,74.104698,87.867012,0.243397,39.407547
18.588708,74.693192,89.100861,0.280790,44.598381
18.591981,79.304405,95.000000,0.303672,46.674671
18.594560,79.835602,95.000000,0.323058,46.729416
18.597320,80.822769,95.000008,0.319410,46.740391
18.600013,84.257271,95.000000,0.354960,46.554501
18.607337,83.060646,95.000000,0.349927,46.454628
18.609957,82.794586,95.000008,0.380071,46.423042
18.614997,86.772987,95.000000,0.379228,46.195744
18.619977,89.550613,95.000008,0.344525,46.286606
18.623071,87.082718,95.000000,0.343349,46.315613
18.625693,86.130470,95.000000,0.352587,46.312160
18.628242,86.130470,95.000000,0.318767,46.356888
18.630977,86.130470,95.000008,0.309395,46.266788
18.633693,87.816177,95.000000,0.349889,46.316051
18.636281,86.624207,95.000015,0.354078,46.430870
18.639031,86.007088,95.000000,0.341945,46.371124
18.641553,87.035767,95.000000,0.328359,46.347084
18.644336,87.303482,95.000000,0.339833,46.412693
18.650968,86.120811,95.000008,0.328311,46.422974
18.653763,86.120811,95.000015,0.342691,46.398239
18.657050,86.120811,95.000000,0.353476,46.303875
18.660060,86.120811,95.000000,0.360140,46.262871
18.662749,86.120811,95.000015,0.376481,46.241051
18.665400,86.120811,95.000000,0.382957,46.384270
18.669993,86.120811,95.000000,0.393538,46.314705
18.672549,86.120811,94.955833,0.430540,46.287476
18.676945,86.120811,95.000008,0.448160,46.100048
18.681148,86.120811,95.000000,0.429377,45.976540
18.683971,86.120811,95.000015,0.455590,45.924664
18.688083,86.120811,95.000008,0.412514,45.983253
18.690815,85.417526,95.000000,0.376091,45.855145
18.696564,85.417526,95.000000,0.347792,46.066021
18.699140,85.417526,95.098213,0.293752,44.287880
18.701939,85.417526,94.972458,0.316052,42.212242
18.708257,85.417526,90.670486,0.262497,40.737202
18.714394,85.417526,88.828781,0.228598,40.015724
18.717294,85.417526,87.006577,0.180401,35.494442
18.720008,85.417526,82.343193,0.165447,33.482929
18.722573,85.417526,83.829773,0.268954,41.457199
18.726242,85.417526,92.250427,0.284035,43.683113
18.728944,85.417526,86.265541,0.249120,38.510426
18.733673,85.417526,90.417465,0.304765,46.483822
18.738934,85.417526,95.000008,0.359343,46.642246
18.742099,85.417526,95.000000,0.357421,46.561024
18.747652,85.417526,95.000000,0.358840,46.558014
18.750222,85.417526,95.000000,0.352472,46.453251
18.752766,85.417526,95.000008,0.351912,46.316898
18.755370,85.797432,95.000000,0.332664,46.290508
18.758687,84.627647,95.000008,0.362388,46.301361
18.761825,83.984894,95.000008,0.340264,46.272015
18.764500,86.346428,95.033188,0.329053,46.296696
18.767114,90.349960,95.000008,0.349058,46.329914
18.769655,85.995758,95.000000,0.374447,46.367058
18.773033,90.437332,95.000015,0.357990,46.376255
18.775665,85.481178,95.000000,0.307122,46.398575
18.778291,86.531700,95.000000,0.332827,46.528191
18.780980,86.071915,95.000000,0.353343,46.319096
18.783666,82.989319,95.000000,0.336119,46.350128
18.786398,84.716148,95.000000,0.335208,46.350353
18.789521,86.455482,95.000000,0.309864,45.567955
18.796426,84.197540,95.000008,0.329152,46.303814
18.799406,85.513496,95.000008,0.316369,43.654423
18.803692,84.428467,93.893188,0.290591,46.296326
18.809825,84.428467,95.000015,0.340022,46.324738
18.814288,84.428467,92.137825,0.279745,43.392578
18.816942,84.428467,92.565994,0.311308,41.892563
18.820096,84.428467,90.423965,0.310322,41.565079
18.822654,84.428467,93.204979,0.365350,41.272720
18.825328,84.428467,90.070511,0.240463,36.856850
18.828661,84.428467,85.294983,0.243901,35.680992
18.831298,84.428467,84.619110,0.267334,36.370430
18.834813,84.428467,88.698944,0.288900,41.090149
18.837380,82.363060,89.779053,0.211824,35.960724
18.839914,82.363060,83.714706,0.209288,34.935173
18.842660,82.363060,87.769730,0.251954,37.012482
18.846062,82.363060,85.450836,0.204588,36.755165
18.848585,82.363060,90.085213,0.255217,40.982475
18.851150,82.363060,89.618073,0.215689,39.025112
18.853915,82.363060,87.237534,0.228029,36.930187
18.861476,82.363060,85.640991,0.270597,39.290749
18.865775,82.363060,84.206039,0.188608,35.622566
18.868666,76.759659,82.837700,0.201795,36.063541
18.872909,75.701591,88.935379,0.284407,40.523403
18.875837,73.979362,81.897018,0.181609,33.287849
18.878315,74.853477,78.349350,0.144593,33.954979
18.882910,74.853477,86.637924,0.280729,39.227249
18.885705,74.853477,87.813179,0.326451,41.357597
18.888279,76.190536,90.392746,0.331442,43.815269
18.892013,76.190536,94.878067,0.380203,46.407326
18.894657,76.190536,95.000000,0.407889,46.513336
18.898014,76.190536,95.000008,0.365733,46.473103
18.901126,76.190536,95.000000,0.374012,45.670815
18.903681,76.190536,94.300781,0.394109,46.336624
18.906287,76.190536,95.000008,0.384681,46.365578
18.912251,88.010162,95.000000,0.351981,46.448574
18.920344,86.979828,95.000000,0.390755,46.302830
18.922993,87.074631,95.000000,0.379162,46.381542
18.928434,86.301682,95.000015,0.365182,46.311691
18.931149,86.687195,95.000000,0.392304,46.365150
18.933801,87.997505,95.000000,0.404058,46.401478
18.936359,86.336403,95.000000,0.376559,46.323826
18.939524,85.969398,95.000000,0.370504,45.235390
18.942124,85.529236,94.071655,0.381358,45.143158
18.944665,86.591141,94.709259,0.385559,43.944866
18.947919,85.417274,90.819443,0.328765,41.887512
18.950926,85.417274,91.339966,0.305002,42.674171
18.953477,85.417274,91.582245,0.380982,44.199413
18.956222,85.417274,93.416817,0.393489,42.793736
18.959397,85.417274,91.611008,0.326038,42.029922
18.962878,85.417274,90.478104,0.318697,40.613304
18.965470,85.417274,89.434273,0.309599,38.859779
18.968386,82.743866,88.961731,0.325168,40.132835
18.971006,80.895012,89.330963,0.339817,39.246681
18.973662,82.259636,88.048271,0.323789,39.479740
18.976335,81.962227,87.825104,0.305157,37.603981
18.980905,79.524010,88.390076,0.309191,39.733810
18.985561,78.569954,89.248627,0.336873,40.526703
18.990694,78.004776,85.918121,0.250788,37.055687
18.998051,76.096497,80.236130,0.202033,30.998257
19.005654,81.099983,79.883942,0.302022,36.887329
19.008186,74.402832,87.158966,0.333237,30.216158
19.014031,74.860168,80.254913,0.248146,36.208969
19.017855,74.254539,85.977783,0.325046,37.404305
19.020614,70.997063,84.047119,0.307784,34.785099
19.023203,72.889648,83.318542,0.235125,34.358543
19.025746,76.168030,85.949493,0.282344,37.473789
19.028368,78.306786,88.446121,0.345268,39.997093
19.030949,74.954010,90.683334,0.346304,41.968948
19.033661,76.860115,90.959091,0.324718,42.624973
19.036398,79.690018,94.562660,0.389009,46.735744
19.039202,81.617012,95.000000,0.358593,46.779961
19.041782,81.492691,95.000008,0.345622,46.624043
19.048134,83.579353,95.000008,0.323704,46.677704
19.050792,86.187874,95.000008,0.335061,46.382160
19.055454,86.092361,95.000000,0.335058,46.339760
19.058343,88.918701,95.000008,0.337412,46.591366
19.062666,85.866302,95.000000,0.341091,46.239399
19.065319,84.213745,95.000008,0.317733,46.265087
19.067961,84.213745,95.000015,0.326829,46.366959
19.070546,84.213745,95.000000,0.336125,46.349510
19.073147,83.754730,95.000008,0.325820,46.261097
19.075918,83.035591,95.000008,0.324214,46.219193
19.078480,83.035591,95.000000,0.325930,46.252869
19.080995,83.035591,95.000000,0.335097,46.430923
19.083978,83.035591,95.000008,0.296452,46.386555
19.088110,83.035591,95.000000,0.298162,46.341885
19.091737,83.035591,95.000000,0.326199,46.463490
19.094292,83.035591,95.000000,0.316639,46.393311
19.098091,83.035591,95.000008,0.327452,46.438412
19.100901,83.035591,95.000008,0.341641,46.537910
19.103701,83.035591,95.000000,0.348008,46.581131
19.106543,83.035591,95.000000,0.354378,46.399651
19.110937,83.035591,95.000008,0.359179,46.241165
19.113962,83.035591,95.000000,0.335848,46.079876
19.118418,83.035591,95.000015,0.340310,46.088196
19.121026,83.035591,95.000008,0.343430,45.983971
19.125657,83.035591,95.000008,0.327824,45.920486
19.128248,85.740112,93.549881,0.351534,45.932217
19.132041,89.553505,95.000000,0.353752,46.054272
19.134674,86.652580,92.500900,0.299445,37.200901
19.139705,84.581749,86.316360,0.328555,36.492737
19.142232,82.300095,88.858124,0.360151,39.772865
19.144771,80.762917,86.821899,0.323652,35.613285
19.147377,80.856071,84.555832,0.254259,35.751686
19.149918,80.059525,86.402008,0.260450,37.578789
19.152517,77.992462,88.186539,0.302630,39.073700
19.155150,78.337196,87.741730,0.281326,40.749641
19.161680,79.771606,88.794220,0.266531,43.646069
19.165547,75.779961,92.133797,0.308454,43.924732
19.168791,77.563530,87.765831,0.255873,46.679520
19.175271,83.598206,95.000000,0.407798,46.656750
19.179671,84.278809,95.000000,0.413232,46.676716
19.182322,84.417282,95.000000,0.453022,46.672070
19.185559,86.262589,95.000008,0.413497,46.594833
19.188395,84.751801,95.000015,0.450027,46.345421
19.191177,86.934837,95.000008,0.448947,46.368080
19.194682,87.547859,95.000000,0.425621,46.318478
19.198434,86.113174,95.000000,0.453341,46.098434
19.201795,90.025780,95.000008,0.436367,46.125496
19.204504,87.490448,95.000000,0.443992,46.237514
19.207007,89.248360,95.000000,0.390622,46.147449
19.210184,88.374634,95.000000,0.387286,46.328934
19.213499,89.096024,95.000000,0.356449,46.482643
19.220423,84.597237,95.000000,0.353350,46.417614
19.222962,87.699509,95.000000,0.340041,46.416035
19.225913,85.304161,95.000015,0.363444,46.352085
19.231022,85.797119,95.000000,0.331115,46.270042
19.236295,86.046234,95.000000,0.386109,46.168674
19.238946,86.813004,95.016655,0.372717,46.195251
19.243297,85.673225,95.000000,0.402600,46.189964
19.245869,90.610153,95.000000,0.367608,46.345478
19.249904,86.088257,95.000008,0.369836,46.291080
19.255072,88.007454,95.000000,0.390832,46.174503
19.263806,85.527565,95.000000,0.401992,46.135941
19.266432,85.210213,95.000008,0.413927,46.016647
19.269739,87.661316,95.000000,0.365927,45.880405
19.272384,83.378670,95.000008,0.366910,45.788864
19.274982,90.357994,95.000008,0.388550,45.876205
19.277665,90.435760,95.000000,0.368425,46.006992
19.281894,84.227295,95.000008,0.353275,45.926411
19.284454,86.915215,95.000008,0.339017,45.894863
19.286971,87.032227,95.000008,0.378745,46.044296
19.290000,87.065010,93.320648,0.388685,44.297184
19.292992,85.409393,92.519028,0.378333,42.920830
19.295678,86.489883,91.215790,0.359420,40.119759
19.303105,80.675842,88.106750,0.318675,42.130760
19.307473,83.154564,90.884750,0.328854,44.118713
19.310179,76.203156,89.203979,0.265762,36.810196
19.313952,78.738068,87.073853,0.243477,38.334717
19.316721,75.168388,95.000008,0.360583,46.522312
19.322502,81.313492,94.650566,0.334860,46.509163
19.325054,80.182510,95.000000,0.331546,46.558880
19.327970,82.494659,95.000008,0.356718,46.580524
19.330659,82.633133,95.000000,0.352537,46.606739
19.335157,85.312057,95.000000,0.326091,46.341026
19.338999,85.487206,95.000000,0.336959,46.502308
19.341531,83.808838,95.000008,0.344026,46.532032
19.344417,84.392578,95.000000,0.315069,46.328712
19.347043,82.603096,95.000008,0.331475,46.270306
19.349966,85.660645,95.000000,0.349722,46.519531
19.353079,85.943428,95.000008,0.323514,46.586723
19.355714,84.089798,95.000000,0.318661,46.488800
19.358314,87.287437,95.000015,0.328714,46.509865
19.363398,83.480904,95.000000,0.340805,46.428696
19.366256,85.223915,95.000000,0.338511,46.270977
19.372145,86.493370,95.016121,0.335333,46.301022
19.376345,83.689919,95.000015,0.330711,46.127773
19.380337,86.826530,95.000008,0.349874,45.183800
19.383456,85.254631,94.235291,0.329782,45.968632
19.386006,83.899483,94.858330,0.358630,45.817219
19.388669,89.063019,91.221573,0.314291,46.106808
19.393694,84.989296,95.000000,0.364841,45.883934
19.396257,86.918282,92.119873,0.286557,41.297318
19.400414,81.622452,89.038513,0.314616,41.112679
19.403726,85.385208,90.051277,0.306298,36.478077
19.407082,79.842804,85.429352,0.224411,32.340919
19.409965,82.005745,81.865662,0.239237,32.817410
19.412575,80.946663,84.624878,0.251556,35.678459
19.418953,78.182800,81.274597,0.230247,35.030731
19.426668,75.090874,76.907745,0.149168,29.505379
19.429366,72.364502,80.932663,0.189875,29.695959
19.433677,74.143051,78.469276,0.139223,27.889645
19.436198,70.637184,75.361580,0.143168,33.575424
19.443798,69.146324,85.606888,0.197799,32.353073
19.452146,71.992096,82.962906,0.243492,34.464512
19.454732,71.126732,85.611069,0.311616,35.076622
19.457311,73.512489,83.496895,0.190537,31.334599
19.459888,71.172890,86.457161,0.257199,38.072433
19.462790,74.671211,86.651184,0.272602,42.157150
19.466044,78.655067,95.000008,0.393964,46.862457
19.468686,75.676315,95.000000,0.399116,46.847084
19.472133,85.257629,95.000000,0.431178,46.819134
19.475071,82.455116,95.000008,0.463735,46.741104
19.477694,81.653313,95.000008,0.478079,46.643951
19.480310,85.391632,95.000000,0.437679,46.581932
19.482933,84.404099,95.000008,0.428479,46.299679
19.488042,88.117165,95.000008,0.439636,46.305218
19.490674,88.117165,95.000000,0.465121,46.300964
19.494970,88.117165,95.000008,0.405724,46.454369
19.499407,88.117165,95.000000,0.401660,46.297180
19.503684,88.117165,95.000000,0.364871,46.329727
19.506251,88.117165,95.000000,0.372763,46.309784
19.512075,88.117165,95.000000,0.372546,46.313179
19.514683,88.117165,95.000008,0.388242,46.295593
19.517255,88.117165,95.000000,0.375809,46.296951
19.520016,88.148399,95.000000,0.357579,46.272697
19.525760,86.542076,95.000008,0.361580,46.160812
19.530696,86.542076,95.000000,0.329074,46.132179
19.534015,86.542076,95.000015,0.331155,46.145702
19.536887,86.542076,95.000008,0.344965,46.301964
19.539406,86.542076,95.000008,0.330226,46.263275
19.542258,86.542076,95.000008,0.331644,46.015343
19.545875,86.542076,94.393478,0.343658,45.497723
19.548435,86.542076,94.697464,0.372282,45.791885
19.552539,86.542076,90.938202,0.318721,35.868179
19.555094,86.542076,86.263390,0.351592,45.944939
19.560117,82.959457,90.978653,0.277910,42.103584
19.562778,83.273041,91.035110,0.264792,41.778557
19.567379,82.458740,88.593559,0.276637,39.761414
19.571059,81.485291,88.207397,0.263044,35.825710
19.573568,76.837189,84.699760,0.187755,33.162849
19.579009,77.734329,90.148315,0.252014,39.435677
19.582342,74.326515,84.114960,0.229915,35.365334
19.584961,77.979248,82.037163,0.209373,35.833221
19.587724,75.123703,86.480316,0.250948,37.851120
19.590449,73.114021,86.371246,0.207009,32.875576
19.593707,74.760635,81.536133,0.147145,29.801163
19.596334,75.706055,88.084106,0.234469,44.328476
19.601949,75.865944,94.979172,0.318249,46.636955
19.604516,75.865944,94.381638,0.307849,44.135544
19.607014,75.865944,92.531967,0.274705,46.371647
19.609726,75.865944,94.777542,0.332595,46.689075
19.614117,75.865944,95.000015,0.347215,46.650291
19.616678,75.865944,95.000000,0.340735,46.668591
19.620920,85.007065,95.000000,0.354891,46.662846
19.623551,85.541817,95.000008,0.345593,46.446709
19.630735,88.236504,95.000000,0.347143,46.294056
19.633684,85.115639,95.000008,0.381335,46.159115
19.636313,83.652664,95.000000,0.373344,46.122139
19.639071,87.579391,95.000000,0.355565,46.249802
19.641722,86.308044,95.000000,0.343579,46.429749
19.644303,86.669617,95.000008,0.321748,46.304607
19.649355,85.040695,95.000000,0.342722,46.381420
19.651940,86.378899,95.000008,0.349724,46.380096
19.655170,84.847572,95.000015,0.312887,46.354984
19.657740,83.836517,95.000008,0.329291,46.289539
19.660318,87.090286,95.000000,0.348445,46.321381
19.662936,88.004860,95.000008,0.350044,46.469074
19.665437,82.833305,95.000008,0.337844,46.381836
19.667979,86.541412,95.000000,0.343814,46.286541
19.671855,86.805466,95.000000,0.356473,46.315948
19.674366,87.706284,95.000000,0.342789,46.369213
19.679071,85.510063,95.000015,0.370878,46.503059
19.684017,89.562691,95.000000,0.364796,46.521889
19.686681,87.917664,95.000008,0.383572,46.381554
19.689315,84.894753,95.000008,0.397434,46.278255
19.692680,87.503914,95.000000,0.416079,46.247757
19.695575,84.032990,95.000000,0.411092,46.189224
19.698261,86.291885,95.000008,0.411228,45.949551
19.701431,83.598427,95.000000,0.424094,45.967960
19.703979,85.685135,95.000000,0.417747,45.843147
19.706967,85.685135,94.319366,0.408502,42.048279
19.709691,85.685135,91.295013,0.351738,41.988457
19.712310,85.685135,93.231949,0.387519,44.048103
19.714866,85.685135,86.293541,0.247216,34.579861
19.719374,85.685135,82.790108,0.215235,36.479454
19.723149,85.685135,85.503975,0.258960,41.573753
19.725753,85.685135,90.207489,0.193673,35.761463
19.731397,79.290833,84.512238,0.219052,39.403343
19.733969,78.440567,87.803741,0.229708,39.160973
19.736684,77.748993,86.363480,0.206261,37.780502
19.740947,77.134186,83.852760,0.247427,36.903294
19.747442,74.115669,85.534592,0.251386,34.043121
19.749976,76.447456,83.001625,0.303557,38.360779
19.754276,79.262619,93.094772,0.382426,44.485138
19.756912,79.262619,95.000008,0.372837,46.527428
19.759711,79.262619,95.000008,0.408650,46.317429
19.762419,79.262619,95.000000,0.385561,46.435890
19.764956,79.262619,95.000008,0.374986,46.466366
19.767504,81.790131,95.000000,0.352730,44.964844
19.769978,83.832108,91.934189,0.338484,43.197708
19.772952,89.290794,91.906784,0.320250,45.415436
19.775582,90.919586,94.146729,0.361429,46.433273
19.778152,85.127983,95.157074,0.357844,46.500027
19.781462,88.031036,95.000015,0.336160,46.404896
19.784036,90.890976,95.000000,0.336944,46.451984
19.786689,89.207970,94.899254,0.348039,46.578625
19.789399,86.925552,95.000008,0.314852,46.435242
19.792032,85.139076,95.000008,0.333021,46.478531
19.794695,84.771767,95.000000,0.344031,46.430271
19.797273,85.856506,95.000000,0.362707,46.427605
19.799948,84.222610,95.000015,0.300514,44.435478
19.804172,86.711624,95.000000,0.345382,46.312042
19.807164,84.500740,94.718445,0.341165,44.956463
19.811318,83.710320,93.709396,0.235591,40.311161
19.817400,85.757599,94.538849,0.323465,45.750961
19.820554,79.935722,95.000000,0.317097,44.197937
19.825154,84.045502,91.377457,0.322009,44.057659
19.828129,85.172333,93.579941,0.309680,46.391430
19.833984,83.254578,91.708374,0.354319,46.428493
19.839978,82.919708,94.112289,0.323886,45.472946
19.842690,82.603622,93.352753,0.307716,41.858322
19.845349,81.625046,91.359329,0.297550,42.574528
19.848684,80.671249,91.395020,0.299258,42.651604
19.851747,82.766434,91.415802,0.280966,42.665951
19.859488,80.365875,87.181549,0.274274,38.336693
19.862422,80.334778,83.930817,0.182676,32.058842
19.866736,78.439445,78.838608,0.153316,34.339706
19.869325,79.661011,83.248566,0.208445,35.657700
19.873810,73.692863,83.937843,0.209340,35.272083
19.876504,75.067932,81.672653,0.249414,38.230713
19.883799,74.939278,84.806664,0.208274,36.262375
19.886421,75.815559,85.649429,0.241608,37.071064
19.888986,75.418129,87.737900,0.270394,41.019810
19.891590,76.074730,89.497978,0.249982,40.034843
19.894185,76.074730,87.498016,0.238179,38.972885
19.896697,77.709663,87.945869,0.246143,44.352600
19.899607,79.584496,92.816391,0.336524,46.738239
19.904975,83.616776,95.000008,0.356465,46.574371
19.907686,81.553299,95.000008,0.362525,46.534256
19.910685,84.534126,95.028473,0.361770,46.555962
19.913244,84.840424,95.000000,0.399194,46.407852
19.915771,85.468582,95.000000,0.404289,46.260872
19.918392,86.433342,95.000000,0.397640,46.284126
19.921339,90.617172,95.000008,0.377277,46.306908
19.928344,87.198318,95.000000,0.391106,46.305618
19.935721,87.198318,95.000000,0.377412,46.314049
19.938390,87.198318,95.000000,0.381517,46.308617
19.942004,87.198318,95.000008,0.359028,46.342224
19.946419,87.198318,95.000000,0.345300,46.298084
19.952138,87.198318,95.000008,0.374436,46.261292
19.954693,85.885269,95.000008,0.376362,46.191322
19.957315,85.885269,95.000000,0.333604,44.596283
19.959938,85.885269,92.122269,0.325004,42.939003
19.964505,85.885269,90.007721,0.313974,39.129364
19.967071,85.885269,88.074409,0.245135,36.683575
19.969680,85.885269,92.599022,0.337190,44.118538
19.977919,81.870178,92.188583,0.318280,43.532997
19.980610,81.870178,93.068062,0.331467,44.852459
19.983206,81.870178,93.526474,0.402275,45.556915
19.986796,81.870178,93.305817,0.383546,41.124840
19.989357,81.870178,92.439758,0.364250,44.971668
19.993710,81.870178,93.729248,0.394239,43.093479
19.996283,81.870178,91.134842,0.362449,42.304863
20.000540,81.870178,88.334518,0.312605,35.239609
20.003054,81.870178,84.117340,0.273863,35.112480
20.007054,81.870178,84.161163,0.264571,35.368168
20.009555,81.870178,80.215012,0.232967,31.209911
20.012844,81.870178,78.990952,0.254310,31.342680
20.015390,81.870178,80.314537,0.253611,31.674942
20.020528,81.870178,81.902924,0.267652,32.487400
20.028698,81.870178,80.522408,0.241047,31.368372
20.031289,81.870178,79.956329,0.271264,30.609098
20.033762,81.870178,83.151581,0.265296,33.762810
20.040399,81.870178,82.867874,0.225434,34.438515
20.042996,77.302040,84.247604,0.353236,41.938938
20.045724,77.302040,95.000000,0.363932,46.892345
20.048413,77.302040,95.000000,0.346145,46.968300
20.050951,77.955132,95.000008,0.367023,46.906914
20.055352,79.108551,95.000000,0.367972,46.812572
20.058007,83.035866,95.000008,0.372238,46.609371
20.062285,77.776169,95.000000,0.348701,46.569664
20.069879,83.006416,95.000008,0.365824,46.432961
20.072416,83.232971,95.000015,0.351708,46.285629
20.075103,87.174194,95.000015,0.343205,46.363396
20.077694,88.751564,95.000000,0.325331,46.438023
20.080491,88.795113,95.000008,0.306516,46.369209
20.083407,86.235077,95.000008,0.305116,46.357773
20.086005,87.143341,95.022308,0.312079,46.406052
20.089059,87.427559,95.000015,0.308408,46.374935
20.094243,86.601501,95.000015,0.317010,46.312939
20.096805,86.571899,95.000000,0.319808,46.566315
20.099623,88.612198,95.000000,0.297888,46.634373
20.102238,88.555664,95.000000,0.296169,46.548271
20.104790,83.966049,95.000000,0.291440,46.541351
20.107370,81.671890,95.000015,0.299042,46.548935
20.109980,87.731293,95.000000,0.301699,46.451904
20.112615,84.076897,95.000000,0.308966,46.416084
20.115611,84.076897,95.000000,0.319398,46.384415
20.120364,84.076897,95.000008,0.328789,46.333263
20.125361,83.874741,95.000015,0.324437,46.132160
20.128587,83.874741,95.000015,0.343979,46.140293
20.132925,83.874741,95.000000,0.355104,45.881371
20.138735,83.874741,94.424660,0.359965,45.536156
20.141376,83.874741,95.000000,0.330540,45.889301
20.144889,83.874741,95.000000,0.323769,45.566925
20.147554,83.874741,94.591156,0.304132,42.266262
20.150464,83.874741,94.274597,0.345839,46.104027
20.153048,83.874741,95.000000,0.315216,42.490196
20.160724,83.874741,90.140221,0.299671,40.911598
20.163513,83.874741,89.699074,0.306546,43.028252
20.166944,83.874741,91.466652,0.297367,40.690983
20.169444,83.874741,89.336487,0.303205,40.570992
20.172310,83.874741,90.392914,0.298773,41.725521
20.174874,83.874741,87.936501,0.248538,34.969490
20.177461,83.874741,83.731720,0.316546,45.605843
20.184505,83.874741,92.968491,0.292310,41.460789
20.188714,83.874741,93.270416,0.370556,46.419067
20.192289,83.874741,95.000000,0.401781,46.415649
20.195140,83.874741,95.000000,0.431551,46.468300
20.197973,83.874741,95.000000,0.442570,46.433853
20.200729,83.874741,95.000008,0.419132,46.440090
20.203330,83.874741,95.000000,0.395387,46.501286
20.206065,83.874741,95.000000,0.386406,46.387215
20.208691,83.874741,95.000008,0.397935,46.242344
20.211214,83.874741,95.000000,0.415865,46.249096
20.213785,85.676712,95.000000,0.395813,46.238235
20.216349,87.259941,95.000000,0.394272,46.048138
20.219028,89.223679,95.000000,0.382966,46.244328
20.221992,87.345085,95.000008,0.376383,46.291332
20.224818,89.275116,94.939812,0.349667,46.257198
20.230062,86.448250,95.000000,0.358870,46.201271
20.232692,86.213745,95.000008,0.361406,46.342846
20.235355,85.274681,95.000008,0.352454,46.247860
20.237973,87.105240,92.743484,0.318784,43.884857
20.240853,88.119293,95.000000,0.350980,46.308643
20.244888,86.224609,95.000000,0.359414,46.102776
20.248133,84.145294,93.550240,0.366479,46.175037
20.252282,85.642761,94.687645,0.363927,45.882549
20.254922,87.436844,92.693390,0.383924,44.750526
20.259702,85.268494,91.318031,0.322542,42.479069
20.262359,90.354813,95.000000,0.380890,46.234776
20.265001,82.409172,95.000008,0.371322,46.366463
20.267706,82.409172,95.000000,0.364122,44.941952
20.270215,82.409172,95.000000,0.388401,46.295174
20.275716,82.409172,91.156006,0.331921,42.304550
20.278332,84.691116,89.536507,0.308530,40.595322
20.280916,82.438065,90.593430,0.312686,39.011517
20.283523,82.438065,87.981384,0.280124,36.964069
20.286182,82.438065,84.614532,0.241035,35.633804
20.288702,82.438065,81.982887,0.202131,33.357384
20.291268,87.012573,82.335106,0.216786,36.107140
20.295740,78.422882,85.023499,0.277838,38.231094
20.298474,81.915001,80.680733,0.201005,33.573875
20.301270,76.183968,82.383362,0.249564,36.067444
20.303813,73.326073,84.670898,0.297888,35.101452
20.307969,74.231293,84.490295,0.284210,35.887173
20.310608,70.669281,81.822845,0.219683,34.517715
20.315074,74.348030,83.127655,0.311072,40.031586
20.317781,69.860039,90.391647,0.282723,36.303566
20.323365,77.428421,84.787552,0.297845,42.019268
20.326273,73.286194,94.366615,0.356919,46.005173
20.329059,79.806625,91.691269,0.269558,41.307007
20.332230,75.749222,92.480255,0.299501,44.047302
20.335015,81.935799,91.092758,0.286459,43.771561
20.337622,85.599457,92.259201,0.333791,46.698578
20.340170,81.684189,95.000000,0.350132,46.632233
20.346276,82.724571,94.966095,0.363729,46.641777
20.348834,81.878845,95.000000,0.347482,46.498112
20.353755,83.684540,95.000008,0.338888,46.528481
20.359311,91.665146,95.000000,0.328482,46.470024
20.362453,86.085518,95.000000,0.323051,46.540295
20.365198,86.874146,95.000008,0.352683,46.576298
20.370732,85.291481,95.000000,0.335612,46.563854
20.374053,85.677177,95.000000,0.343042,46.438499
20.378385,85.677177,95.000000,0.349269,46.521469
20.383341,85.677177,95.000000,0.335066,46.383297
20.385915,85.677177,95.000008,0.344701,46.376289
20.394369,85.677177,95.000000,0.335316,46.088402
20.397375,85.677177,95.000000,0.314509,45.979568
20.399988,85.677177,95.000008,0.319022,46.112629
20.402711,85.677177,95.000000,0.312999,46.045860
20.405562,85.677177,95.000008,0.340922,46.029350
20.408320,85.677177,95.000015,0.335782,46.197441
20.410902,85.677177,95.000008,0.345855,46.042561
20.416410,85.677177,95.000000,0.348755,46.074635
20.419022,85.677177,95.000008,0.356554,45.990498
20.421701,85.677177,95.000000,0.397579,46.048729
20.424347,85.677177,95.000000,0.405535,44.313469
20.427025,91.073425,93.355904,0.351808,46.093208
20.429697,85.461586,95.000000,0.375636,46.151749
20.434044,86.344048,90.694244,0.307642,41.693909
20.436705,84.074867,91.792648,0.316594,42.733379
20.440874,83.034958,92.388611,0.312311,39.593048
20.447309,81.894867,82.805717,0.196045,32.899986
20.452721,79.096375,85.602486,0.241113,39.213890
20.455756,78.215675,81.717163,0.195502,32.753345
20.458502,79.687790,82.054008,0.216275,37.001648
20.461230,73.860535,85.834175,0.278362,36.581139
20.463831,76.918373,82.311699,0.256605,33.505653
20.466359,76.691856,80.506165,0.239131,31.688877
20.468896,75.343346,82.744095,0.271305,35.534325
20.471451,77.931442,84.202881,0.249237,34.798771
20.474355,76.042252,90.251923,0.319807,41.779411
20.476960,74.326271,90.215706,0.315245,38.754028
20.479709,80.391609,95.000000,0.389045,45.300892
20.489129,81.958458,93.785789,0.425301,46.591038
20.491721,80.826973,95.000008,0.457962,46.581871
20.496004,83.368439,95.000008,0.469930,46.355667
20.499890,84.319626,95.000000,0.465270,46.309944
20.504059,87.982269,95.000000,0.507730,46.189125
20.509705,87.709175,95.000000,0.431994,46.074089
20.512274,89.815414,95.000008,0.425618,46.214943
20.515480,86.655602,94.976646,0.402927,46.139938
20.518018,91.185051,95.000000,0.382526,46.211662
20.521154,86.447754,95.000000,0.404066,46.211597
20.524524,89.523956,95.000015,0.381632,46.158516
20.528957,86.450745,95.000000,0.367472,46.239025
20.531590,90.010750,95.000000,0.424497,46.158249
20.534715,86.472366,95.000000,0.389294,46.263245
20.537743,83.087433,95.000000,0.380590,46.252998
20.540774,83.643265,90.757767,0.316878,39.254539
20.543377,81.105095,88.093369,0.289811,40.739140
20.546128,81.232941,88.403107,0.242702,39.457355
20.551755,80.384270,92.207840,0.298828,43.478783
20.554354,80.050034,91.200150,0.297674,41.462193
20.558959,76.152504,91.625656,0.299099,39.240822
20.561570,78.820801,87.968445,0.222044,40.282150
20.566772,76.588570,89.060844,0.304571,39.530037
20.569516,80.064827,88.308075,0.205919,32.103340
20.573384,77.644073,81.031807,0.249243,37.124702
20.575990,75.947159,85.822617,0.244997,37.009136
20.578584,76.181656,81.439957,0.185490,32.812256
20.584181,78.229210,80.728508,0.183953,31.862022
20.586719,79.201553,81.941269,0.200458,38.932777
20.589307,73.200722,87.595619,0.232575,37.860767
20.591897,72.381584,81.068909,0.172821,32.432938
20.594868,74.304802,81.175827,0.194240,36.729706
20.597495,72.087997,79.781700,0.180545,31.145393
20.602929,72.722725,79.330292,0.161702,34.723763
20.605471,73.290390,83.281570,0.228219,37.235371
20.608027,74.257835,87.825584,0.250308,39.411427
20.610603,73.570450,85.898277,0.208792,37.395725
20.613373,72.735397,85.822220,0.217845,37.730888
20.616010,76.082039,89.804871,0.266648,41.397072
20.618561,75.274017,94.934837,0.319601,46.727863
20.623603,80.501114,95.000000,0.292206,46.768780
20.626254,82.445984,95.000015,0.326081,46.893398
20.631095,84.303856,95.000008,0.338674,46.736675
20.635354,86.071793,95.000000,0.324237,46.811264
20.638593,88.996384,95.000000,0.347294,46.730736
20.641707,82.777847,95.000008,0.338593,46.687260
20.644418,86.996605,95.000000,0.330468,46.544266
20.647005,89.370491,95.000008,0.324389,46.332306
20.653395,83.855217,95.000008,0.359965,46.161953
20.656041,87.852058,95.000000,0.351450,46.080757
20.658713,86.819252,95.000008,0.350614,46.195179
20.661835,88.387703,95.000000,0.337291,46.277088
20.664425,82.732765,95.000000,0.336805,46.340775
20.666995,85.172989,95.000008,0.348857,46.261578
20.671782,88.348282,95.000000,0.326377,46.410908
20.674960,85.657181,95.000008,0.316747,46.425999
20.677699,86.461517,95.000000,0.373264,46.421146
20.680311,86.700500,95.000015,0.360429,46.411530
20.684766,86.604942,95.000015,0.362234,46.385422
20.687337,82.665649,95.000008,0.355234,46.337482
20.691728,84.959885,95.000000,0.377214,46.329250
20.694365,86.058205,95.000008,0.361935,46.343033
20.696952,87.551270,95.000000,0.353295,46.385601
20.699465,87.902313,95.000008,0.387073,46.430000
20.702452,82.024475,95.000000,0.401855,46.248810
20.705047,86.957260,95.000000,0.380523,46.101051
20.707622,88.319733,95.000000,0.401555,46.021160
20.710220,84.040375,95.000000,0.395194,46.071377
20.712718,84.283379,95.000000,0.421523,45.888645
20.719720,87.019470,95.000015,0.374875,45.859009
20.722723,84.991753,95.000008,0.370118,45.914349
20.725348,83.325768,95.000000,0.357378,44.578175
20.728736,86.371468,85.658852,0.248549,36.475933
20.732400,83.083473,83.459427,0.201146,33.078518
20.737229,82.285378,82.205673,0.210935,35.250351
20.740152,80.718681,82.606033,0.175464,35.980171
20.748081,75.441795,88.772430,0.219880,43.775673
20.754581,76.588730,89.998314,0.253334,39.623642
20.757166,77.236588,88.137672,0.214998,37.505348
20.759848,75.751152,92.861336,0.283098,40.873520
20.765816,79.478317,86.685501,0.262678,38.015667
20.768347,79.656540,86.097931,0.265645,38.451973
20.771846,81.759094,90.029800,0.320520,41.297188
20.774395,81.901581,93.055481,0.357531,45.532612
20.777140,83.017410,94.151733,0.379364,46.410870
20.779981,81.408310,94.625610,0.354857,46.041405
20.782567,86.019730,92.908066,0.342750,46.242981
20.785297,83.427353,94.889969,0.350102,44.884277
20.787861,83.427353,90.192108,0.294088,41.500679
20.790829,83.427353,93.464806,0.363380,45.456085
20.793472,83.427353,94.110733,0.349628,44.710732
20.796183,83.427353,95.000000,0.329347,46.460976
20.798746,83.427353,95.000000,0.308066,46.567844
20.801362,83.427353,95.000000,0.339202,46.649063
20.805553,83.427353,95.000008,0.334041,46.382637
20.811889,83.427353,95.000000,0.346432,46.478958
20.814431,83.427353,95.000008,0.362872,46.379562
20.818621,83.427353,94.841812,0.337971,46.317242
20.821196,86.170761,95.000000,0.337069,46.435276
20.825329,86.170761,95.000008,0.352055,46.304363
20.827855,86.170761,92.484825,0.289576,43.701332
20.830457,86.170761,95.000000,0.320018,41.045048
20.839075,86.170761,89.903885,0.260568,40.694649
20.842380,86.170761,89.927872,0.261668,41.080055
20.844897,84.120239,88.974228,0.315924,44.111320
20.848007,83.710136,94.991562,0.313152,46.305550
20.850611,83.689865,93.022064,0.287377,45.403168
20.858625,83.125771,94.230484,0.281429,42.835335
20.861932,84.442612,93.181076,0.316076,44.498604
20.864579,85.553795,94.295807,0.328147,44.312904
20.867136,82.047462,92.997208,0.293314,42.700294
20.871110,80.025505,87.082611,0.222724,38.481976
20.875409,81.442215,87.344559,0.260571,37.787254
20.877976,79.750656,82.263145,0.189641,33.399063
20.882482,78.057480,77.065575,0.134592,32.589115
20.885019,78.499329,83.693298,0.205542,35.142044
20.889431,72.622887,83.891159,0.200139,31.574368
20.892001,74.184761,78.548134,0.168779,33.893440
20.895208,71.900368,82.639702,0.235857,36.796429
20.897733,72.655396,85.381638,0.233232,36.820885
20.900434,74.731628,87.792709,0.247011,38.656120
20.903085,74.595001,87.119675,0.217866,36.953339
20.905737,76.110680,89.027924,0.268912,42.914177
20.909345,76.668747,91.312057,0.272496,41.727818
20.912035,77.394630,90.762230,0.283055,42.355087
20.914726,78.437965,93.266113,0.307962,46.652981
20.917375,82.938011,95.022522,0.343714,46.652664
20.920036,84.615936,95.000008,0.352581,46.705147
20.923380,82.487343,95.000000,0.391210,46.605164
20.926229,82.751549,95.000008,0.417517,46.615082
20.928753,84.885666,95.000008,0.388407,46.516567
20.932842,84.583832,95.000008,0.469597,46.220398
20.937296,87.783356,95.000000,0.428500,46.240875
20.939816,86.285316,95.000000,0.466421,46.085888
20.944719,87.909424,95.000000,0.418549,46.253525
20.951087,85.288094,95.000000,0.393792,46.132576
20.953829,88.836021,95.000000,0.365906,46.299126
20.960116,87.102287,95.000000,0.358484,46.328434
20.962832,86.532997,95.000000,0.374793,46.182262
20.965718,88.912048,95.000008,0.360626,46.266384
20.968356,88.696014,95.000000,0.372949,46.307438
20.970921,85.549110,95.000000,0.381247,46.213757
20.976733,84.239647,94.767883,0.344377,46.164524
20.979413,85.009995,95.000000,0.329043,44.022263
20.982149,86.567245,92.377151,0.320824,43.499477
20.984776,83.794029,93.524689,0.349265,45.476364
20.987419,87.387108,94.278343,0.353438,44.598999
20.989962,86.870087,91.929581,0.343695,42.721062
20.993731,83.457672,91.487495,0.334377,42.662514
20.996445,84.044449,93.986267,0.400841,45.187946
21.000992,84.847931,93.127594,0.397491,42.413170
21.004567,84.011833,92.001480,0.401942,43.162846
21.008727,83.799805,91.186501,0.401648,42.775520
21.011488,84.178261,92.072403,0.337911,40.508148
21.016279,84.698700,87.580658,0.293531,37.275215
21.019102,83.819496,86.268204,0.298740,37.021469
21.022025,82.722618,88.744812,0.354059,39.794510
21.024632,82.217651,88.951126,0.336581,29.262608
21.029608,80.403664,80.342560,0.232928,34.019737
21.034326,78.003471,84.403824,0.305398,36.989941
21.037104,75.047165,85.721497,0.251354,33.110035
21.043437,74.426758,81.878799,0.303482,33.801376
21.046736,69.928246,81.314423,0.243647,31.526295
21.049720,71.031410,82.119667,0.279277,33.518803
21.052616,73.165161,82.717567,0.290540,33.546959
21.055248,72.054672,82.071243,0.230949,35.053482
21.058045,72.674133,88.245903,0.247743,39.855461
21.062535,74.756508,92.980087,0.349292,46.495766
21.065221,77.642952,94.734245,0.369607,46.734333
21.069367,80.290680,95.000000,0.392278,46.702972
21.072160,81.882858,95.000008,0.379967,46.640270
21.077949,81.882858,95.000000,0.347106,46.302422
21.081457,81.882858,95.000008,0.371656,46.322224
21.084005,84.302338,95.016724,0.352896,46.404774
21.086948,84.302338,95.000008,0.362059,46.205334
21.089720,85.132790,95.000008,0.308518,44.888165
21.092530,87.139046,95.000008,0.324153,46.183208
21.095287,86.293152,95.000000,0.330632,46.221996
21.097833,89.437302,95.000000,0.320215,46.269501
21.100774,85.946976,95.061096,0.290574,45.342480
21.106119,86.382301,94.944656,0.318968,46.392448
21.111800,86.675507,95.000000,0.313522,46.427723
21.114361,86.411163,95.000000,0.317771,45.335976
21.117031,84.972160,93.972427,0.303984,46.340412
21.119924,85.878075,95.000000,0.304126,46.428902
21.122509,82.745506,95.000008,0.309881,46.487968
21.126725,84.610672,95.000000,0.320060,46.355755
21.129735,84.457558,95.000008,0.324333,46.334713
21.137092,84.833984,95.000008,0.319548,46.162777
21.142471,85.265671,95.000000,0.308752,46.166344
21.145003,84.436264,95.000008,0.304210,43.796745
21.147720,84.680435,89.186913,0.272289,40.197147
21.150726,83.808853,89.415985,0.267086,35.746674
21.153361,81.416153,84.778030,0.176894,31.505711
21.156227,83.251633,83.007019,0.214376,33.914867
21.158843,76.952751,84.250328,0.224441,30.906691
21.165222,75.976898,79.873840,0.229421,30.722315
21.168054,74.182938,80.695038,0.249925,33.988045
21.171775,73.403015,86.022652,0.266456,37.413727
21.174336,72.087967,82.560791,0.217840,34.003639
21.176968,75.022278,83.061012,0.212205,34.731754
21.179582,72.450859,83.287689,0.240089,35.088024
21.182091,70.072739,85.929939,0.227662,37.488735
21.184754,74.624649,84.428032,0.227866,37.664661
21.189146,72.599937,86.135147,0.231811,37.299793
21.192509,76.603806,89.585953,0.290976,44.138626
21.196732,78.424690,93.738670,0.342512,45.378159
21.199390,78.136604,93.782776,0.345634,44.931461
21.202122,79.556503,90.593704,0.303054,42.053192
21.204721,82.099655,92.583130,0.356004,46.408512
21.209014,83.883514,95.000000,0.411738,46.534813
21.211613,83.883514,95.000000,0.401649,46.636787
21.214866,83.883514,95.000000,0.379191,46.614914
21.217514,87.474945,95.000008,0.415388,46.614258
21.220077,87.474945,95.000000,0.383470,46.642574
21.222985,87.474945,95.000000,0.404843,46.380775
21.225726,87.474945,95.000015,0.400557,46.261429
21.228260,87.474945,95.000000,0.419791,46.279510
21.232016,88.713074,95.000000,0.381025,46.298519
21.234679,88.548698,95.000000,0.386582,46.391441
21.237208,88.474617,95.000000,0.355612,46.333183
21.239760,86.487091,95.000008,0.386244,46.300304
21.242387,86.487091,95.000000,0.392382,46.339798
21.244991,84.356781,95.000008,0.360316,46.251572
21.251352,84.356781,95.000000,0.387998,46.130348
21.253991,84.356781,95.000000,0.393052,46.183750
21.256572,84.356781,95.000000,0.375111,46.271637
21.261071,84.356781,95.000008,0.404185,46.151943
21.266910,86.010086,95.000015,0.342282,46.277317
21.270342,86.010086,95.000000,0.369256,46.345490
21.286824,82.613686,95.000008,0.379953,46.205536
21.289388,85.424500,95.000000,0.360341,46.251076
21.292168,86.506027,95.000000,0.373550,46.223965
21.294764,82.801872,95.000000,0.396953,46.094547
21.297484,84.832703,95.000008,0.344565,46.034706
21.300027,85.105957,95.000015,0.355547,46.061073
21.302805,84.257263,95.000000,0.355669,44.384254
21.305450,83.702904,93.393120,0.326462,43.790100
21.308612,86.390587,90.873383,0.320262,38.699501
21.314639,83.846703,86.635582,0.273635,36.968506
21.317771,80.045471,88.227264,0.275816,38.816116
21.322159,82.718040,87.375862,0.332914,38.504910
21.324736,76.761154,87.882477,0.338040,37.551765
21.327390,78.603355,86.352737,0.297738,38.863556
21.330082,79.598068,91.272873,0.301546,42.653969
21.332615,79.598068,95.000008,0.296626,39.833599
21.338386,79.598068,87.755981,0.257960,44.117558
21.341032,79.598068,92.685463,0.358759,46.511532
21.343745,79.598068,94.016541,0.360295,45.518337
21.346423,79.598068,93.095123,0.329217,44.586441
21.348987,80.642578,95.000008,0.298363,46.566055
21.351725,84.051331,95.000000,0.309867,46.676643
21.355162,81.606148,95.000015,0.334764,46.638809
21.357730,81.994354,95.000000,0.344454,46.654129
21.360605,82.652954,95.000008,0.351745,46.455891
21.363126,82.333961,95.000008,0.361298,46.404305
21.372204,88.095734,95.000000,0.339691,46.463680
21.374739,87.494995,95.000000,0.350601,46.442245
21.379128,86.714752,95.000000,0.325616,46.430382
21.381732,86.937187,95.000000,0.361581,46.361076
21.386849,86.132729,95.000008,0.352310,46.321331
21.389729,85.110306,95.000000,0.339456,46.391872
21.397730,87.124542,95.000000,0.339442,46.370792
21.400299,83.902992,95.000000,0.325483,46.293240
21.403626,84.807999,95.000000,0.322588,46.229332
21.406565,86.524551,95.000008,0.349290,46.258533
21.409744,86.443634,95.000008,0.316026,46.222843
21.413535,84.510284,95.000008,0.313106,46.115211
21.416799,85.620987,95.000015,0.313510,46.164833
21.420160,84.444817,95.000000,0.323729,46.115341
21.422838,84.770332,95.000008,0.339965,45.984615
21.426082,85.498222,95.000000,0.340806,46.003494
21.428656,85.348076,95.000000,0.358659,46.083122
21.431293,83.949348,95.000000,0.339858,45.489624
21.434379,86.708519,93.062683,0.335842,44.645966
21.437079,85.314995,93.627426,0.330711,40.266350
21.443135,86.144653,89.257996,0.356991,41.908012
21.447366,86.144653,91.613266,0.316152,39.591202
21.449944,86.144653,86.433029,0.277275,37.454948
21.452437,86.144653,84.726051,0.269577,34.289749
21.455821,86.144653,82.592407,0.229870,33.545731
21.458857,86.144653,82.252914,0.226551,30.997726
21.462762,86.144653,76.525284,0.165106,30.058674
21.465899,78.279816,79.040367,0.182120,29.886543
21.473748,78.279816,79.319977,0.196438,30.587578
21.476317,78.279816,81.192726,0.188953,32.573528
21.478861,78.279816,82.885963,0.231889,34.258156
21.483804,78.279816,83.235107,0.243115,34.767239
21.486353,78.279816,83.487946,0.237304,35.029640
21.489323,74.614845,85.557968,0.298742,39.677811
21.492002,73.762016,86.793907,0.280645,41.212337
21.495795,77.637878,95.000000,0.413202,46.765064
21.500458,78.226051,95.000000,0.425965,46.759270
21.507539,82.782974,95.000000,0.431593,46.628006
21.513305,83.269394,95.000008,0.453265,46.403351
21.515909,87.384384,95.000008,0.387876,46.320801
21.520059,85.796082,95.000000,0.415504,46.188683
21.523370,87.468582,95.000008,0.381027,46.109310
21.525944,89.411789,95.000000,0.370234,46.021801
21.529104,86.489632,95.000008,0.401317,46.053833
21.531648,86.056709,95.000000,0.409578,46.041168
21.534366,84.628227,92.685349,0.357074,40.876434
21.537067,86.690475,89.921906,0.349927,44.188335
21.540027,88.875458,94.454941,0.390557,44.574173
21.543360,85.261627,93.453033,0.413281,43.714710
21.546874,85.712349,92.528793,0.342527,42.091621
21.549959,84.667130,94.630302,0.376699,45.942989
21.552820,83.006287,93.706665,0.391580,45.608551
21.555429,83.593369,94.219391,0.351208,46.570229
21.558758,81.567398,94.804886,0.273849,40.911171
21.561974,83.917351,94.291367,0.334004,45.644928
21.566566,80.870888,91.233826,0.287274,41.981865
21.569747,83.857368,91.748932,0.311638,44.322754
21.573988,80.399811,91.916344,0.347751,43.118126
21.576622,81.823837,89.403732,0.275379,37.268379
21.580171,81.803452,87.195404,0.282465,38.238678
21.582754,82.441330,88.665405,0.312637,36.357567
21.585283,82.441330,85.298691,0.192369,33.680687
21.587970,82.441330,81.041321,0.185528,28.682522
21.591150,78.593842,77.741806,0.203260,29.599407
21.594624,77.722527,83.088928,0.235485,30.695034
21.597207,73.471603,79.573311,0.139506,24.367363
21.599746,73.471603,76.308929,0.140665,27.422836
21.602388,73.471603,79.909615,0.199633,29.952868
21.605017,73.471603,78.675156,0.216749,29.933195
21.607530,73.471603,78.592606,0.218404,31.537880
21.610101,73.471603,80.000320,0.201167,31.438368
21.612747,73.471603,80.263504,0.185746,34.221882
21.616119,73.471603,80.990158,0.194527,32.539169
21.618739,73.471603,81.913223,0.221456,37.728367
21.621785,73.471603,87.189163,0.235398,38.863861
21.625800,73.471603,89.784256,0.226960,39.430405
21.630303,73.471603,89.310417,0.230725,40.979637
21.632819,73.471603,93.969559,0.313857,46.714188
21.637075,75.622322,95.000008,0.311230,46.692554
21.639748,75.622322,95.000000,0.324671,46.792084
21.646948,75.622322,95.000015,0.351595,46.824062
21.649656,75.622322,95.000000,0.360285,46.629253
21.652799,75.622322,95.000008,0.347927,46.595375
21.655467,75.622322,95.000008,0.361321,46.432800
21.659380,75.622322,95.000008,0.339214,46.456177
21.662476,85.402206,95.000000,0.333866,46.438515
21.665012,85.402206,95.000000,0.349423,46.385063
21.670628,85.402206,95.000000,0.326765,46.471130
21.679911,85.402206,95.000000,0.337863,46.334663
21.684014,85.402206,95.000015,0.336610,46.364563
21.686576,85.402206,95.000000,0.360844,46.353127
21.689885,85.402206,95.000000,0.339358,46.507534
21.694370,85.402206,95.000000,0.354432,46.448452
21.697051,85.402206,95.000000,0.366214,46.510674
21.701468,85.402206,95.000000,0.369943,46.479828
21.705130,85.402206,95.000008,0.385265,46.433315
21.707738,85.402206,95.000000,0.375244,46.454361
21.711606,87.020927,95.000000,0.363611,46.414440
21.717559,87.020927,95.000008,0.374789,46.414825
21.720761,87.020927,95.000008,0.361890,46.250286
21.723532,87.020927,95.000015,0.379203,46.225239
21.727343,87.020927,95.000000,0.370470,46.204933
21.730252,87.020927,95.000000,0.362600,46.142532
21.732814,87.020927,95.000000,0.363994,45.872032
21.735464,87.020927,95.000008,0.367614,46.037964
21.741193,87.020927,95.000000,0.331779,46.047569
21.743809,87.020927,95.000008,0.337507,45.920071
21.746410,87.020927,95.000000,0.350400,45.893162
21.749288,87.020927,95.000015,0.353751,45.792797
21.752645,87.020927,95.000008,0.334405,45.939552
21.757120,87.020927,95.000008,0.314424,46.044151
21.759906,87.020927,95.000000,0.311268,44.989357
21.764144,84.463547,93.323387,0.295771,44.357803
21.766787,88.163544,95.000000,0.345633,46.251221
21.771331,86.057678,95.000008,0.325748,46.241081
21.773859,85.805870,95.000008,0.369345,46.242973
21.779838,88.168877,95.000008,0.359339,46.253166
21.782365,84.067368,95.000008,0.361927,44.682182
21.785016,88.389389,93.897644,0.351757,46.223537
21.791604,86.439934,95.000000,0.386324,46.244781
21.794271,86.102013,91.047302,0.330617,42.186771
21.796822,89.247108,90.386871,0.302169,46.195724
21.799430,85.720131,94.931946,0.382031,46.318504
21.802126,85.720131,93.040802,0.347304,44.283836
21.804755,85.720131,93.242294,0.351479,43.366806
21.807433,85.720131,92.150948,0.289373,42.195763
21.810011,85.720131,94.656693,0.341525,45.936562
21.812647,88.469467,95.000000,0.333703,46.274380
21.816148,88.469467,95.000015,0.324313,46.433575
21.820397,86.878754,95.000008,0.314147,46.466106
21.823023,83.222153,92.146988,0.313292,44.920090
21.828808,82.809868,95.000008,0.347074,46.384705
21.832617,85.838867,93.618050,0.360690,46.368546
21.835473,83.130844,95.000000,0.310466,45.810829
21.838077,82.065529,94.339310,0.321147,45.642235
21.840632,83.125908,95.000008,0.337212,46.280243
21.843192,83.125908,95.000000,0.345743,46.195412
21.846164,83.125908,89.282417,0.248812,40.491619
21.848656,80.825165,86.995735,0.211354,38.841305
21.851269,80.164391,87.736282,0.253038,39.740528
21.854960,81.254570,87.292969,0.244626,35.904205
21.858208,80.250275,86.167717,0.192702,36.676556
21.861758,79.767044,86.112335,0.247655,37.305054
21.865097,77.077850,89.595428,0.262158,40.240868
21.867741,74.220001,87.515564,0.241837,38.877819
21.870305,78.947830,88.513840,0.250504,39.893074
21.872899,80.964287,88.440720,0.256441,40.545860
21.881398,80.964287,92.015640,0.305599,43.491409
21.884081,80.964287,88.096275,0.250534,36.876129
21.888839,75.414024,85.037621,0.201957,35.242199
21.891367,79.085190,84.018021,0.228957,36.247986
21.895638,75.892326,81.801399,0.173307,27.678526
21.902362,73.658188,77.919220,0.156425,32.577061
21.905006,72.056091,81.390442,0.222594,33.122387
21.907741,71.968079,80.575531,0.188334,31.910538
21.910296,71.265457,77.346977,0.144216,28.673920
21.912844,70.655014,79.597496,0.195408,33.979279
21.915560,70.655014,82.600479,0.225768,34.233231
21.918099,70.655014,85.537125,0.231587,37.122803
21.920759,70.655014,85.457687,0.306821,42.656609
21.925981,75.644623,92.171280,0.316624,43.934032
21.928466,76.870522,91.712158,0.320213,43.055763
21.931778,79.868752,92.961853,0.331369,44.597424
21.934380,80.409027,93.870117,0.356061,46.544968
21.937489,85.025764,95.000008,0.392374,46.586971
21.940063,85.167068,95.000000,0.396529,46.612854
21.947185,87.175804,95.000000,0.437747,46.409477
21.952357,84.950623,95.000015,0.422286,46.347538
21.954932,87.796211,95.000008,0.423825,46.391140
21.957518,87.229889,95.000000,0.411967,46.418888
21.960105,87.229889,95.000000,0.395347,46.315372
21.962756,87.229889,95.000015,0.374402,46.358799
21.965428,87.229889,95.000008,0.372594,46.254429
21.971745,85.771362,95.000008,0.348887,46.254276
21.974435,90.057846,95.000000,0.337706,46.419628
21.978788,85.619629,95.000000,0.332422,46.265907
21.984633,88.656937,95.000008,0.347614,46.321640
21.987231,86.390373,95.000000,0.389411,46.341377
21.990118,84.195755,95.000000,0.347204,46.266907
21.998209,84.621170,95.000000,0.360142,46.193638
22.000754,85.726608,95.000000,0.334916,46.299099
22.004826,85.320457,95.000008,0.369913,46.359123
22.009161,86.460548,94.937378,0.388192,46.267776
22.012367,86.460548,95.000015,0.380276,46.151001
22.016628,86.460548,95.000000,0.405270,46.167233
22.019293,86.460548,95.000000,0.425622,45.504929
22.023366,86.460548,94.544952,0.420489,45.980515
22.026048,86.460548,95.000000,0.428586,45.990013
22.028630,86.460548,93.124084,0.433747,41.936790
22.031227,86.460548,91.038872,0.339960,39.412773
22.034046,86.460548,85.808548,0.299861,36.636253
22.036843,86.460548,82.578598,0.265737,34.840199
22.046511,78.230980,86.243256,0.327711,36.293533
22.052575,77.579308,84.136131,0.292153,30.342697
22.055561,75.249847,80.229111,0.277723,31.341385
22.058758,73.222527,82.758957,0.286240,34.145302
22.062050,74.097794,85.281441,0.287592,36.708958
22.064988,71.204887,84.242805,0.220898,34.109760
22.067618,72.678093,88.318237,0.281398,41.598892
22.072084,72.188774,88.353989,0.255832,39.983398
22.074668,73.718529,89.146935,0.310136,46.655869
22.081548,78.559914,95.000000,0.344198,46.553413
22.088974,85.905647,95.000000,0.343204,46.704998
22.091761,83.554413,95.000015,0.339362,46.514526
22.095788,84.151161,95.000000,0.332792,46.329529
22.098421,84.707100,95.000008,0.318805,46.267117
22.101084,86.545219,95.000000,0.340587,46.306343
22.103763,88.501999,95.000008,0.317083,46.234203
22.107257,85.593094,95.000000,0.273947,43.536430
22.110229,87.469200,92.316269,0.279365,43.408123
22.112849,84.420532,95.000008,0.319983,46.233986
22.116143,87.582352,90.022232,0.237705,41.210274
22.118756,87.582352,91.074379,0.241734,46.216286
22.121295,87.582352,94.949104,0.292231,46.415852
22.123779,87.582352,95.000000,0.291515,46.479977
22.126438,87.582352,95.000008,0.307758,45.938812
22.129144,87.582352,95.000008,0.332574,46.483959
22.135837,87.582352,95.000015,0.335401,46.417328
22.140374,87.582352,95.000008,0.314634,46.482338
22.142959,87.582352,95.000008,0.318478,46.392677
22.147509,87.582352,95.000000,0.314150,46.198807
22.150096,85.268959,95.000000,0.328095,46.294044
22.153635,88.572845,95.000000,0.349994,46.198391
22.156170,85.750732,91.680771,0.297871,42.748222
22.158787,85.075912,89.612160,0.286439,39.825359
22.161439,86.500473,88.903442,0.259458,40.623497
22.164055,86.500473,89.351089,0.294531,40.325745
22.166678,86.500473,84.245239,0.214206,28.416809
22.169345,81.472893,77.546097,0.159497,28.093300
22.172746,73.935158,78.573311,0.182064,28.256418
22.175396,72.528473,77.304688,0.217258,29.316391
22.177878,71.725372,78.441818,0.193777,29.590889
22.180479,70.347321,74.782494,0.152172,23.708605
22.183103,71.399933,72.574753,0.181594,26.467697
22.188769,68.985352,79.407532,0.224211,34.190773
22.192445,71.461220,81.374847,0.195197,37.075073
22.198110,66.416016,88.058426,0.320953,45.549774
22.207436,77.697060,93.956284,0.339972,45.628471
22.210966,78.206535,95.000000,0.390250,46.632099
22.216774,83.382446,95.000000,0.384505,46.528347
22.219460,83.964737,94.662460,0.415764,46.270378
22.227789,86.965538,95.000000,0.421097,46.444149
22.230383,87.345291,95.000000,0.445876,46.314335
22.233123,87.892365,95.000000,0.415835,46.307823
22.235767,88.998550,94.895470,0.413107,46.526573
22.239332,86.555412,95.000008,0.380181,46.432049
22.242102,86.036316,95.000000,0.393256,46.314362
22.245349,89.443771,95.000008,0.349384,46.399956
22.247933,86.126038,95.000000,0.342933,46.574360
22.250622,86.036087,95.038841,0.354492,46.408813
22.253983,85.592010,94.979233,0.321449,46.366856
22.256560,84.899948,95.000008,0.337934,46.439610
22.260671,87.041962,95.000000,0.341705,46.456234
22.266772,88.026886,95.000008,0.345608,46.216606
22.273643,83.931503,95.000008,0.360486,46.304047
22.277905,86.321777,95.000008,0.364744,46.373318
22.280462,86.166122,95.000008,0.381675,46.226547
22.283037,84.737854,95.000000,0.374742,46.266056
22.287142,87.816635,95.000008,0.356845,46.201698
22.294465,87.645065,95.000008,0.375414,46.220982
22.298467,89.487640,95.000015,0.356528,46.516247
22.301248,82.730713,95.000000,0.348797,46.406235
22.304328,84.294769,95.000000,0.359545,46.148464
22.307148,86.465157,95.000008,0.370187,46.211967
22.310384,84.904221,95.000000,0.371513,46.061264
22.313106,85.218895,95.000000,0.355818,46.058578
22.316346,84.544128,95.000000,0.348128,46.066177
22.319332,88.224350,95.000000,0.405501,45.941570
22.323800,81.579437,92.999908,0.372577,43.879013
22.326510,84.873314,89.705544,0.320834,38.559055
22.330788,84.194107,88.057327,0.357218,37.640915
22.334079,81.334610,82.077759,0.271599,36.041775
22.337987,79.095261,92.428864,0.347717,43.156948
22.341789,79.300934,88.040741,0.338824,39.289131
22.344610,76.600266,86.144287,0.308528,39.836548
22.347214,77.238716,88.602386,0.291272,40.053596
22.349794,82.773758,92.757050,0.338689,44.134983
22.352423,77.947052,95.000000,0.356049,44.426311
22.355291,79.247078,92.899467,0.260684,40.434147
22.358179,84.554916,92.355019,0.306439,43.751133
22.360830,84.316910,94.967865,0.334997,46.433266
22.371106,85.761902,95.000000,0.337311,46.500629
22.373763,86.256821,95.000008,0.352256,46.518688
22.377489,81.915421,95.000000,0.343520,46.407940
22.380066,85.804214,95.000000,0.352884,46.411057
22.382762,84.266251,95.000000,0.369941,46.430508
22.387056,85.360291,95.000008,0.313424,46.374302
22.393204,85.363243,95.000000,0.339752,46.323223
22.396366,86.256653,95.000000,0.323968,46.357967
22.400589,84.049637,95.000000,0.343190,46.217628
22.403110,87.608368,95.000000,0.351850,46.145782
22.405821,83.388954,95.000000,0.341646,46.150375
22.408549,85.456978,95.000008,0.313316,46.427685
22.414484,84.091240,95.000015,0.330813,46.418114
22.417141,84.508179,95.000000,0.320247,46.343521
22.419756,84.508179,95.000000,0.320100,46.242847
22.422348,84.508179,95.000008,0.336308,46.300045
22.424886,84.508179,95.000000,0.347226,46.179806
22.427462,84.508179,95.056732,0.343512,45.991173
22.430079,81.215080,93.052643,0.320529,40.349621
22.433525,86.947037,89.354683,0.324024,46.192402
22.438813,81.977692,90.884857,0.270437,35.387951
22.442204,85.632469,82.809135,0.192632,33.734245
22.444942,77.819832,86.305771,0.243868,32.838394
22.449240,80.862114,81.816063,0.226033,34.237747
22.451795,75.905846,82.102844,0.237013,32.134045
22.456236,77.965767,80.150543,0.220065,31.212831
22.458836,77.965767,80.352829,0.254433,33.279144
22.462204,77.965767,81.581207,0.240448,32.392632
22.465143,77.965767,81.192978,0.232194,34.567043
22.467761,77.965767,79.627274,0.203054,30.845684
22.470353,77.965767,75.825745,0.163670,29.931061
22.473035,77.965767,78.754074,0.196285,33.847076
22.476666,71.421471,79.783997,0.157420,27.147449
22.481464,68.735680,79.115707,0.191174,30.487015
22.486398,74.419136,83.082260,0.252990,35.698429
22.489184,67.609413,84.170258,0.168421,30.546587
22.491669,70.794205,80.093925,0.197323,35.686722
22.497613,71.120293,88.190704,0.284495,39.866814
22.500417,71.026306,82.182678,0.196358,33.771549
22.504431,75.277519,91.919121,0.348855,43.200306
22.509096,79.692230,94.014572,0.445437,46.723560
22.513454,81.384758,95.000000,0.442538,46.643082
22.516384,85.938751,95.000000,0.440895,46.614956
22.520769,82.240021,95.000000,0.444795,46.525375
22.525658,87.462616,95.000000,0.420569,46.613491
22.528536,84.397171,95.000000,0.368809,46.124878
22.544916,85.196991,95.000000,0.358694,46.126259
22.547603,87.952835,95.000015,0.389439,46.158283
22.551347,87.952835,95.000008,0.351549,43.927345
22.553895,88.504173,91.520737,0.329359,42.585884
22.556581,88.504173,95.000000,0.358621,46.446236
22.559107,88.504173,95.000000,0.373279,46.408577
22.562553,88.504173,93.156067,0.315453,46.335480
22.565066,88.504173,95.000000,0.344738,46.070152
22.568004,88.504173,93.529137,0.347485,44.819901
22.570797,88.441483,95.000000,0.379582,46.505409
22.575203,83.627335,95.000008,0.326067,46.403797
22.577781,89.853714,95.000000,0.308307,46.457848
22.582295,81.510605,95.000000,0.333342,46.400829
22.585014,84.799950,95.000000,0.310855,46.226254
22.588654,81.647034,95.000015,0.343580,46.144569
22.591212,83.732056,95.000008,0.313092,43.830215
22.593796,82.705132,94.311234,0.234776,35.832161
22.604116,83.407539,81.444733,0.191649,32.301456
22.606792,83.056786,76.979622,0.182803,30.491028
22.609780,80.437279,83.431999,0.224823,29.754860
22.614968,76.138718,72.031189,0.176058,23.499439
22.618039,71.121300,79.526039,0.221765,30.756037
22.622506,67.228973,82.344818,0.242020,34.562614
22.625050,64.673706,83.037659,0.183989,30.445953
22.627780,71.711700,77.254379,0.162972,28.706884
22.630703,71.022453,79.388954,0.191957,34.624466
22.633253,68.101524,83.095901,0.254100,36.918995
22.638087,77.850410,84.341339,0.187448,46.749908
22.641011,73.787468,95.000000,0.312049,44.268600
22.645491,79.256432,92.492516,0.315879,46.738373
22.648121,75.260063,95.000000,0.320758,46.778530
22.652361,82.460991,95.000000,0.319029,46.558155
22.655041,81.585838,94.978462,0.335054,46.499889
22.657776,80.304199,94.049652,0.318793,45.423164
22.660390,88.553688,95.000000,0.341772,46.469986
22.663079,86.360016,95.000000,0.375156,46.412251
22.666630,86.913727,95.000000,0.383384,46.279675
22.669439,91.767746,95.000000,0.354505,46.496593
22.672098,91.063950,95.000015,0.356380,46.668659
22.674907,90.470558,95.000000,0.368357,46.242805
22.677473,86.121613,95.000015,0.337494,46.239750
22.680093,86.121613,95.000000,0.329655,46.400574
22.682772,86.121613,94.992470,0.331162,46.565052
22.686117,86.121613,94.968918,0.337799,46.500401
22.688814,88.442413,95.000008,0.332210,46.393826
22.691409,88.256172,95.000000,0.333705,46.503662
22.694492,84.725212,95.000000,0.340424,46.514095
22.700393,86.277016,95.000008,0.351768,46.397701
22.703013,83.767586,95.000000,0.362236,46.296726
22.705585,84.590179,95.053940,0.372735,46.351440
22.713298,90.634933,95.000000,0.375016,46.423813
22.717581,84.332230,95.000000,0.390797,46.380592
22.720222,87.153168,95.000000,0.362888,46.367233
22.722782,86.572258,95.000000,0.354131,46.457676
22.725444,85.177498,95.000000,0.358497,46.389435
22.728254,85.873589,95.000000,0.364979,46.284275
22.730840,82.446915,95.000000,0.362174,46.372154
22.733426,82.876404,95.000008,0.367315,46.080116
22.739268,81.588058,95.000000,0.349656,46.058693
22.742126,86.666641,95.000000,0.373082,45.992569
22.744758,87.643921,95.000008,0.383500,46.061756
22.747367,84.013428,95.000000,0.335209,45.996349
22.750777,85.807083,93.335342,0.319237,44.045166
22.754835,84.577911,94.142471,0.363191,40.583599
22.757371,87.153534,89.658768,0.230604,37.986176
22.760093,82.956993,88.270935,0.212411,35.173592
22.764331,80.522079,79.912857,0.182794,30.774914
22.766927,79.930336,80.318283,0.192568,30.543411
22.771281,76.834106,79.506653,0.125620,26.361593
22.774121,79.107384,77.294380,0.198363,34.482483
22.778347,79.107384,86.787918,0.219547,38.150337
22.780870,79.107384,83.005936,0.200928,36.885891
22.783659,79.107384,85.474548,0.297973,41.950157
22.786351,79.107384,91.075493,0.290834,42.640553
22.790531,79.107384,92.689598,0.365274,42.272438
22.793139,79.107384,90.753967,0.282998,41.664207
22.795865,79.107384,95.000008,0.348738,46.539188
22.799031,81.819878,88.945847,0.263375,40.259232
22.804777,81.819878,88.569962,0.252708,43.947235
22.807402,81.819878,92.628204,0.320881,42.644440
22.812186,81.819878,86.916794,0.263335,38.193787
22.814772,81.819878,90.765503,0.306284,43.864033
22.817262,81.819878,92.545685,0.393576,46.160454
22.820191,81.819878,95.000008,0.367416,45.327980
22.823068,81.819878,93.830582,0.290380,46.467861
22.827356,82.210381,95.000008,0.336693,46.634850
22.833375,86.192734,95.000000,0.299986,45.215324
22.835942,87.005913,95.000008,0.339548,46.432831
22.839958,87.750931,95.000000,0.328184,46.612396
22.842799,84.630348,95.000008,0.346071,46.463154
22.845436,82.906998,95.000008,0.335218,46.478283
22.848004,90.084023,95.000000,0.354353,46.402554
22.850665,88.388367,95.000000,0.364302,46.366863
22.854257,83.597336,95.000000,0.363631,46.275429
22.856832,87.984482,95.000000,0.348097,46.371384
22.859427,85.744858,95.000008,0.326778,46.380844
22.861984,83.992363,95.000008,0.332244,46.264648
22.864796,85.300957,95.000015,0.325658,46.122513
22.867409,83.022598,95.000000,0.315873,46.122883
22.870003,83.579338,93.852753,0.297000,44.941017
22.872520,85.805161,90.119957,0.243937,40.586723
22.875698,83.511826,91.408203,0.277514,46.237244
22.881160,81.115799,95.000000,0.329763,45.449562
22.883808,81.662521,89.941238,0.259349,41.218399
22.886431,85.123978,89.171066,0.276843,40.365818
22.891301,80.631340,90.160736,0.265526,39.771378
22.893793,80.631340,89.581833,0.270690,37.781395
22.900355,82.380348,85.262802,0.240054,35.492737
22.907512,82.380348,84.277328,0.199111,32.413738
22.910532,79.116791,84.694504,0.239791,33.749683
22.915439,79.116791,82.462456,0.176197,32.074081
22.923332,79.116791,79.245201,0.175580,30.516371
22.926532,79.116791,78.976723,0.168395,31.481289
22.929068,79.116791,80.168579,0.223390,34.687115
22.931769,79.116791,89.768845,0.298299,41.346756
22.934443,79.116791,90.453964,0.295713,39.201721
22.937279,79.116791,87.562439,0.246735,39.134926
22.940562,79.116791,95.000000,0.314198,43.321770
22.947835,79.116791,91.744324,0.316081,43.215424
22.950424,79.116791,95.000000,0.376161,46.569153
22.954629,79.116791,95.000000,0.397459,46.735752
22.959919,84.470581,95.000008,0.407453,46.519341
22.962529,87.742928,95.000000,0.410790,46.512054
22.965019,84.904701,95.000008,0.393522,46.534588
22.967523,86.904701,95.000000,0.372393,46.425400
22.970234,88.539543,94.999992,0.353084,46.362297
22.973216,87.220627,95.000000,0.354456,46.545399
22.975861,87.022118,95.000008,0.356118,46.379002
22.980332,86.740837,95.000015,0.335285,46.394890
22.984604,86.740837,95.000000,0.353729,46.323124
22.987628,86.740837,95.000000,0.352344,46.232254
22.992778,86.740837,95.000000,0.354775,46.464699
22.995623,86.740837,95.000000,0.341524,46.400623
22.998651,86.740837,95.000000,0.357369,46.261169
23.001772,85.840332,95.000000,0.360047,46.353733
23.007531,85.840332,95.000000,0.387392,46.200653
23.010870,85.840332,95.000000,0.369430,46.386089
23.015670,85.840332,95.000008,0.358029,46.394840
23.018533,85.840332,95.000000,0.347130,46.229286
23.022718,85.840332,95.000000,0.354302,46.246403
23.025787,84.986107,95.000000,0.378413,46.213627
23.029666,83.656677,95.000008,0.383663,46.173542
23.032234,83.290138,95.000000,0.391697,45.933384
23.036156,84.861816,95.000000,0.415602,45.925137
23.038774,84.861816,95.000008,0.411193,45.853519
23.041345,84.861816,95.000000,0.375052,43.143700
23.044307,87.096687,89.563141,0.348970,40.315041
23.046955,85.623131,86.901566,0.343271,36.283237
23.049819,83.541267,84.140259,0.308867,34.896759
23.052787,83.541267,77.750168,0.235280,28.013939
23.055458,81.455132,77.326523,0.347112,33.692223
23.058186,77.921745,81.641953,0.325074,32.578362
23.060824,73.411804,77.513809,0.259749,26.623354
23.063435,71.523514,75.601692,0.256321,26.459002
23.066210,72.514641,79.309235,0.337918,31.848974
23.069095,70.033707,80.653358,0.217396,28.008860
23.071777,67.812645,76.187286,0.205393,27.445503
23.074408,69.967392,79.012527,0.283448,36.863743
23.080192,69.967392,85.741592,0.231091,40.996983
23.089382,72.157990,89.377953,0.259342,42.478218
23.093252,74.658394,90.842308,0.281522,42.465317
23.095821,78.994728,92.931198,0.316211,44.502003
23.098656,79.209244,95.000015,0.371469,46.704338
23.101271,81.902458,94.966469,0.368511,46.661644
23.103935,83.419609,95.000000,0.356506,46.511208
23.110445,84.564583,95.000000,0.370605,46.391911
23.113450,86.288918,95.000000,0.352018,46.372437
23.116049,86.288918,95.000000,0.313692,46.561790
23.118786,86.288918,95.000000,0.293536,46.593754
23.121547,86.288918,95.000000,0.307189,46.519947
23.124099,86.288918,95.000015,0.287439,46.408844
23.127022,85.775337,95.000000,0.295660,46.479717
23.129673,86.674728,95.000000,0.299950,46.462154
23.132239,83.322624,95.000008,0.315683,46.287678
23.135106,84.641487,95.000008,0.314217,46.283230
23.137867,85.798065,95.000008,0.316666,46.474422
23.143239,85.549698,95.000008,0.318939,46.276085
23.146481,87.299797,95.000000,0.343071,46.344929
23.150956,87.267311,95.000000,0.352385,46.331676
23.158083,83.069366,95.000000,0.317321,46.261326
23.161423,85.715424,95.000015,0.313361,46.317265
23.164093,83.967407,95.000008,0.314398,46.252689
23.166798,84.979691,95.000008,0.310031,46.116291
23.169441,87.390671,95.000008,0.325101,46.068653
23.172059,88.803574,95.000015,0.342588,46.111404
23.174788,84.849297,95.006653,0.324434,44.406189
23.177470,83.380615,93.377762,0.312982,43.084106
23.180222,84.749084,90.923538,0.302164,41.852551
23.182784,84.779694,87.623169,0.260632,35.755672
23.185781,80.966843,82.734573,0.228184,30.391874
23.189474,78.027519,79.517090,0.233129,33.111439
23.192409,78.637009,81.797531,0.245838,27.250412
23.195340,78.637009,76.281128,0.176674,25.985615
23.197933,75.354523,77.084419,0.173608,28.186962
23.200568,75.354523,76.735786,0.186432,31.014523
23.204879,75.354523,78.111771,0.170117,30.865303
23.212220,75.354523,86.084671,0.250242,37.605934
23.214777,75.357956,89.142166,0.288342,40.678078
23.218368,71.943665,89.940414,0.277908,41.582626
23.220917,75.142654,90.679222,0.290107,45.268604
23.225575,75.142654,93.651764,0.341433,44.306137
23.229069,75.142654,94.267395,0.349407,45.409893
23.231738,75.142654,95.000015,0.369908,46.460526
23.234416,82.670135,95.000008,0.383673,46.458324
23.236980,86.280502,94.520325,0.356620,44.953178
23.239548,87.434509,93.612206,0.378285,45.959351
23.242284,84.955063,94.697845,0.348070,44.756264
23.246118,84.955063,95.000000,0.382278,46.271618
23.249449,84.955063,95.000000,0.368610,43.350937
23.252141,84.955063,95.000000,0.400916,46.252148
23.254776,84.955063,95.000008,0.376115,46.513210
23.257381,84.955063,95.000008,0.351951,46.481556
23.260116,84.955063,95.000000,0.336292,46.511761
23.262677,83.815331,95.000015,0.331769,46.492802
23.265269,84.667786,95.000000,0.329401,46.394089
23.269862,86.765404,95.000000,0.353167,46.277573
23.272503,85.917252,95.000008,0.338641,46.387585
23.276926,89.197144,95.000000,0.331203,46.389297
23.281671,85.756561,95.000000,0.343989,46.254250
23.284861,83.250046,95.000015,0.396135,46.218182
23.290218,85.986877,95.000000,0.382597,46.245659
23.299257,87.169266,95.000000,0.392598,46.184738
23.302553,84.128487,95.000000,0.380264,46.092331
23.306172,88.488182,95.000000,0.384598,46.152790
23.308784,85.487991,94.710876,0.377400,42.467476
23.317513,85.231979,95.000000,0.348289,46.161774
23.320063,84.782059,88.980553,0.262477,40.088196
23.322633,84.782059,88.308716,0.270864,38.534588
23.325167,84.782059,87.479355,0.359352,42.516708
23.327808,84.782059,88.158218,0.263443,37.382019
23.331988,84.782059,86.633133,0.256643,37.822872
23.334622,84.782059,83.190392,0.331690,34.579685
23.339047,84.782059,86.176216,0.293083,33.591537
23.344424,84.782059,75.629120,0.231010,29.054043
23.347197,84.782059,77.910217,0.266559,31.237955
23.349817,84.782059,79.156311,0.260428,26.506544
23.353690,68.104027,75.263504,0.201404,26.002209
23.356293,69.054573,76.595367,0.221313,27.850456
23.358907,69.017036,81.689697,0.314194,38.185753
23.362096,66.971008,87.175957,0.256552,38.873619
23.364900,72.674606,89.637924,0.288133,42.796478
23.367445,73.841644,91.047646,0.329804,45.349953
23.370055,73.661453,95.000000,0.334326,46.832203
23.372793,77.325462,92.326546,0.290269,44.880337
23.375338,80.133575,93.254837,0.342442,46.710682
23.377912,80.983040,95.000000,0.335146,46.765511
23.380861,84.342575,95.007645,0.323539,46.632191
23.383789,83.313766,95.000008,0.318573,46.639549
23.386419,84.099998,95.000000,0.304557,46.737129
23.388957,86.230812,95.000008,0.317782,46.738041
23.391538,84.748047,95.000000,0.330452,46.633003
23.395617,85.871208,95.000008,0.325110,46.598907
23.401300,83.965546,95.000008,0.338208,46.487755
23.403859,88.870049,95.000008,0.320322,46.592964
23.411151,87.015320,95.000008,0.335254,46.518616
23.413790,83.230827,95.024582,0.324559,46.332321
23.419550,86.085800,94.991913,0.346195,46.297394
23.422197,85.740715,95.000000,0.354347,46.370132
23.424824,83.910706,95.000008,0.348134,46.324203
23.427557,85.273438,95.000000,0.325683,46.339321
23.430129,84.855011,95.000000,0.339217,46.439426
23.438272,85.636124,95.000000,0.327669,46.388245
23.440819,85.636124,95.000000,0.329077,46.382092
23.443438,85.636124,95.000008,0.338851,46.417076
23.446354,84.644028,95.000008,0.309558,46.453075
23.449105,84.644028,95.000008,0.319189,46.314323
23.451664,84.644028,95.000000,0.315252,46.240547
23.457025,85.557343,95.000015,0.307320,46.101509
23.460294,84.738831,95.000008,0.355671,46.166718
23.464298,84.738831,95.000008,0.343392,46.101200
23.466838,84.738831,95.000000,0.358518,45.958344
23.469445,84.738831,95.000015,0.377003,45.904842
23.473300,84.738831,95.000008,0.415122,45.960880
23.476021,84.738831,95.000000,0.412807,45.910534
23.478534,84.738831,94.234085,0.402066,45.349213
23.481158,84.738831,94.700493,0.461121,45.726559
23.484089,84.738831,94.990395,0.440774,45.769878
23.486801,89.319542,92.309799,0.430131,38.522774
23.489511,87.470078,87.797302,0.313498,37.951801
23.493349,87.866745,91.618835,0.352179,43.636330
23.495892,83.960320,89.852562,0.310516,40.898834
23.498486,80.196487,87.952888,0.294979,37.175980
23.503085,81.480446,83.053711,0.240384,34.893009
23.505786,77.251846,86.761520,0.257290,37.892029
23.508834,78.653931,83.727402,0.221246,33.747864
23.511447,77.483727,82.585060,0.258243,37.886280
23.519907,76.012138,87.103073,0.256443,38.519344
23.522644,75.688957,89.847412,0.276849,42.948685
23.526843,77.493576,91.989243,0.383594,43.002922
23.529514,77.424843,90.525986,0.329972,44.068077
23.535012,79.951454,92.768875,0.425841,44.724064
23.537591,81.532936,93.405029,0.436193,46.342224
23.540139,84.676239,95.000008,0.441233,46.354816
23.542681,85.960831,92.582016,0.404741,46.353767
23.545490,86.220184,95.000008,0.380121,46.358761
23.550483,83.416512,94.548454,0.368303,46.148968
23.553148,88.780373,94.912178,0.334741,45.377068
23.556791,84.928741,94.009682,0.353912,44.153381
23.559361,83.258217,92.938950,0.281542,41.435642
23.562186,84.226509,89.174995,0.280472,40.319771
23.564840,83.049950,88.692123,0.292131,42.214668
23.567410,83.021973,91.001617,0.277815,39.394493
23.570066,81.041862,83.919662,0.224517,35.083630
23.572676,79.139275,85.658012,0.239004,36.669361
23.575226,80.250313,85.431305,0.243119,37.290230
23.577803,79.144058,89.941757,0.303333,41.292572
23.580339,74.058754,86.714340,0.228032,38.148956
23.584788,79.529106,91.246399,0.276848,46.542263
23.589373,75.568100,94.928246,0.276806,43.360336
23.591909,77.060265,87.841782,0.220036,39.219761
23.594431,80.088753,90.209068,0.275782,41.501892
23.598705,79.638809,90.555161,0.258354,40.728077
23.602649,80.480118,85.678169,0.215917,39.887733
23.605167,80.729469,88.624207,0.264091,39.613960
23.611327,76.362808,81.435593,0.170646,32.605019
23.614587,78.750511,80.049622,0.158411,27.209904
23.623655,71.028900,76.091377,0.161448,25.428158
23.626251,69.218918,76.851021,0.204289,28.978384
23.629279,71.334389,77.778000,0.169932,26.614712
23.631896,68.178146,72.534966,0.152416,23.785582
23.634424,67.544197,71.874084,0.154422,26.130775
23.637054,67.897453,74.797424,0.210773,31.555725
23.645946,67.997643,83.091026,0.195928,34.761116
23.648802,71.448875,87.949326,0.271353,43.615944
23.653051,74.331680,91.747101,0.256632,42.512066
23.655668,75.968414,93.039185,0.295882,46.839409
23.660466,80.449875,95.000000,0.328008,46.737118
23.663817,79.985748,95.000000,0.318558,46.583241
23.667063,85.381371,95.050270,0.295854,44.774731
23.670022,85.758514,95.000008,0.330105,45.587753
23.678193,87.869995,94.708435,0.349807,45.979652
23.680893,88.375717,95.000008,0.361570,46.424171
23.683835,86.287994,95.000000,0.363359,46.485497
23.689541,89.682343,95.000008,0.326048,46.528992
23.692303,88.915672,95.000000,0.351144,46.625843
23.694839,87.480606,95.000008,0.333122,46.643379
23.697419,89.340927,95.000000,0.320586,46.720234
23.700094,87.917000,95.000008,0.337880,46.667145
23.703132,88.141708,95.000000,0.316793,46.568504
23.705841,89.300018,95.000000,0.323546,46.486340
23.712575,85.159546,95.000008,0.318402,46.405014
23.718553,85.986267,95.000008,0.319050,46.369724
23.721643,85.024483,95.000000,0.348075,46.345280
23.727508,84.997940,95.000008,0.333489,46.256645
23.730275,86.173233,95.000008,0.362342,46.233479
23.732833,88.670578,95.000008,0.335009,46.467705
23.738081,86.918121,95.000000,0.347168,46.528194
23.740675,86.918121,95.000000,0.339489,46.392529
23.743796,85.037720,95.000008,0.355433,46.323696
23.746479,84.461807,95.000000,0.362471,46.271717
23.749241,87.661652,95.000000,0.344620,46.212074
23.751842,86.004807,95.000000,0.377771,46.244892
23.754658,85.392502,95.000008,0.372850,46.217869
23.757465,87.559525,95.000015,0.390558,46.161106
23.762797,84.127914,95.000000,0.369786,46.098450
23.765514,84.127914,95.000000,0.366978,46.055374
23.768174,84.127914,95.000000,0.348092,45.999088
23.773039,83.437859,94.648628,0.340571,42.153717
23.781449,86.245018,91.318985,0.308402,40.746735
23.784093,83.258125,88.513474,0.314175,39.336346
23.786796,83.039124,85.686119,0.240949,34.054089
23.789400,83.406258,83.200706,0.209052,35.144875
23.792061,80.519211,85.659866,0.241486,36.610859
23.794653,81.603683,86.484795,0.229706,42.611275
23.797641,80.779510,91.397972,0.282991,42.615120
23.800494,83.707344,89.010811,0.237394,42.574524
23.803257,82.068031,91.223267,0.330622,45.123955
23.806620,80.729088,91.195129,0.265031,42.622601
23.810443,80.492058,91.446136,0.294784,42.416687
23.813112,81.788002,91.059036,0.304482,43.112724
23.815676,83.355042,95.073639,0.324713,46.422520
23.818878,81.027184,94.430267,0.293468,42.551796
23.821510,84.959953,91.222229,0.298310,43.465992
23.824213,85.925285,93.853287,0.295812,44.506458
23.828703,84.015533,92.241959,0.315955,40.785706
23.831263,83.368881,89.495293,0.310386,46.302475
23.835307,84.549484,94.963455,0.373987,46.432262
23.837963,85.933327,94.712982,0.307806,46.449261
23.842699,86.782555,95.000008,0.309076,46.557270
23.845436,86.782555,95.000008,0.329867,46.446426
23.849402,86.782555,95.000000,0.334728,46.393276
23.852227,86.782555,93.378448,0.314999,45.482712
23.855259,86.782555,94.201408,0.342584,46.387226
23.857853,86.782555,95.000000,0.351998,46.478039
23.860437,86.782555,95.000015,0.327142,46.474831
23.863135,86.782555,95.000008,0.305861,46.533737
23.866086,86.782555,95.000015,0.334691,46.501522
23.868794,86.782555,95.000008,0.349305,46.390518
23.871303,86.782555,95.000008,0.312921,46.349457
23.874124,86.782555,95.000000,0.323650,46.273033
23.876750,86.782555,95.000008,0.343291,46.241180
23.879636,86.782555,95.000000,0.325444,46.205551
23.882232,84.180832,95.000000,0.320495,46.210285
23.884952,86.561005,93.307419,0.253257,43.626850
23.889002,80.847084,92.471382,0.289852,41.098480
23.891559,81.955017,89.936974,0.208420,39.998280
23.895032,80.687424,89.176399,0.280961,39.050991
23.899564,80.023529,87.864731,0.229846,37.942238
23.902097,76.652710,81.836258,0.186629,32.930210
23.906646,81.096321,84.207352,0.268259,38.439240
23.911401,78.021378,87.761208,0.214313,35.529564
23.914215,75.614517,83.486610,0.194848,34.706055
23.916807,78.401604,86.100540,0.234575,36.130672
23.920834,75.640289,83.148079,0.248042,32.286140
23.923414,76.263420,81.068306,0.145998,31.069607
23.929309,72.069702,79.856155,0.192129,29.838547
23.932136,71.400169,78.716919,0.184083,29.958649
23.934839,70.201813,79.697739,0.187882,31.233624
23.937442,71.737328,79.891747,0.189537,31.274639
23.940156,70.458488,80.503822,0.192218,30.551592
23.943086,69.884445,79.120659,0.170731,29.782379
23.946133,72.080528,80.328461,0.182385,31.787111
23.948687,70.953712,81.485291,0.214682,34.501244
23.951568,72.959976,82.952209,0.237846,39.148987
23.954386,74.063622,90.343781,0.266544,42.040733
23.956930,74.443665,90.076950,0.277211,46.719425
23.961022,77.544121,94.800934,0.367284,46.486824
23.964461,77.261925,94.102921,0.392024,44.846779
23.970981,80.989662,94.893509,0.437898,46.491940
23.973527,86.011330,95.000000,0.436676,46.468063
23.976393,87.900513,95.000008,0.416662,46.406212
23.978920,86.135620,95.000000,0.434572,46.472485
23.981536,88.243103,95.000008,0.393289,46.441666
23.984473,89.772949,95.000000,0.367748,46.457973
23.987107,85.083260,95.000000,0.365824,46.478214
23.989800,85.508820,95.000008,0.354192,46.449547
23.994982,83.382843,95.000000,0.368373,46.314316
23.997691,84.822815,95.000008,0.340283,46.278004
24.000429,86.997688,95.000000,0.357390,46.320766
24.003813,87.800423,95.000000,0.366080,46.337360
24.007211,86.221497,95.000000,0.356106,46.341087
24.009801,85.097404,95.000000,0.373957,46.254650
24.014047,87.796707,95.000015,0.368288,46.267498
24.018181,85.954994,95.000015,0.367925,46.405247
24.021542,87.990356,95.000000,0.360391,46.437923
24.026004,87.042557,95.000008,0.347866,46.447430
24.032010,84.067406,95.000000,0.356738,46.434189
24.034558,82.299698,95.000008,0.322600,46.146488
24.041538,87.415146,95.000000,0.378990,46.139072
24.045233,83.002480,95.000008,0.355496,44.042923
24.048078,83.545914,90.105515,0.306038,41.008278
24.050947,86.141525,89.633751,0.310260,41.503342
24.053573,82.211594,90.633698,0.382127,40.574654
24.056071,81.464806,86.085976,0.293993,31.564856
24.061522,79.012985,80.704590,0.300731,32.069954
24.064108,77.705994,80.382164,0.322848,31.249393
24.066909,78.817642,78.333420,0.288276,30.151937
24.069482,72.000099,79.210526,0.264300,28.796068
24.072194,74.611465,75.529022,0.256746,26.539881
24.075006,72.185608,76.443871,0.263948,29.924093
24.077659,70.459122,78.780258,0.246149,31.647579
24.080288,68.519463,82.659378,0.262443,34.018867
24.083223,72.450623,82.937500,0.247624,34.635017
24.087823,71.039886,84.412750,0.246874,35.924393
24.090384,73.166855,86.308540,0.255825,39.162506
24.094969,72.722649,88.740128,0.294833,42.786133
24.097931,72.722649,91.384598,0.280930,43.631691
24.101972,72.722649,89.741318,0.263530,41.309353
24.106810,76.895653,93.411819,0.255875,41.276276
24.112305,80.537453,91.792046,0.296507,43.781830
24.115503,82.298134,94.215950,0.351147,45.569332
24.118689,85.944916,95.000008,0.375770,46.439865
24.121495,84.451118,95.000008,0.310278,44.532310
24.124128,85.618866,95.000008,0.353726,46.319149
24.126808,88.868973,95.000015,0.300867,46.621929
24.134838,89.552200,95.000000,0.294192,46.550304
24.137454,89.552200,95.000008,0.298355,46.549282
24.140583,87.926842,95.000000,0.294948,46.333012
24.143158,87.083130,95.000000,0.304329,46.331104
24.145758,87.886391,95.000000,0.294770,46.335033
24.150039,90.212448,95.000015,0.281440,46.405434
24.154073,84.384010,95.000008,0.308038,46.348522
24.158808,83.795921,95.000000,0.316062,45.350876
24.163705,84.445732,94.146980,0.313583,45.311981
24.166385,87.571358,95.000008,0.341174,46.295101
24.169006,86.212341,95.000000,0.369019,46.332047
24.171654,85.436287,95.000015,0.317056,46.292244
24.174835,82.149292,95.000000,0.290539,44.905807
24.177444,84.150978,93.773987,0.283380,44.292282
24.180085,85.117798,92.716843,0.274544,43.814594
24.183216,84.132050,91.444199,0.262883,40.826199
24.186391,84.132050,88.289551,0.242522,39.826057
24.189142,80.188332,88.759811,0.256230,38.193481
24.191824,80.188332,86.535820,0.259214,37.601585
24.194436,80.188332,85.208847,0.220414,34.879158
24.197134,80.188332,83.736191,0.272449,36.970604
24.200016,80.188332,82.337631,0.255202,31.129517
24.203380,80.188332,79.975197,0.206623,32.082283
24.205950,80.188332,81.270416,0.226839,29.440262
24.212712,80.188332,77.672722,0.172217,26.376392
24.215263,80.188332,75.161499,0.182502,28.193565
24.219388,68.861176,77.739059,0.180578,25.917574
24.223332,69.632706,74.654953,0.184340,27.445612
24.226028,70.406227,79.676666,0.219225,31.047310
24.228549,71.606850,81.127426,0.278608,34.257736
24.232207,73.324425,87.323013,0.301305,42.607758
24.238839,75.016106,91.937073,0.325065,44.738743
24.241464,75.325706,93.060547,0.373884,46.716087
24.244087,75.325706,93.690872,0.337555,45.334984
24.246632,75.325706,90.988480,0.351265,45.996819
24.254683,75.325706,89.794525,0.279345,41.932457
24.261450,75.325706,90.655594,0.364499,46.336590
24.264119,75.325706,95.000000,0.399601,46.384499
24.266731,75.325706,95.000000,0.381491,46.419804
24.269272,75.325706,95.000000,0.439335,46.388794
24.271851,75.325706,95.000008,0.414628,46.548378
24.276096,75.325706,95.000000,0.358220,46.688232
24.278723,75.325706,95.000008,0.358939,46.560612
24.283257,75.325706,95.000000,0.353177,46.463287
24.286228,75.325706,95.000000,0.370301,46.434414
24.290381,75.325706,95.000000,0.362663,46.431438
24.293386,75.325706,95.000000,0.373915,46.487381
24.295939,75.325706,95.000000,0.351107,46.417854
24.299100,75.325706,95.000008,0.363440,46.327412
24.301601,75.325706,95.000015,0.379391,46.401070
24.305853,75.325706,95.000000,0.353334,46.326015
24.308476,75.325706,95.000008,0.352848,46.299587
24.311229,75.325706,95.000008,0.364748,46.350906
24.316926,75.325706,95.000000,0.346771,46.206879
24.319605,75.325706,95.000000,0.339857,46.186543
24.322234,75.325706,95.000000,0.326041,46.138081
24.324841,75.325706,95.000000,0.329139,46.125996
24.327470,75.325706,95.000000,0.325863,46.053055
24.329987,75.325706,95.000000,0.351871,46.016747
24.334439,75.325706,94.190536,0.340511,46.067455
24.340809,83.447540,95.000000,0.326324,46.179546
24.343603,83.447540,94.973969,0.372333,46.205666
24.347691,83.447540,93.208527,0.371153,44.358185
24.350236,83.447540,89.110779,0.354278,40.997040
24.354001,83.447540,91.254333,0.369449,37.395775
24.358024,80.803108,84.008698,0.325698,36.409348
24.361678,79.466225,81.293213,0.254968,32.348591
24.364378,79.466225,82.462044,0.324793,36.395088
24.367712,75.556602,84.403915,0.273773,35.656845
24.370438,75.322769,84.679932,0.228125,38.329521
24.373526,75.728836,86.942604,0.260877,38.734955
24.377731,74.965492,89.007706,0.298286,40.458076
24.380347,75.420364,87.241608,0.256227,38.679298
24.382908,77.475418,85.682953,0.231320,41.284409
24.386160,79.462624,95.000000,0.343467,46.519409
24.388851,82.370567,95.000000,0.321266,46.757904
24.392239,81.335464,95.000000,0.313563,46.704334
24.394815,82.725433,95.000000,0.309900,46.667252
24.397492,83.431175,95.000000,0.341601,46.530933
24.402615,83.431175,95.000000,0.326569,46.464680
24.405192,83.431175,95.000008,0.345711,46.549931
24.409350,83.431175,95.000015,0.320042,46.564957
24.412153,83.431175,95.000000,0.338649,46.456718
24.416316,83.431175,95.000015,0.346445,46.453091
24.418834,83.431175,95.000015,0.358415,46.349895
24.421853,83.431175,95.000008,0.323899,46.300426
24.424554,83.431175,95.000000,0.326242,46.312286
24.427466,83.431175,95.000000,0.344744,46.356667
24.430009,83.431175,95.000015,0.336373,46.394493
24.432518,85.192558,95.000000,0.325635,46.311619
24.435256,85.192558,95.000008,0.352024,46.244709
24.441042,85.994057,95.000000,0.329954,46.203758
24.444193,85.974388,95.000000,0.325745,46.249428
24.446694,86.248497,95.000008,0.332935,46.151756
24.449221,89.884651,95.000008,0.350169,46.322552
24.451924,84.466499,95.000000,0.333228,46.264374
24.455334,87.547104,95.000008,0.336998,46.237415
24.457909,87.461029,95.000015,0.349990,46.303631
24.460518,86.471329,95.000000,0.352071,46.233097
24.465464,84.767807,95.000000,0.334538,46.152325
24.468500,83.685242,95.000000,0.309638,46.006992
24.473450,83.971550,92.091690,0.299538,42.752087
24.479034,84.499184,91.746841,0.332128,39.621971
24.481514,80.915245,88.634354,0.272776,39.034412
24.485073,82.559601,83.682480,0.253195,36.078667
24.490268,79.206642,83.424545,0.234427,31.648098
24.499768,75.724724,79.673630,0.227154,32.260727
24.503479,72.248962,75.955254,0.181423,26.348019
24.509136,72.248962,75.211922,0.203263,28.647846
24.511849,72.248962,77.580734,0.208687,29.957005
24.515156,72.248962,78.654800,0.204949,31.884777
24.517814,72.248962,82.558250,0.218762,34.049297
24.520577,72.248962,81.179779,0.204250,34.523445
24.525124,72.248962,85.138260,0.237905,35.261826
24.530839,72.248962,88.007202,0.290802,42.665916
24.535815,72.248962,89.044586,0.333585,40.596718
24.538520,72.248962,87.296616,0.405556,40.734650
24.551223,80.430328,91.483597,0.385635,44.008335
24.561173,86.627480,93.953735,0.434603,46.260521
24.564222,83.594193,95.000000,0.457708,44.491989
24.568857,87.165520,92.308212,0.352762,46.435017
24.572063,84.887512,95.000000,0.366000,46.242626
24.575555,84.126450,94.778564,0.371594,46.438675
24.578162,85.034576,95.000000,0.342904,46.447735
24.580966,84.560043,91.991821,0.292729,43.503708
24.583710,86.088196,93.574387,0.332997,44.903252
24.586458,81.766090,93.167786,0.327142,42.694435
24.591082,85.765106,91.329178,0.239147,38.260628
24.593603,83.324165,87.007156,0.308611,44.561111
24.598246,82.383415,91.811905,0.298644,44.982460
24.601277,82.085846,93.627350,0.361230,44.980045
24.603967,85.273071,93.043083,0.360275,43.935917
24.607251,79.596336,93.729630,0.323685,44.121647
24.618056,78.594398,88.683762,0.247740,40.446735
24.624726,78.624619,87.307114,0.258003,37.281712
24.627255,78.420303,86.133148,0.246723,35.895584
24.630064,78.403885,80.187607,0.174002,31.307774
24.632612,75.858566,79.556786,0.170722,30.312407
24.635452,75.383156,79.225449,0.233454,30.246010
24.638828,75.383156,81.491592,0.220515,31.744419
24.641518,75.383156,80.424881,0.160138,32.117901
24.647224,75.383156,80.779633,0.181502,31.732315
24.649951,75.383156,75.455292,0.170909,30.238958
24.654497,69.041435,79.827499,0.186663,31.824463
24.657880,71.087646,81.495407,0.226294,38.416481
24.662856,69.866791,89.125763,0.250389,44.623581
24.669820,71.875694,91.927086,0.287320,43.554840
24.672351,71.473381,91.097244,0.292039,42.662384
24.674823,80.053917,95.000000,0.340277,46.526398
24.678866,83.414818,95.000015,0.339388,46.590229
24.681571,84.608734,95.000015,0.307744,46.553539
24.684594,84.727707,94.976898,0.307220,46.553345
24.687174,87.535622,95.000008,0.317608,46.527473
24.689820,88.032089,95.000000,0.310306,46.463108
24.692511,85.016716,95.000000,0.303258,46.067608
24.695110,91.484123,94.207611,0.321466,45.520828
24.698501,85.843597,95.000008,0.360421,46.343132
24.701522,84.747620,95.000000,0.348682,42.650455
24.704122,86.660629,89.012337,0.290474,40.198196
24.706844,85.132957,95.000000,0.371823,46.500843
24.709489,88.880646,95.000008,0.352074,46.604855
24.713165,87.033691,95.000000,0.329381,46.651749
24.717395,88.337082,95.000008,0.339734,46.579491
24.719971,87.946800,95.000015,0.344666,46.543697
24.724027,82.858017,95.000015,0.365915,46.471016
24.728578,87.406868,95.000000,0.356324,46.285984
24.731346,82.338684,95.000008,0.366235,46.310238
24.733964,86.708015,95.000000,0.345448,46.215092
24.736566,86.935844,95.000015,0.343062,46.410053
24.739614,85.139656,95.000000,0.350590,46.354618
24.742490,85.139656,95.000015,0.338643,46.304897
24.748217,85.139656,95.000000,0.381093,46.220676
24.751859,85.139656,95.000000,0.375565,46.047482
24.757600,85.139656,95.000000,0.367708,46.045441
24.760233,85.139656,95.000000,0.385057,46.103176
24.762739,85.139656,94.422272,0.359124,40.690212
24.765328,85.139656,89.735306,0.341165,45.996857
24.767858,82.925697,95.000000,0.355022,46.099308
24.770578,81.678268,91.044113,0.313082,42.702198
24.773227,85.627167,91.671432,0.328748,45.308968
24.775724,82.451996,92.493668,0.291295,41.229965
24.780215,85.837112,90.766846,0.310637,44.673233
24.786572,80.945587,85.506851,0.217881,39.369080
24.789103,82.773346,88.212898,0.250694,39.142582
24.791875,82.642387,85.190224,0.220935,35.897568
24.796236,81.855042,83.842384,0.211875,35.028049
24.798870,76.464943,83.995743,0.235818,33.679276
24.802240,80.446274,80.690895,0.206716,31.841808
24.804844,73.175262,83.723694,0.242708,34.737789
24.807434,73.392975,83.509537,0.221988,30.773161
24.810221,77.618729,80.852646,0.228224,32.012886
24.812955,73.004265,86.447609,0.317473,36.915627
24.815478,80.231079,85.596870,0.224324,33.918556
24.818015,81.536179,85.853912,0.255590,37.150970
24.821232,76.272087,91.167023,0.306807,42.645035
24.823817,81.071167,90.511520,0.286552,41.949020
24.828460,77.953995,89.475197,0.268272,40.880665
24.831643,83.573059,89.473930,0.308416,43.689270
24.834241,79.132843,91.802673,0.305139,43.272758
24.836873,78.125954,89.675392,0.275210,37.548977
24.840208,84.978920,92.425751,0.303693,43.813892
24.844400,78.023499,92.691757,0.321843,39.608498
24.847081,79.673447,95.000000,0.363190,45.758331
24.853248,84.709740,94.235588,0.332192,46.588768
24.857679,80.348457,95.000000,0.325784,46.627274
24.860598,79.925056,94.591400,0.347887,45.187218
24.863279,87.506447,93.693771,0.341824,46.542477
24.865832,80.748489,95.000000,0.338055,43.916321
24.869830,84.728424,92.909912,0.305039,44.274689
24.872517,83.674049,95.000000,0.339998,46.519470
24.878618,86.963875,95.000008,0.318212,46.534744
24.881208,82.640015,95.000000,0.322535,46.478237
24.884996,87.199493,95.000000,0.360167,46.414772
24.887577,82.965675,95.000000,0.350654,46.405457
24.897435,85.982780,95.000000,0.328606,46.464733
24.900327,87.245369,95.000000,0.302263,46.314926
24.903516,83.158371,95.000008,0.305560,46.238075
24.907633,84.777924,95.000000,0.299606,45.283237
24.910105,82.072609,93.524307,0.298591,44.655766
24.914324,85.531906,89.243103,0.274194,40.165260
24.917319,83.819427,89.157005,0.260237,34.767807
24.921535,81.192932,83.746735,0.188941,31.155985
24.924476,81.798347,83.653229,0.242236,38.553726
24.927146,78.220993,87.437286,0.251843,36.133652
24.929834,78.130348,82.665024,0.214537,33.840126
24.932533,74.166237,82.504128,0.211222,32.842892
24.935169,72.080727,81.737152,0.240933,30.117741
24.937718,76.758148,77.721634,0.196292,28.791016
24.940245,69.434967,78.838028,0.203349,29.957279
24.942829,68.171318,78.721313,0.199175,27.077539
24.945745,71.695450,78.558716,0.236950,29.773733
24.948449,66.675911,81.315231,0.151707,28.362911
24.953949,70.979462,79.954521,0.177786,36.125702
24.958001,69.205177,87.423668,0.265360,39.047993
24.960551,69.205177,84.439377,0.230214,35.279228
24.963125,69.205177,83.732849,0.232387,37.500244
24.966497,69.205177,90.313736,0.309864,41.850544
24.970590,69.205177,91.897797,0.324433,42.982841
24.975561,69.205177,87.252739,0.328871,41.757309
24.978116,69.205177,95.000000,0.431734,46.510612
24.980936,75.787682,94.223846,0.405542,40.570793
24.983525,80.717857,89.202217,0.372353,43.278030
24.986081,81.809547,94.103165,0.416045,45.391388
24.988670,83.679169,93.681427,0.411192,45.819130
24.991551,86.461784,94.516258,0.381479,46.365944
24.994121,85.092628,95.000000,0.398199,46.405449
24.997710,91.822510,95.000000,0.399944,46.409149
25.000269,88.789322,95.000000,0.348094,46.506405
25.004060,86.932335,95.000015,0.339094,46.390591
25.006574,88.606812,95.000000,0.342646,46.433395
25.009352,84.690620,95.000015,0.354761,46.453430
25.011919,86.122131,95.000008,0.342853,46.334465
25.014610,86.916183,94.339043,0.325687,46.422535
25.017189,85.325081,95.000000,0.348570,46.414429
25.020114,87.178619,95.000000,0.343180,46.338047
25.022690,85.364487,95.000000,0.346564,46.466377
25.025575,89.890686,95.000000,0.384454,46.394215
25.032521,81.517014,95.000000,0.409943,46.252083
25.035960,88.576874,95.000000,0.394769,46.300140
25.040010,85.509140,95.000008,0.365982,46.380657
25.042553,86.076851,95.000000,0.361731,46.260517
25.047302,81.971680,95.000000,0.331465,46.235699
25.049989,84.158890,95.000008,0.289487,42.247063
25.061128,83.869171,91.254738,0.343669,42.441010
25.064830,83.869171,85.383972,0.266470,34.455158
25.067392,83.869171,84.653725,0.232578,35.692730
25.070471,83.869171,84.474327,0.303888,30.225800
25.075397,83.869171,79.209824,0.202774,27.353775
25.079030,83.869171,76.300781,0.227844,25.036724
25.082395,75.651352,75.391083,0.249963,25.471020
25.085003,64.474648,74.381691,0.175037,22.294622
25.087940,68.426453,72.352783,0.183720,23.490662
25.090519,69.314095,75.824722,0.190712,30.691818
25.094709,63.965271,76.485870,0.219845,24.730728
25.097979,65.682785,81.094223,0.231765,36.964386
25.103137,67.425034,85.296143,0.247673,37.651794
25.108144,68.943054,89.500595,0.274442,41.133652
25.110840,77.501274,89.132233,0.265784,41.789192
25.113734,77.156654,95.000000,0.374513,46.654400
25.116344,75.433731,93.010239,0.312269,44.640533
25.118918,80.048508,89.056519,0.247736,44.157658
25.121638,80.212112,92.742958,0.336030,41.985149
25.125080,80.762360,90.586609,0.243495,39.525204
25.127630,82.579994,88.195656,0.238342,39.015877
25.130828,79.388947,89.831413,0.256312,40.254345
25.133476,84.305267,88.983337,0.312702,40.915821
25.136550,80.735672,89.686371,0.282286,41.011192
25.139142,81.901810,89.669891,0.307485,43.882446
25.141772,85.257980,95.000000,0.344826,46.485027
25.144420,83.396210,95.000000,0.334082,46.643799
25.146938,82.940681,95.000000,0.336232,46.076508
25.149483,85.792526,94.509842,0.284889,44.400803
25.152433,85.628502,95.000000,0.316238,46.629955
25.158164,84.302505,95.000000,0.320602,46.641758
25.161949,85.853394,95.000000,0.322615,46.624386
25.166017,85.853394,95.000000,0.323243,46.518173
25.172051,84.749886,95.000000,0.312605,46.447693
25.177292,84.749886,95.000008,0.324882,46.263020
25.180164,85.049026,95.000000,0.325584,46.168491
25.182720,85.049026,95.000000,0.335345,46.190891
25.185881,85.049026,95.000008,0.347503,46.126270
25.188964,85.049026,94.872780,0.331865,45.666473
25.191565,85.049026,94.632431,0.307494,45.891754
25.194129,85.049026,91.428299,0.271185,42.421833
25.196835,85.049026,93.162476,0.320332,44.574341
25.199382,85.049026,93.496201,0.223969,37.572048
25.202474,85.049026,85.954750,0.222407,37.288769
25.205119,85.049026,86.280609,0.277963,37.887550
25.207676,85.049026,86.477280,0.291905,37.568405
25.210406,85.049026,84.536476,0.231257,39.512718
25.212992,81.876366,88.270042,0.284466,42.147911
25.215772,77.368622,89.489822,0.300361,40.842690
25.218344,76.529495,88.489258,0.300358,39.863522
25.222738,78.265839,84.853317,0.253066,36.819229
25.225279,78.970558,86.879303,0.262672,36.117241
25.229841,73.049004,81.516502,0.234367,32.732845
25.232517,76.062988,78.605118,0.181509,32.289780
25.235598,74.784843,83.202194,0.259037,34.451553
25.238226,74.263687,81.912811,0.248905,33.202808
25.240839,72.985329,80.062401,0.288276,35.410614
25.249049,74.997276,84.070480,0.276431,36.600227
25.251631,70.949234,85.213921,0.241283,36.391296
25.254227,73.704086,87.421654,0.258015,38.818005
25.256745,74.291206,94.334305,0.350100,45.910114
25.262411,76.752960,94.443314,0.329048,45.794262
25.266619,79.388580,95.000015,0.340526,46.517281
25.270038,83.089729,95.000008,0.340486,46.482037
25.273076,82.010895,95.000000,0.327504,46.374989
25.277251,88.272247,95.000000,0.368245,46.394165
25.280115,86.034477,95.000008,0.353616,46.410896
25.284963,87.308907,95.000008,0.379681,46.332062
25.287561,86.325836,95.000000,0.359245,46.450390
25.292127,85.102806,95.000008,0.367572,46.392960
25.294832,86.441689,95.000015,0.354527,46.476765
25.299072,86.212486,95.000000,0.355370,46.485676
25.301745,84.869865,95.000008,0.357373,46.444508
25.304704,82.647102,95.042259,0.347662,46.284363
25.307226,86.576599,95.000000,0.362715,46.306095
25.310255,87.082687,95.000008,0.351010,46.306881
25.312895,88.164536,95.000008,0.346742,46.291027
25.315502,90.622025,95.000008,0.328843,46.364952
25.318133,88.766891,95.000015,0.325841,46.492104
25.320960,87.713028,95.000008,0.327491,46.566986
25.323518,86.553650,95.000008,0.324379,46.447273
25.326173,86.667702,95.000000,0.323708,46.374065
25.329421,85.973686,95.000015,0.344287,46.336407
25.332038,86.032829,95.000000,0.350448,46.358063
25.334844,83.487213,95.000000,0.336507,46.139854
25.337691,81.617439,95.000000,0.340512,46.062004
25.340420,82.974686,95.000000,0.335205,46.057144
25.342953,84.096786,95.000000,0.350433,41.314102
25.347040,83.525764,90.378479,0.293777,42.368305
25.349538,86.062126,91.398178,0.317452,44.252167
25.353726,86.186554,93.439140,0.336015,44.578541
25.356356,83.124939,89.092033,0.295966,40.205215
25.359065,83.548096,90.361221,0.334982,39.766525
25.366497,77.925163,86.973122,0.345150,34.764046
25.369120,81.829826,83.679611,0.306188,36.071163
25.371866,79.335144,88.076752,0.393203,39.203011
25.374469,73.936333,85.570259,0.326834,33.568748
25.377680,74.204773,82.340973,0.242383,32.069786
25.380192,75.610596,83.669235,0.279637,34.934353
25.382831,72.846359,85.882721,0.303949,37.313034
25.385535,72.937508,80.391861,0.195471,31.765062
25.390831,75.525475,86.033882,0.248428,41.531723
25.394253,75.645233,88.971405,0.305912,40.476688
25.396917,73.539284,87.502411,0.257100,39.106998
25.399656,73.291939,90.107071,0.293913,41.553757
25.402605,73.291939,95.000008,0.366768,46.470924
25.409770,73.291939,95.000008,0.349392,46.525337
25.413104,73.291939,95.000008,0.371501,46.427200
25.417618,73.291939,95.000000,0.357124,46.284927
25.420269,73.291939,95.000008,0.343303,46.427998
25.424341,86.682632,95.000000,0.336682,46.498917
25.426888,86.424530,95.000008,0.344918,46.363178
25.429659,85.777069,95.000000,0.339714,46.326183
25.432748,86.897552,95.000000,0.339468,46.313362
25.435330,86.897552,95.000000,0.362074,46.274330
25.437910,86.897552,95.000000,0.344634,46.300861
25.440492,86.897552,95.000000,0.320483,46.410709
25.443193,86.897552,95.000000,0.331190,46.383835
25.446155,86.897552,95.000000,0.325743,46.356518
25.448706,87.409088,95.000008,0.330655,46.260372
25.451331,83.521980,95.000000,0.321157,46.247261
25.454037,84.237923,95.000000,0.336906,46.233952
25.456897,87.185936,94.321106,0.351179,42.726479
25.459694,83.823105,90.698822,0.277750,46.237206
25.465343,86.445190,95.000008,0.317437,46.284832
25.467934,86.549767,94.414009,0.314688,45.682858
25.470607,84.095947,89.747543,0.245234,43.235126
25.477690,84.100639,89.304184,0.308041,40.344994
25.483078,84.100639,89.122375,0.187630,33.886017
25.485737,84.100639,84.398476,0.226066,35.438831
25.488340,84.100639,85.622719,0.250422,36.686241
25.490853,76.136612,81.382484,0.178365,31.392233
25.493714,76.136612,80.378754,0.215656,32.799915
25.496593,76.136612,82.582443,0.190728,30.533628
25.499707,76.136612,79.165932,0.163400,30.491821
25.505337,76.136612,79.302719,0.208519,32.077972
25.507887,76.136612,81.340012,0.229231,32.640614
25.510478,76.136612,81.031471,0.226993,32.071098
25.513716,76.136612,80.294327,0.209471,31.670137
25.516277,76.136612,80.630699,0.239563,31.982590
25.518845,71.029968,84.278351,0.287961,34.716198
25.521549,71.077835,83.204254,0.164548,29.654572
25.524127,72.051003,80.319824,0.212733,31.723066
25.526720,71.850746,85.062988,0.265387,37.256863
25.529874,73.766853,83.987854,0.265714,35.543434
25.532338,74.715248,84.687340,0.253049,37.025116
25.537194,77.905815,85.507500,0.329019,41.537270
25.539836,77.527809,90.786926,0.282586,37.991703
25.544001,77.331947,89.462486,0.337617,40.912510
25.546612,81.403999,93.668854,0.388408,45.146873
25.550627,78.627296,95.000000,0.416859,44.949234
25.553301,80.751686,93.490898,0.370200,44.221519
25.556060,83.382980,95.000000,0.406431,46.402405
25.558600,82.970520,95.000000,0.403128,45.095390
25.561195,83.356674,93.751732,0.337077,42.578510
25.563853,85.194382,90.944382,0.333335,42.076302
25.570872,84.587936,91.749115,0.383648,39.947479
25.573510,84.587936,88.791122,0.351107,39.748127
25.576044,84.587936,87.726578,0.342417,38.879986
25.578559,84.587936,94.669441,0.420739,46.522453
25.581404,84.587936,95.000000,0.421765,46.480373
25.584187,84.587936,91.438896,0.342438,43.773338
25.588234,84.587936,95.000015,0.358140,46.493992
25.593266,84.587936,95.000000,0.361919,46.537415
25.595936,84.587936,92.796188,0.322675,46.487473
25.600135,84.587936,95.000000,0.333964,46.534531
25.602845,84.587936,95.000008,0.341949,45.593750
25.607034,84.587936,94.210999,0.330970,46.329605
25.609626,84.587936,95.000000,0.348823,46.179699
25.617128,84.587936,95.000015,0.357976,46.174858
25.619716,84.587936,91.379822,0.307390,42.477962
25.622272,84.587936,92.331116,0.340843,43.467453
25.624993,84.587936,92.402946,0.331776,39.779053
25.627574,81.664467,88.724960,0.252394,41.425514
25.630129,81.664467,93.152481,0.281920,44.274742
25.632678,81.664467,90.070808,0.257352,36.953381
25.635289,81.664467,85.936264,0.218376,34.970673
25.638226,81.664467,82.377243,0.220450,33.488773
25.641127,81.664467,82.538574,0.286947,34.775867
25.643850,81.664467,80.407593,0.233329,31.516323
25.646546,75.302490,77.615723,0.201332,28.589169
25.649551,73.322411,77.450500,0.185568,29.135956
25.652860,71.577621,80.417793,0.239496,36.007942
25.655417,67.684402,84.596146,0.213060,33.895134
25.657955,67.452080,75.051033,0.145215,28.747068
25.663114,69.220947,82.945656,0.201194,33.120903
25.665972,70.594276,82.578453,0.228124,34.920189
25.673727,73.672028,84.290009,0.241724,36.862251
25.677581,70.736649,85.345177,0.253965,36.077873
25.680132,73.334534,86.544395,0.261652,38.029564
25.682732,76.015717,90.025581,0.288388,41.470200
25.691265,81.115685,90.043297,0.347317,45.503670
25.694374,80.552841,94.945877,0.341662,42.627953
25.696972,83.871712,91.196838,0.280011,45.084785
25.699729,81.926407,94.995819,0.319426,42.367687
25.703743,85.521423,92.517433,0.302408,43.886650
25.706452,83.432266,94.472641,0.326743,42.190247
25.709115,82.501335,90.801064,0.242591,39.726837
25.712086,84.069809,91.768578,0.291201,46.480782
25.717738,83.320816,92.790344,0.321372,44.229477
25.720699,85.109764,88.088531,0.266595,45.790840
25.724984,82.199692,94.999992,0.332172,46.571468
25.727572,82.199692,95.000008,0.379341,46.502907
25.733328,82.199692,95.000000,0.346115,46.488434
25.735883,82.199692,95.000000,0.349141,46.554413
25.738511,82.199692,95.000008,0.365067,46.467308
25.741441,82.199692,95.000000,0.359847,46.474606
25.745102,82.199692,95.000000,0.338416,46.508137
25.747631,82.199692,95.000000,0.342833,46.404877
25.750152,82.199692,95.000000,0.345219,46.326225
25.753085,82.199692,95.000000,0.323708,46.220192
25.759743,83.596466,95.000000,0.334888,46.202202
25.763292,86.125763,95.000000,0.339599,46.277950
25.765843,87.661484,95.000008,0.364681,43.188866
25.772859,85.546783,89.126709,0.295341,43.404732
25.776054,85.664879,94.816330,0.319055,45.971241
25.778680,83.420029,90.700676,0.252390,40.647438
25.781249,84.311371,89.532608,0.285612,41.890419
25.783850,81.322441,89.692772,0.268197,40.073971
25.788106,83.926826,89.534470,0.285437,33.922714
25.795046,83.162117,82.799667,0.258449,37.480186
25.798325,81.265869,90.334061,0.281550,40.697029
25.803017,80.140045,89.371307,0.273023,38.265949
25.805518,77.611420,86.953903,0.258954,38.795502
25.808329,78.828362,87.830215,0.265942,36.738625
25.811005,79.968079,85.471733,0.226684,36.426392
25.813608,74.914413,85.020325,0.251532,36.259289
25.816731,80.258881,85.304459,0.284741,37.152229
25.819716,79.240891,82.927933,0.250739,34.176277
25.822286,79.240891,83.152969,0.228576,34.397202
25.824883,76.927223,83.039009,0.241541,36.645477
25.827516,76.927223,85.383072,0.316152,38.339241
25.830118,76.927223,86.223282,0.296458,37.547821
25.832712,76.927223,81.956375,0.219764,33.561893
25.835614,76.927223,82.365295,0.289888,41.153183
25.838173,76.927223,92.253006,0.342547,44.016983
25.842207,76.927223,92.232758,0.319930,40.313118
25.845056,76.927223,88.865540,0.250448,39.901989
25.847865,76.927223,90.384628,0.216020,42.947693
25.858982,81.674911,91.540756,0.282414,46.491810
25.861652,81.674911,94.091003,0.337003,44.840034
25.866015,81.674911,92.776428,0.319559,44.272842
25.868575,81.674911,93.695999,0.323133,46.490974
25.874874,82.242180,94.854385,0.348303,46.527332
25.877490,82.242180,95.000015,0.311276,46.309719
25.880378,82.242180,95.000000,0.331229,46.523560
25.882906,82.242180,95.000000,0.337733,46.037411
25.885462,82.242180,94.577194,0.320795,45.356319
25.888086,84.594681,95.000000,0.343563,46.481705
25.892428,86.508369,92.947960,0.322457,44.445740
25.898439,87.984947,95.000008,0.323303,46.519577
25.901522,86.921875,94.978714,0.353734,46.460022
25.905209,80.904243,95.000008,0.336635,46.368774
25.907857,84.915131,95.000008,0.341669,46.317924
25.910756,85.105553,95.000000,0.383382,46.362709
25.915059,84.681305,95.000000,0.308009,44.247280
25.918149,81.495995,91.559280,0.267777,41.723732
25.927750,79.543839,87.595238,0.230717,38.682713
25.930406,85.381592,88.434219,0.229250,39.520782
25.933175,79.630730,91.206360,0.295908,40.939449
25.935750,77.753525,87.265152,0.243517,38.454903
25.938342,79.593765,86.568985,0.225428,32.335136
25.945192,72.662292,76.363838,0.186004,29.530279
25.961698,70.648521,82.493683,0.236443,33.933647
25.968245,70.550598,80.810699,0.196870,34.579086
25.971545,69.915176,83.084778,0.258127,43.968132
25.977348,75.289253,88.327065,0.315340,39.916737
25.980277,74.977455,89.576340,0.318049,42.438065
25.984333,80.283981,95.000000,0.443127,46.532894
25.989271,81.963989,95.000015,0.348994,42.635395
25.991770,84.145287,94.258202,0.450643,45.524651
25.994240,83.999619,93.377487,0.375834,44.348633
25.999440,86.758965,93.157806,0.400717,43.988468
26.002092,83.249557,90.841171,0.363120,41.977238
26.004673,87.943573,88.783691,0.313058,40.685623
26.007268,87.432236,87.870453,0.343296,38.951225
26.012529,87.133423,91.319458,0.349675,44.879467
26.015133,88.097168,93.567543,0.348760,46.424824
26.017759,84.610161,94.345200,0.341922,45.777428
26.020302,83.745094,91.246033,0.294152,42.225616
26.023159,82.154419,90.861961,0.340254,46.207977
26.025872,81.718719,93.900055,0.310249,45.372787
26.028750,83.617989,88.443077,0.265949,40.491280
26.032951,82.434151,89.145508,0.261128,43.609550
26.035459,82.798828,92.209427,0.336831,45.891556
26.039865,81.770325,91.242294,0.296216,42.708817
26.042489,87.377251,91.539124,0.280279,46.421448
26.046732,81.390137,95.000000,0.368373,46.558598
26.049265,82.680885,95.000015,0.357527,46.483028
26.051883,84.245735,92.520149,0.359662,44.330364
26.055931,84.245735,95.000000,0.379059,46.252281
26.058512,84.245735,95.000015,0.389448,45.580521
26.061527,84.245735,94.376572,0.360637,44.057819
26.064131,84.245735,89.949318,0.294284,38.486900
26.067294,86.793594,87.458008,0.306373,40.605583
26.070057,82.791290,88.807907,0.302734,39.835445
26.072607,82.974899,85.382591,0.245831,36.897884
26.075158,81.775299,83.521881,0.291228,32.514839
26.081055,75.984772,81.453537,0.287677,29.945141
26.084297,75.371719,78.956848,0.242001,30.051367
26.086874,75.841537,86.086472,0.338174,38.377850
26.089516,72.767326,87.070557,0.260105,31.040401
26.092122,71.010689,78.779861,0.242288,30.018112
26.094607,71.844223,77.947830,0.246909,33.742981
26.099575,72.291359,78.643143,0.200570,29.365757
26.104108,70.484055,78.560005,0.178562,29.992182
26.106766,71.442787,84.399132,0.256057,37.074966
26.111230,69.434288,85.462257,0.275018,37.439331
26.114438,68.971329,83.114227,0.212105,35.746254
26.118976,72.834351,84.344711,0.280989,37.800179
26.121628,74.963074,86.413429,0.322388,40.388523
26.124251,74.679359,91.438736,0.316810,38.274895
26.127046,76.733971,86.835663,0.241472,36.298473
26.129652,78.174637,88.867859,0.280599,40.216431
26.132864,78.911072,89.195747,0.275730,39.450935
26.135494,77.125847,88.065277,0.273122,41.150959
26.138146,78.670570,91.537888,0.283104,42.988754
26.140736,82.715088,90.135727,0.262777,40.491440
26.143297,79.286667,89.101166,0.234052,39.234291
26.145920,78.334557,86.038803,0.212818,37.355705
26.148719,80.470581,87.407494,0.218085,41.467262
26.151264,80.094353,90.103241,0.307793,41.040047
26.153887,81.292397,89.541733,0.273359,40.967949
26.156432,79.440659,90.568542,0.279570,42.160583
26.159536,83.741081,95.000000,0.349185,46.557842
26.162375,81.887192,95.000015,0.329178,44.230049
26.167634,83.416420,92.675385,0.303344,45.526409
26.170174,83.780624,95.000008,0.321614,46.821434
26.174407,81.785736,95.000008,0.336522,46.632465
26.176978,81.309967,95.000015,0.330766,46.567215
26.184635,84.818344,95.000000,0.313982,46.421848
26.187989,85.433113,95.000008,0.323170,46.238930
26.190765,87.424034,95.000000,0.322998,46.314709
26.193361,87.618362,95.000000,0.320320,46.342625
26.195916,83.906876,95.000008,0.332822,44.597252
26.202527,86.034927,95.000000,0.311731,42.871971
26.207694,82.722900,90.736023,0.244324,41.871765
26.210248,81.893242,90.698761,0.254883,41.819992
26.212816,82.382805,91.598816,0.278762,41.115517
26.215489,80.530968,89.986671,0.226063,36.446007
26.218081,78.487000,84.018295,0.204223,35.040291
26.220660,80.250725,85.297974,0.219804,41.088577
26.224024,77.199532,90.241051,0.304790,36.258087
26.229197,80.515800,82.405182,0.254589,39.697258
26.232541,78.618034,95.000008,0.374568,46.650986
26.236766,80.764771,93.057243,0.302102,41.817741
26.239747,78.185867,90.966675,0.309214,41.368599
26.244181,79.277985,90.639709,0.333013,41.925674
26.246858,80.231323,90.992767,0.306753,40.222176
26.249452,81.570885,88.926620,0.297109,39.426189
26.252035,81.570885,86.423874,0.261641,37.636566
26.254742,81.570885,86.489487,0.308050,38.055389
26.257858,81.570885,84.964706,0.267720,36.136780
26.260443,81.570885,85.716888,0.261768,36.567825
26.263325,81.570885,85.380051,0.224959,32.150795
26.266335,81.570885,82.885223,0.257817,36.632320
26.268997,81.570885,85.425598,0.281989,42.477005
26.275017,81.570885,91.065361,0.279678,41.738258
26.277997,81.570885,89.645416,0.262216,41.093445
26.280681,81.570885,92.025253,0.287749,41.592697
26.293242,80.890053,89.309280,0.351770,42.570740
26.296039,80.890053,93.607895,0.378520,45.548561
26.302012,84.875069,92.550682,0.373334,46.436249
26.306357,87.341576,95.000000,0.372554,46.622684
26.309015,86.128876,95.000015,0.373849,46.584106
26.311509,83.530739,95.000008,0.379439,46.409760
26.314159,84.915428,95.000000,0.382289,46.295486
26.316884,85.253967,95.000000,0.392634,46.253967
26.319509,85.253967,95.000015,0.373734,46.287815
26.322018,85.779442,94.394989,0.336660,45.597935
26.324659,87.835663,92.135719,0.346239,46.196484
26.327370,88.999619,95.000000,0.331042,46.254112
26.330270,87.816330,95.000008,0.340330,46.052750
26.333357,86.083763,95.000000,0.316398,46.374325
26.340010,86.492126,95.000000,0.303539,46.372047
26.342626,84.692093,92.091675,0.271706,46.288174
26.345168,87.690422,95.000000,0.317258,46.356865
26.347865,85.244385,95.000015,0.339639,46.353882
26.350452,84.491463,90.967850,0.286278,41.074982
26.354713,81.751663,87.641708,0.233867,34.700645
26.363657,79.291718,83.537933,0.201305,34.250046
26.366194,79.831512,84.671303,0.209402,35.882477
26.370599,78.246284,86.148293,0.249781,35.544380
26.373158,74.828323,84.244926,0.198756,31.252529
26.376283,73.962471,78.682495,0.181906,32.339340
26.379249,74.931496,81.159088,0.293230,35.251812
26.381862,71.484299,85.923729,0.256776,32.443851
26.387984,73.688438,81.839539,0.275716,33.154953
26.390547,73.688438,84.621368,0.291561,35.179089
26.393142,70.179764,83.722038,0.233884,33.675816
26.395693,73.315399,86.058395,0.261490,37.581444
26.398210,73.448044,87.134384,0.258390,38.732384
26.400749,72.431046,86.790726,0.249665,40.043285
26.404261,75.273117,88.531769,0.248676,38.834099
26.407863,75.258835,89.809784,0.302427,41.339268
26.410532,78.097610,92.934586,0.360480,46.581467
26.413889,78.848038,95.000008,0.355021,46.531017
26.418238,83.690529,95.000008,0.366154,46.585529
26.421011,84.650604,95.000000,0.373659,46.507145
26.425656,84.862289,95.000000,0.409473,46.328274
26.428238,85.464622,95.000000,0.401851,46.289574
26.432363,87.477158,94.988541,0.399862,46.225922
26.435258,84.375198,95.000000,0.356328,45.650040
26.438049,85.854156,95.000000,0.347493,46.140587
26.440555,89.071594,95.000000,0.344730,46.288898
26.443870,88.802246,95.000000,0.357864,46.341461
26.446657,86.794701,95.000015,0.362151,46.178749
26.449199,90.293762,95.000008,0.342815,46.516994
26.455771,87.095230,95.000000,0.343058,46.532700
26.459731,83.647308,95.000000,0.300758,46.459877
26.462291,85.437630,95.000000,0.328764,46.442162
26.464864,83.717766,95.000015,0.329893,46.446369
26.467688,84.118248,95.000008,0.316543,46.453167
26.470338,84.511459,95.000000,0.322215,46.419949
26.472891,83.873093,95.000008,0.332608,46.208881
26.476792,84.350578,95.000008,0.321579,46.283554
26.481571,85.889542,95.000000,0.329318,46.331829
26.484212,86.438637,95.000000,0.347616,44.571762
26.491768,83.086075,92.021919,0.341874,43.107925
26.494352,83.086075,95.000000,0.257958,37.980103
26.502398,84.699158,88.499916,0.276521,40.864304
26.505430,80.112114,89.828888,0.307983,43.653130
26.507954,81.574265,87.075211,0.246842,33.685719
26.511480,80.968636,82.688004,0.193781,33.622215
26.514512,80.192451,83.597961,0.219547,35.232658
26.517233,77.361397,84.124054,0.226168,35.346245
26.519777,74.939232,83.407104,0.208441,34.636559
26.522359,76.455620,79.232574,0.185464,30.411522
26.524930,74.334145,79.490265,0.200000,31.252378
26.527484,72.602959,80.054710,0.206878,32.026928
26.530144,70.271873,78.126556,0.170086,29.394651
26.533152,70.407127,79.293549,0.194239,30.031132
26.536008,71.048470,77.512520,0.191221,30.907866
26.540127,71.317184,80.187813,0.198065,34.002815
26.545795,72.772552,83.905876,0.268335,35.236275
26.551042,72.623344,83.702026,0.258523,34.251972
26.553594,74.617950,82.772049,0.299266,41.182167
26.557692,73.677292,91.436920,0.400158,42.959801
26.560321,75.628601,87.595245,0.323882,39.057068
26.562936,77.710381,85.848557,0.325913,38.401829
26.565699,78.622398,90.986961,0.377316,44.781601
26.569082,79.870247,93.393074,0.363006,42.243561
26.571865,79.405121,87.354523,0.300427,38.639496
26.574529,84.167343,86.779297,0.272900,41.404999
26.577177,83.066666,90.156731,0.335582,41.848892
26.579893,79.292931,87.840225,0.279140,39.143707
26.582494,81.077858,86.836967,0.270827,35.944778
26.585170,82.740929,84.735840,0.248583,35.439968
26.587830,82.567871,87.420029,0.332737,38.799629
26.596899,79.714317,88.912689,0.318816,40.415199
26.600924,77.610382,89.390251,0.325754,43.218002
26.604539,79.506973,95.000000,0.350920,46.658825
26.608711,81.461716,95.000008,0.353991,45.315277
26.613716,82.553070,95.000000,0.349345,46.588383
26.616559,82.833450,95.000000,0.350246,46.666859
26.620708,84.229630,95.000008,0.349686,46.542835
26.623227,83.446846,95.000008,0.324541,46.389851
26.625793,84.835617,95.000008,0.335434,46.301064
26.628310,87.253845,95.000000,0.348282,46.286942
26.632655,83.429863,95.000000,0.343296,45.822273
26.635261,84.709976,94.764404,0.264186,42.709663
26.638439,85.056717,95.000008,0.368287,44.785343
26.641063,81.228111,93.638710,0.295373,41.574883
26.644411,82.143387,85.588379,0.255979,33.830849
26.647242,81.062958,82.925400,0.193741,32.503899
26.649874,81.764435,83.861679,0.241304,34.776077
26.652907,78.346733,87.111244,0.231517,32.851471
26.655776,77.067108,81.182953,0.244328,32.264263
26.658380,78.545578,82.239502,0.252785,32.904999
26.661274,76.437569,83.014290,0.282612,35.540264
26.670344,74.303009,89.305397,0.307333,40.847351
26.676760,71.946869,87.953934,0.247191,40.065018
26.679385,71.946869,86.509293,0.226606,38.013805
26.686888,71.946869,86.444595,0.229326,36.571053
26.689533,71.946869,85.220078,0.342699,38.310398
26.695248,75.003693,86.967194,0.211361,34.566917
26.697947,75.003693,82.188560,0.224093,33.337402
26.700614,75.003693,86.339027,0.296266,42.214230
26.703171,75.003693,90.917023,0.317643,43.475967
26.705872,75.003693,90.069641,0.301237,41.424431
26.708546,75.003693,86.420319,0.232933,37.710152
26.711916,75.003693,93.139786,0.339952,43.606308
26.715207,75.003693,92.183548,0.259203,40.138519
26.717881,75.003693,90.876816,0.290605,42.265846
26.720901,75.003693,89.798615,0.282317,42.849445
26.723648,75.003693,91.453941,0.319966,44.713474
26.726205,75.003693,88.277954,0.231687,46.118713
26.739440,83.166275,95.000008,0.375728,46.525993
26.742417,85.425423,95.000015,0.370761,46.511700
26.745182,82.416763,95.000000,0.411910,46.373135
26.747902,83.196152,93.179688,0.345834,44.449890
26.750670,86.169151,95.000008,0.377389,46.410179
26.753237,88.127991,95.000000,0.351806,46.470184
26.756257,86.982574,95.000000,0.345067,46.400108
26.759098,88.329575,95.000000,0.349316,46.252090
26.761678,87.022888,95.000008,0.351873,46.302971
26.764441,87.075226,95.000000,0.348702,46.210140
26.767013,84.664093,95.000008,0.356069,44.350632
26.769903,86.949219,91.599777,0.268546,42.706093
26.773151,87.592621,95.000008,0.313549,46.343697
26.778493,84.862427,95.000000,0.315135,46.326988
26.781259,83.216171,95.000000,0.294178,44.226143
26.783885,83.216171,91.441193,0.280600,42.683540
26.786520,84.097641,90.332535,0.268266,41.331295
26.789206,84.097641,90.080757,0.260987,40.725647
26.791798,84.097641,87.881371,0.214623,38.162495
26.797377,84.097641,85.831253,0.217053,37.011971
26.802601,84.097641,87.715088,0.224581,42.344570
26.805519,84.097641,91.051254,0.257051,32.886948
26.809714,84.097641,86.496437,0.236056,37.740181
26.812311,84.097641,87.405594,0.263182,43.162369
26.817299,82.206406,91.782433,0.335197,44.416466
26.819877,82.206406,89.965591,0.280645,38.570824
26.825361,82.206406,88.310028,0.307354,42.003105
26.827878,78.734962,89.960800,0.305506,41.343758
26.830542,80.296440,87.859528,0.272684,38.278439
26.833186,79.905594,86.979515,168.359985,-1058.601685
26.835759,78.621841,-841.828979,168.359985,-1036.706421
26.842712,-471.015137,-790.836487,168.359985,-959.420532
26.845284,-523.289307,-750.750427,168.359985,-910.269043
26.848098,-527.499817,-666.968811,168.359985,-868.909485
26.850693,-528.341919,-637.057556,168.359985,-801.792725
26.853213,-489.820740,-604.592773,168.359985,-769.067322
26.855914,-451.654510,-541.902100,168.359985,-701.783569
26.860455,-399.003784,-480.286774,168.359985,-637.958984
26.863018,-334.730438,-416.479004,168.359985,-557.222107
26.867968,-280.498169,-340.403137,168.359985,-522.518127
26.870915,-254.297134,-294.392029,164.112732,-470.251923
26.875000,-203.839981,-229.674271,155.658417,-363.078888
26.879885,-155.896652,-174.304810,150.749756,-332.455627
26.882551,-109.783218,-146.823029,145.872101,-269.179779
26.885235,-80.882881,-119.905273,142.908417,-237.877808
26.888014,-56.157059,-57.695972,140.108658,-202.320114
26.892680,13.772593,-3.469068,136.119904,-114.474968
26.895308,79.239578,95.000023,105.615662,8.228271
26.903227,79.239578,95.000008,67.231560,24.992041
26.906416,79.239578,95.000000,53.448456,46.079216
26.909122,79.239578,95.000000,39.104492,52.753090
26.911687,79.239578,95.000000,34.027344,57.663284
26.914268,105.683434,71.837875,14.982771,53.205147
26.924509,105.683434,72.219482,13.911244,54.664078
26.928727,105.683434,72.259705,13.118913,55.183819
26.931325,105.683434,72.393486,12.788740,55.933231
26.935703,105.683434,72.585281,12.566721,55.838036
26.939574,105.683434,72.759460,12.294501,56.467026
26.942307,105.683434,73.060150,12.505858,56.685413
26.945183,105.683434,73.232498,12.181349,56.584263
26.948248,83.176239,94.999992,19.395350,71.113281
26.951055,87.082619,94.999985,19.338411,71.141815
26.953727,96.425461,91.000298,17.291290,69.093521
26.956347,99.918167,88.143700,15.928466,67.527489
26.958909,97.588631,90.147736,16.939896,72.655937
26.963150,94.968147,94.070145,14.146376,68.864578
26.966112,100.398918,86.903946,13.328077,68.308746
26.968726,96.853249,89.039917,13.452401,71.430397
26.971327,95.921051,91.791649,14.201617,72.062538
26.974300,96.443413,89.370705,12.825340,70.885223
26.978502,97.653770,89.466553,12.701876,71.386986
26.981672,96.254601,89.633255,12.265779,69.961899
26.985693,99.430885,87.042953,11.284716,69.785095
26.988290,99.650421,86.453331,11.497482,69.657776
26.992478,98.493431,88.720490,11.090327,71.022926
27.001916,96.790016,88.344711,11.090894,70.486305
27.009568,98.353508,87.613220,10.464538,69.842003
27.012181,98.515228,86.433205,10.737010,69.283310
27.014770,96.672340,88.065216,11.087711,69.557404
27.017362,100.798187,86.731430,10.512021,67.985519
27.022040,99.256897,86.650169,10.649920,69.657715
27.025052,96.415154,87.605125,11.101713,68.131218
27.029923,97.161247,83.789536,10.563765,66.952011
27.032520,95.349312,82.475410,10.259003,64.927917
27.035165,95.035240,81.013451,9.182192,62.262905
27.037896,95.035240,73.917709,8.501856,58.936081
27.040506,95.035240,69.514359,7.240751,52.313114
27.044539,95.035240,62.147564,5.005536,47.196110
27.048680,95.035240,56.739044,4.805603,41.873920
27.051156,95.035240,52.649654,3.557752,37.291195
27.056500,70.832642,48.239159,3.223218,37.651440
27.059532,62.759575,47.127468,2.942402,36.758045
27.062222,62.763599,44.683266,2.752740,35.818874
27.064889,59.669746,42.189537,2.389751,31.949028
27.067628,59.669746,40.339630,2.217210,32.277855
27.070406,59.669746,40.776402,2.338768,31.266254
27.073555,59.669746,36.550869,1.782388,29.167454
27.076585,59.669746,34.843163,1.590431,25.749527
27.079219,49.820511,32.749218,1.587188,25.873070
27.083560,43.038837,32.835007,1.609688,25.728893
27.086768,43.038837,31.805412,1.531786,25.142458
27.089503,43.038837,31.971489,1.459705,23.665062
27.092029,43.038837,29.473419,1.283331,23.079920
27.094571,43.038837,33.118908,1.768705,28.135132
27.097214,43.038837,35.171444,2.376557,28.610401
27.103465,43.038837,37.006180,3.481081,32.009270
27.106164,43.038837,42.135475,4.069672,33.714348
27.110476,43.038837,42.933300,4.645966,36.824791
27.113287,43.038837,46.839783,5.889428,37.054646
27.117716,43.038837,49.054146,6.929499,38.285564
27.121177,43.038837,49.361118,7.311377,37.514992
27.130031,43.038837,48.588696,6.929707,37.328289
27.132530,43.038837,48.724319,6.692396,36.555363
27.135464,43.038837,47.017941,6.157867,37.650551
27.138359,43.038837,47.340607,5.898618,35.291557
27.141329,43.038837,44.840187,5.495694,35.985390
27.144043,43.038837,44.761208,5.264086,35.230190
27.146787,43.038837,42.873039,4.827333,32.926788
27.152630,43.038837,40.904472,4.518535,30.464911
27.161561,47.467133,38.927193,4.477300,30.096388
27.164332,47.429794,38.225761,3.847422,28.016026
27.169513,44.807243,35.813614,4.063429,26.380821
27.173745,43.015602,33.000923,3.254755,25.459780
27.177780,41.016548,29.830610,2.598099,22.652592
27.182139,37.700245,28.598818,2.308319,20.650455
27.188177,33.091331,22.938686,1.519176,17.460102
27.190749,31.778135,22.686289,1.575745,15.576843
27.194469,30.157310,20.657930,1.329002,15.137344
27.197110,28.489876,20.257586,0.912843,12.749060
27.199916,27.003735,19.239557,1.136264,14.374700
27.202622,25.576767,19.174770,1.452156,14.354856
27.208938,24.698593,20.071928,1.826633,14.840832
27.213020,25.028040,20.635258,3.279067,16.237827
27.219578,27.245577,23.421389,4.237766,16.214924
27.222213,27.742464,24.640629,4.831948,16.903248
27.229194,27.475792,26.141582,6.036833,16.898890
27.232741,29.604939,27.254971,6.667310,16.623543
27.237125,29.386740,25.311899,5.635736,16.447966
27.240523,29.090572,18.940826,3.071881,11.438027
27.247587,22.789957,15.553666,2.189772,7.486383
27.251357,19.315495,12.664886,1.043154,5.255941
27.253914,17.309259,7.179470,0.529598,3.105812
27.257925,13.053897,2.708338,0.272975,-1.108399
27.260561,9.999344,0.290384,0.353937,-5.030683
27.264131,6.743699,-2.362747,0.402857,-6.251714
27.266932,4.421099,-4.040169,0.714792,-9.946321
27.269517,2.319228,-5.467171,1.357983,-11.688378
27.272185,0.200314,-7.148889,1.669885,-13.165420
27.275072,-1.425898,-7.799902,2.590470,-14.510210
27.277613,-2.132524,-8.600815,2.900861,-14.725079
27.280373,-2.979498,-8.011083,3.105196,-14.206463
27.283476,-3.834018,-7.399239,3.860009,-14.301177
27.286062,-3.875953,-6.399481,3.434928,-12.922462
27.289044,-4.503775,-6.386469,3.930905,-13.331732
27.294076,-4.930231,-7.202744,4.990437,-15.271582
27.297024,-6.051530,-7.018127,5.773140,-16.204184
27.300974,-5.771453,-7.489391,5.717042,-14.311653
27.303549,-5.362371,-5.918540,6.047677,-14.092253
27.310987,-3.356479,-4.299692,6.033640,-13.195644
27.316902,-1.499463,-3.142702,5.740937,-10.966970
27.319801,-1.033013,-2.089552,5.899570,-10.795832
27.322454,-0.389883,-1.249173,5.659384,-9.577522
27.325925,1.476490,-0.465053,5.309474,-6.914224
27.329334,2.183508,0.630776,5.037156,-6.610170
27.333624,3.523042,2.063380,4.588185,-5.251952
27.336277,4.242266,2.662706,4.480283,-4.537866
27.338897,4.422165,2.972373,4.636799,-3.994857
27.341400,5.756885,3.281302,4.017785,-2.195395
27.345916,6.625004,5.149425,3.763779,-1.315520
27.348574,7.260184,5.675000,3.484725,0.066260
27.351252,7.260184,6.100132,3.264011,0.438932
27.354149,7.260184,6.608840,3.103150,0.976234
27.358760,7.260184,6.946670,2.819668,1.846948
27.363399,7.260184,7.248015,2.544958,2.110359
27.367088,7.260184,7.377456,1.689475,2.978929
27.372570,8.776836,7.629757,1.756137,3.204624
27.376999,8.958993,7.464177,1.485791,3.299123
27.379904,9.111496,7.566618,1.469681,3.359804
27.382570,8.972969,7.329790,1.235355,3.384172
27.385168,8.971861,7.245281,1.123304,3.497527
27.388395,8.502656,7.288958,1.056477,3.474357
27.391296,8.489916,7.119283,0.926736,3.486160
27.394184,8.293527,7.080163,0.936484,3.294977
27.397508,8.071439,6.791951,0.663600,3.263878
27.401805,7.792509,6.595744,0.636530,3.157525
27.406923,7.393766,6.261732,0.416124,2.991487
27.415237,7.122294,6.310797,0.383764,2.858521
27.417900,7.281318,5.856709,0.355873,2.654621
27.420668,6.915736,6.114148,0.413135,3.141174
27.423229,6.484086,6.652053,0.384200,2.980980
27.427710,6.985938,6.470845,0.377402,3.293553
27.432749,7.264758,7.025514,0.518800,4.054868
27.435782,7.343902,7.283003,0.549110,4.215976
27.439802,7.918061,8.113205,0.733047,4.522960
27.442441,7.764055,8.386421,0.794868,4.730676
27.444922,8.170434,8.931309,0.995594,5.069462
27.448814,8.681250,9.691736,1.171814,6.068043
27.451524,10.083581,10.387853,1.402900,6.305413
27.454185,10.761392,11.346208,1.645776,7.134068
27.457519,11.567469,11.724140,1.997206,7.648355
27.460109,12.276236,12.876693,2.068506,7.882832
27.462678,13.005220,13.573410,2.127264,9.110503
27.465158,13.692145,14.376740,2.296243,9.228396
27.467901,15.254344,15.567701,2.695737,9.902966
27.470417,15.440301,15.954491,2.642338,10.571185
27.472998,16.295021,16.133411,2.545323,10.688120
27.475698,17.542364,16.878590,2.530271,11.285135
27.478205,17.542364,18.241360,3.426433,12.326778
27.482190,17.542364,18.907528,3.213210,12.630650
27.484936,20.516314,19.756195,3.949422,14.127975
27.489772,22.604788,22.131884,3.988364,15.042215
27.492335,23.074184,24.078478,4.519117,16.455481
27.498513,26.664408,25.858231,5.232306,18.321180
27.501238,27.346283,27.131729,5.460807,18.518375
27.504734,29.726358,28.399960,5.686192,20.040455
27.507754,30.425369,29.598745,6.117781,21.768589
27.515684,33.713631,32.242691,6.059566,24.113056
27.522804,36.459457,33.696926,6.050374,23.942900
27.525567,36.698132,33.351013,5.567962,24.585241
27.528167,36.927387,34.526245,5.698431,25.235882
27.531916,37.744793,34.004700,4.783028,25.021702
27.539641,37.142822,31.663891,2.881835,22.539209
27.548527,35.702980,28.870848,2.440034,21.520126
27.552778,32.500065,27.536823,2.469810,21.998302
27.555372,32.543427,28.807816,2.399950,18.743902
27.559553,31.596943,24.824076,2.212416,19.883850
27.562309,29.193317,26.485699,2.010154,18.731909
27.566394,30.642864,25.540272,1.980746,18.880341
27.570648,29.087736,24.658346,2.009758,19.991545
27.573212,29.087736,26.298597,1.941705,19.975731
27.576302,29.087736,25.232887,1.953858,19.764116
27.579197,29.087736,25.979435,1.831370,19.181505
27.584129,29.087736,25.699642,1.638120,20.083086
27.586970,29.087736,26.067493,1.373379,18.431484
27.589586,29.087736,25.275320,1.436678,19.396614
27.592384,29.087736,25.213511,1.330975,18.318142
27.595039,29.087736,23.986839,1.085901,17.897461
27.598536,29.087736,24.656158,1.179386,16.713171
27.601470,29.087736,22.227680,0.658281,15.145385
27.604069,25.784748,23.271252,0.950266,17.633240
27.606945,24.942631,22.189564,0.797895,16.558275
27.610038,24.973328,21.381218,0.737881,16.343189
27.614737,24.973328,21.945824,0.926996,17.445423
27.618077,24.973328,23.730564,0.879128,16.790695
27.622558,26.669447,25.731865,1.263447,21.162666
27.625214,27.637564,27.346813,1.435728,21.486969
27.630441,30.103485,29.302471,1.802799,23.964886
27.634486,31.372572,31.300707,1.949646,25.508690
27.637683,33.372021,32.243786,1.841062,26.979456
27.643138,34.193359,34.111202,2.248413,28.178812
27.645996,34.525551,33.375900,1.843615,26.370802
27.648554,36.172127,33.980541,1.843873,27.373735
27.651734,36.343227,34.908737,1.962733,27.630304
27.654826,37.784744,36.113396,2.066326,28.425236
27.657478,39.521797,35.717339,2.048744,29.334557
27.660009,39.570694,36.192768,1.999358,28.724449
27.662577,40.595978,37.889946,2.227075,31.821148
27.665602,40.539574,39.883034,2.612450,32.053734
27.668215,43.825871,41.712898,2.939256,33.291306
27.670934,44.047405,43.150986,3.112082,35.585182
27.673534,46.962860,44.335148,3.443887,38.733223
27.678090,49.710682,48.213104,3.647032,38.619572
27.681313,52.143536,47.741169,3.582089,40.586315
27.685433,53.771545,49.987698,3.134084,38.775143
27.688059,52.724552,45.502861,2.882708,33.108315
27.692138,51.146008,38.873825,1.863151,30.810942
27.694901,49.150326,37.903160,1.323112,25.744495
27.698574,45.086723,29.466574,0.929011,20.032438
27.701676,40.667580,27.152664,0.589047,17.654037
27.704190,37.653519,21.764368,0.435803,14.998239
27.706905,33.677822,17.763353,0.133051,8.130333
27.709705,28.715244,14.301723,0.127625,7.914695
27.712353,25.767448,11.764450,0.089690,0.070514
27.718910,16.935499,3.574642,0.305215,-6.074782
27.722535,14.278301,-0.811647,0.565899,-10.398481
27.726799,7.163103,-7.244895,0.831311,-15.011461
27.729392,5.074221,-8.183901,1.178071,-18.157234
27.731912,1.744764,-13.657875,1.435748,-20.998756
27.734546,-0.016167,-16.055992,1.819564,-25.238607
27.738041,-8.048804,-20.014372,2.791735,-32.063709
27.747912,-14.515338,-25.057190,3.239281,-35.455009
27.751088,-18.029032,-26.466578,4.164669,-38.092442
27.757112,-22.273703,-28.384808,3.889916,-35.323391
27.759648,-23.841940,-26.240629,4.091295,-35.369293
27.762543,-23.023214,-27.111328,4.707627,-38.006130
27.766309,-23.310345,-26.938066,4.329231,-35.498142
27.769359,-23.901207,-26.474859,4.295151,-35.620663
27.772639,-24.529169,-25.436489,3.968449,-37.153931
27.775282,-24.491631,-27.970819,4.465547,-37.855377
27.777797,-24.871685,-26.333595,4.026174,-34.937054
27.780769,-25.217184,-27.095585,4.199930,-36.162106
27.784152,-23.375647,-25.589338,4.030203,-33.565773
27.786955,-23.137691,-25.273626,3.892675,-33.390045
27.789552,-21.701405,-25.022985,3.941126,-32.632381
27.792148,-21.530552,-22.473688,3.710083,-29.852337
27.799597,-18.886478,-19.374762,3.258730,-26.718224
27.804152,-17.157776,-18.059879,3.252863,-25.314842
27.806719,-16.429153,-16.678997,2.913416,-21.253708
27.811103,-16.429153,-14.778105,2.308161,-19.499577
27.814103,-12.802462,-13.559766,2.441229,-15.941544
27.825782,-8.634025,-7.971667,1.154294,-12.670232
27.828684,-7.979040,-8.353531,1.039275,-12.004227
27.831620,-6.686143,-7.448672,0.831757,-10.720838
27.834242,-6.143249,-5.909638,0.770423,-10.131886
27.836908,-4.759482,-5.816170,0.788505,-7.920121
27.843256,-3.064339,-2.549530,0.599953,-6.500379
27.848310,-2.374436,-2.034679,0.621380,-5.985401
27.850908,-1.190976,-0.952752,0.601567,-4.174896
27.853693,-0.238195,0.040841,0.516194,-3.753469
27.856326,-0.238195,0.710234,0.579434,-3.139830
27.858802,1.472712,2.258080,0.436320,-0.457684
27.861787,2.147342,2.474864,0.512424,-1.255293
27.864432,3.603173,4.122603,0.291865,-0.006793
27.869464,4.291359,3.494295,0.213524,0.966057
27.873742,5.205078,3.810148,0.326279,0.307958
27.876831,4.612155,3.351049,0.174687,0.635084
27.879404,4.808270,3.953866,0.111758,-0.378180
27.881950,4.664054,3.786358,0.143199,0.582613
27.885276,4.263531,3.833654,0.051290,-0.858394
27.887937,4.275283,3.255460,0.124455,-0.079986
27.891020,3.795783,2.650096,0.057914,-0.516254
27.896393,3.636961,2.635786,0.065868,-1.908881
27.900705,3.657547,1.319945,0.191977,-1.292463
27.903626,2.663934,1.883824,0.078497,-1.624009
27.906936,2.367833,0.829639,0.220043,-2.215761
27.909571,2.018623,1.040324,0.144974,-2.700270
27.912410,1.941717,-0.092760,0.278123,-3.295316
27.918183,2.054423,-0.558069,0.225781,-3.438431
27.924599,0.528535,-0.840239,0.310354,-4.723654
27.927329,0.330321,-0.475835,0.266627,-3.810377
27.932037,0.506943,-1.125670,0.371913,-4.533389
27.934553,0.650230,-1.318326,0.406826,-4.746477
27.940370,0.397209,-0.469549,0.344693,-3.946870
27.947061,0.269153,-0.671536,0.360419,-3.398071
27.951463,0.455822,-0.160048,0.291679,-3.336358
27.954152,0.649209,-0.266234,0.311327,-3.500996
27.956732,0.433936,0.008595,0.244080,-2.758260
27.962481,0.833934,0.381781,0.236486,-2.615010
27.965059,0.849933,0.479264,0.252832,-2.756006
27.967765,0.911747,0.736257,0.242195,-2.384994
27.970259,1.109549,1.213798,0.182552,-1.828772
27.972913,1.119934,1.498099,0.212766,-1.653952
27.975792,1.522067,1.272274,0.126212,-1.041080
27.980344,1.952371,2.128598,0.142635,-0.843767
27.982913,1.952371,2.303054,0.289021,-0.779471
27.985823,1.952371,2.285587,0.183639,-0.726298
27.988340,1.952371,2.551808,0.180456,0.090416
27.992919,1.952371,3.138781,0.319710,0.028685
27.996646,1.952371,3.233209,0.169642,0.141676
28.001375,1.952371,3.129786,0.151256,0.764089
28.004312,1.952371,3.436577,0.197030,0.266436
28.007189,1.952371,3.241595,0.078600,0.518084
28.010702,1.952371,3.232272,0.054069,0.619842
28.013264,1.952371,3.516194,0.031255,0.594168
28.015796,1.952371,3.010309,0.023342,0.155919
28.018559,1.952371,2.876962,0.026593,0.450563
28.025147,1.952371,2.944804,0.043801,0.164071
28.027914,1.952371,2.700998,0.016417,-0.140949
28.030659,1.952371,2.747693,0.025576,0.366123
28.035709,3.227440,3.030097,0.028946,0.289996
28.042464,3.245170,3.115631,0.059864,0.561280
28.046666,3.509193,3.240647,0.009724,0.315577
28.055733,3.438139,3.292187,0.024065,0.367097
28.059389,3.440758,3.197095,0.007875,0.107871
28.063943,3.292351,3.218626,0.029764,0.286482
28.071142,3.466337,3.239542,0.071318,0.321432
28.081012,3.237413,3.179254,0.080119,0.249656
28.086214,3.247129,2.891345,0.069354,-0.318126
28.089632,3.247069,2.870642,0.029786,0.060411
28.092430,3.431014,2.880883,0.089964,-0.255885
28.094974,3.218201,2.583071,0.023080,-0.165434
28.097581,2.986584,2.151210,0.100727,-0.734556
28.102810,3.013357,2.313501,0.056465,-0.534049
28.105326,2.751862,2.311625,0.123621,-0.655951
28.108307,2.553177,2.305493,0.092812,-0.602338
28.111623,2.558707,2.229637,0.184616,-1.131449
28.114246,2.513388,2.030878,0.174252,-0.917026
28.118449,2.544564,2.047515,0.166998,-0.480705
28.128675,2.329268,2.025465,0.097738,-0.561126
28.132731,2.507454,2.290252,0.153728,-0.618494
28.135625,2.507454,2.279122,0.127511,-0.398356
28.138792,2.507454,2.652433,0.069716,-0.110746
28.141294,2.507454,2.655526,0.044283,-0.128986
28.143917,2.507454,2.354410,0.019079,-0.280609
28.152539,2.781020,2.711396,0.016658,0.004818
28.162486,2.773174,2.812416,0.015791,0.005308
28.165032,2.746623,2.761269,0.053928,-0.141948
28.167794,2.776525,2.927446,0.026076,0.179220
28.176706,2.784959,2.992588,0.053940,0.227816
28.181636,2.969831,3.022259,0.035281,0.241733
28.184203,3.192366,3.013422,0.044694,0.250308
28.188464,2.874575,3.017496,0.075393,0.265815
28.190948,3.045383,3.051980,0.068428,0.201215
28.193584,3.202359,2.974706,0.061439,0.240008
28.197733,3.053272,3.066662,0.071881,0.274985
28.200203,3.023454,3.071867,0.060248,0.293641
28.202722,3.006764,3.037468,0.039428,0.179542
28.205392,3.012073,2.918475,0.012867,0.174924
28.207936,3.194183,2.946471,0.031301,0.191484
28.210574,3.055627,2.912868,0.054793,0.171655
28.213927,3.017585,2.877751,0.023055,0.131698
28.216973,3.016138,2.852378,0.011452,0.102526
28.219591,3.016958,2.833323,0.014615,0.196342
28.222558,2.823230,3.007652,0.031461,0.201212
28.225206,2.823230,2.947791,0.023852,-0.019339
28.230805,2.823230,2.811295,0.016321,0.214918
28.233452,2.823230,2.959878,0.030122,0.149002
28.236095,2.823230,2.866528,0.044028,0.178490
28.241803,2.823230,2.994515,0.078399,0.225455
28.246037,2.823230,3.097678,0.128635,0.293205
28.249599,2.823230,3.226277,0.259266,0.263657
28.254286,3.164166,3.316663,0.327382,0.282814
28.258812,2.837286,3.324358,0.344976,0.228180
28.261342,3.424356,3.271252,0.337216,0.220867
28.264336,3.295075,3.338151,0.344367,0.324664
28.266976,3.431577,3.368285,0.320979,0.359485
28.274671,3.473673,3.422910,0.378369,0.388727
28.277434,3.480947,3.486615,0.327255,0.441105
28.282288,3.704038,3.408200,0.260003,0.437256
28.284953,3.897282,3.452607,0.292370,0.485946
28.287578,3.563457,3.487542,0.316110,0.442046
28.291415,3.706059,3.450611,0.303010,0.349971
28.294042,3.339612,3.356846,0.318011,0.328584
28.296632,3.509361,3.304457,0.291949,0.363795
28.299269,3.671472,3.355899,0.242768,0.349061
28.301925,3.671472,3.310903,0.263006,0.333476
28.304665,3.526235,3.320901,0.316848,0.385211
28.310428,3.444730,3.467517,0.378143,0.387754
28.314952,3.748856,3.384932,0.244611,0.424342
28.319391,3.481859,3.359833,0.230233,0.402359
28.323820,3.481503,3.288058,0.234767,0.248233
28.327517,3.295810,3.164262,0.092897,0.205160
28.333245,3.443162,3.145011,0.109342,0.299133
28.339031,3.443162,3.123363,0.101943,0.252517
28.341842,3.443162,2.992042,0.087847,0.195047
28.344551,3.443162,2.953747,0.069584,0.175421
28.347088,3.443162,2.938597,0.057778,0.232688
28.350167,3.443162,3.020610,0.066314,0.242687
28.353843,3.102472,2.982143,0.065899,0.211903
28.356607,3.102472,2.956233,0.048795,0.147692
28.362146,3.102472,2.806961,0.040251,0.056789
28.364786,3.102472,2.767650,0.039607,0.090462
28.367404,3.102472,2.871030,0.051412,0.151594
28.372161,3.102472,2.866431,0.052105,0.109961
28.374637,3.102472,2.832150,0.054593,-0.020280
28.379192,3.102472,2.736534,0.042435,0.004600
28.382267,3.102472,2.837090,0.040793,0.090965
28.386917,3.102472,2.870031,0.041570,0.123839
28.389558,3.102472,2.862152,0.035657,0.129224
28.392267,3.102472,2.850210,0.021792,0.070909
28.395958,3.102472,2.737561,0.025091,0.006292
28.398602,3.102472,2.721642,0.028174,0.008073
28.401184,3.102472,2.738872,0.022988,0.046480
28.403979,3.102472,2.829113,0.029456,0.096736
28.406574,3.102472,2.853052,0.045078,0.103192
28.409486,3.102472,2.866956,0.052229,0.115062
28.412944,3.102472,2.873964,0.063626,0.123268
28.416247,3.102472,2.894983,0.067510,0.133115
28.419117,3.102472,2.910982,0.082189,0.139524
28.421836,3.102472,2.934033,0.089567,0.146743
28.426711,3.102472,2.971680,0.105182,0.171634
28.429294,3.102472,2.987280,0.119626,0.170784
28.435582,3.102472,3.000208,0.115939,0.182613
28.440643,3.102472,2.981852,0.107532,0.212595
28.443283,3.102472,3.003525,0.069881,0.202159
28.450648,3.036414,2.867622,0.061583,0.010909
28.453949,3.036414,2.781153,0.063205,0.018158
28.456997,3.036414,2.786946,0.056193,0.022281
28.459735,3.036414,2.824557,0.096362,0.018060
28.464940,3.036414,2.820402,0.114468,0.020464
28.468183,3.036414,2.859483,0.168895,-0.033726
28.475532,3.036414,2.852346,0.213963,-0.048330
28.478160,3.209043,2.871097,0.248520,-0.078076
28.480800,3.209043,2.867464,0.281606,-0.090437
28.483933,3.209043,2.912299,0.267804,-0.054671
28.486456,3.209043,2.918602,0.262110,-0.042400
28.488935,3.243568,2.943782,0.255535,0.017864
28.491509,3.248234,2.960232,0.232228,0.028998
28.496769,2.872971,2.971819,0.247563,0.033714
28.499676,2.872971,3.006106,0.254434,0.073763
28.503228,3.199863,3.020768,0.270903,0.107387
28.505924,3.241733,3.069630,0.262884,0.106306
28.508547,3.249093,3.104002,0.290108,0.095209
28.511130,3.066236,3.074896,0.278527,0.080242
28.513925,3.400847,3.077101,0.276106,0.201580
28.519619,3.406679,3.176328,0.265712,0.255552
28.522302,3.097255,3.253067,0.271345,0.280837
28.524919,3.469010,3.237992,0.265630,0.262956
28.527572,3.295562,3.221512,0.239552,0.245328
28.530341,3.260872,3.191943,0.244495,0.246662
28.532934,3.259703,3.199701,0.215694,0.283888
28.538941,3.290203,3.131655,0.163956,0.147633
28.551730,3.483231,2.999377,0.181655,0.114457
28.554503,3.106976,2.955655,0.184693,0.033411
28.557035,2.872791,2.927181,0.217763,-0.014896
28.561740,3.027168,2.935756,0.246540,0.003353
28.567457,2.843635,2.958260,0.253035,0.016850
28.570011,3.249021,2.966592,0.307572,-0.071700
28.574371,3.253804,2.942922,0.313950,-0.066306
28.577081,3.252521,2.946085,0.303351,-0.031376
28.579626,3.252521,2.988522,0.289023,0.001412
28.582403,3.252521,2.997869,0.266458,0.033790
28.584951,3.215045,3.012560,0.258664,0.066764
28.587536,3.102042,3.017742,0.242918,0.074481
28.590141,3.250999,3.021514,0.234197,0.089722
28.592788,3.477560,3.025805,0.225438,0.129718
28.595706,3.327827,3.041373,0.178687,0.164501
28.598307,3.295166,3.049363,0.148780,0.201774
28.601262,3.437936,3.054263,0.096799,0.256806
28.603941,3.557920,3.021544,0.068666,0.250571
28.606513,3.261741,2.962445,0.048630,0.175722
28.609152,3.259710,2.926063,0.041034,0.126840
28.611860,2.880490,2.834254,0.044375,0.081725
28.614614,2.828484,2.787357,0.053322,-0.031777
28.617173,3.201553,2.738592,0.071670,-0.105705
28.619970,3.013996,2.674154,0.061551,-0.014690
28.623982,3.027324,2.873969,0.080836,0.082297
28.630287,2.788373,2.847319,0.121141,-0.030923
28.640628,3.065912,2.791002,0.119550,-0.033708
28.643282,3.031182,2.784387,0.121422,-0.041712
28.645946,2.649087,2.772049,0.106566,-0.031036
28.650691,2.828047,2.780653,0.098692,-0.004639
28.653414,3.012596,2.792596,0.091245,-0.009246
28.660436,2.832244,2.792571,0.126706,-0.041075
28.663000,2.982368,2.806325,0.148133,-0.062676
28.665568,2.983311,2.811057,0.199994,-0.078891
28.668247,2.983311,2.836818,0.265948,-0.128674
28.672610,2.983311,2.848700,0.295191,-0.120707
28.675163,2.983311,2.866601,0.278189,-0.070426
28.678500,2.983311,2.921879,0.268576,-0.023046
28.681473,2.983311,2.942932,0.243287,0.040494
28.685739,2.983311,2.964751,0.212031,0.055021
28.688270,2.642662,2.955890,0.208559,0.049461
28.692592,2.642662,2.932239,0.184009,0.027113
28.695589,2.642662,2.922401,0.203632,0.010966
28.700302,3.203138,2.937161,0.251776,-0.020618
28.706766,3.254975,2.961076,0.283442,-0.025269
28.709325,3.224728,2.979022,0.318370,-0.018639
28.711931,3.061318,3.018641,0.331612,-0.010449
28.714597,3.060805,3.040001,0.332768,0.024855
28.717191,3.057395,3.062717,0.343424,0.039535
28.719782,3.057368,3.094163,0.338855,0.066523
28.723036,3.213889,3.108146,0.344548,0.071703
28.725661,3.290076,3.119456,0.343157,0.078321
28.729824,3.477296,3.080382,0.315152,0.066376
28.732405,3.486612,3.077372,0.333618,0.043753
28.738180,3.105532,3.080794,0.361073,0.035739
28.745982,3.249022,3.109611,0.369948,0.052664
28.750943,3.403561,3.181849,0.345380,0.170409
28.756995,3.329986,3.200481,0.321104,0.203422
28.762210,3.487350,3.219307,0.311810,0.208154
28.764823,3.470219,3.187232,0.285649,0.188564
28.769799,3.855059,3.135883,0.246410,0.187071
28.772936,3.338792,3.120417,0.218815,0.131932
28.775993,3.263782,2.980021,0.211844,-0.051910
28.779184,3.328041,2.871559,0.214132,-0.024810
28.782040,3.183138,3.036019,0.198691,0.190526
28.785549,3.183138,3.071968,0.157291,0.185375
28.788479,3.183138,3.035804,0.138271,0.150551
28.791362,3.183138,2.957220,0.104557,0.136681
28.793938,3.183138,2.928663,0.093547,0.117473
28.799230,2.868628,2.904471,0.070572,0.110789
28.801938,2.868628,2.822550,0.058162,0.061520
28.804601,2.868628,2.731831,0.059564,-0.121950
28.807220,2.868628,2.651919,0.058862,-0.130440
28.811454,2.868628,2.651068,0.043114,-0.049100
28.814030,2.805726,2.708886,0.053433,-0.048047
28.816623,2.641829,2.702332,0.095972,-0.094584
28.820881,2.784073,2.681881,0.104831,-0.109799
28.823999,2.603763,2.696426,0.101619,-0.086341
28.827621,2.936672,2.721241,0.093973,-0.071300
28.830429,2.819335,2.735179,0.097546,-0.060695
28.832948,2.791366,2.741305,0.094778,-0.056052
28.835596,2.604273,2.750366,0.099227,-0.047134
28.838584,2.753815,2.756806,0.103333,-0.013698
28.844940,2.789942,2.783329,0.098922,-0.014354
28.847584,2.977028,2.793301,0.128377,-0.028145
28.850239,2.827406,2.800223,0.143268,-0.054938
28.852966,2.828696,2.808091,0.191488,-0.075197
28.855684,2.798699,2.819167,0.205280,-0.085223
28.858261,2.605740,2.824421,0.220644,-0.095122
28.861716,2.780777,2.838820,0.229167,-0.089056
28.864442,2.864326,2.840993,0.246591,-0.110120
28.869364,2.611662,2.810367,0.299440,-0.228161
28.872029,2.783059,2.751667,0.297635,-0.230691
28.876390,3.014669,2.782351,0.263553,-0.129235
28.878941,2.836187,2.844567,0.205510,-0.012834
28.883040,2.986042,2.860068,0.156088,0.005584
28.886409,3.060607,2.823528,0.149959,-0.075398
28.890997,2.641633,2.794312,0.170387,-0.064699
28.893519,2.784257,2.811681,0.173363,-0.050377
28.896040,2.974852,2.851391,0.174477,-0.020651
28.898627,3.010890,2.855664,0.178348,-0.022978
28.901251,3.010890,2.850695,0.172664,-0.024370
28.903955,3.010890,2.837127,0.165747,-0.026622
28.906718,2.835138,2.835633,0.163126,-0.007885
28.909605,2.829006,2.843725,0.139178,0.017496
28.914771,3.208190,2.855684,0.135310,0.030003
28.917582,2.836066,2.851657,0.122187,0.027630
28.920086,2.983809,2.838110,0.122709,0.017756
28.922718,2.984792,2.832634,0.116841,0.019258
28.925303,3.060438,2.828383,0.114027,0.016762
28.928371,2.793315,2.829035,0.118470,0.013019
28.930936,2.828501,2.825402,0.114793,0.007579
28.933537,2.798660,2.824577,0.124806,0.000807
28.937571,3.014702,2.819891,0.132806,-0.006531
28.941028,3.022537,2.818308,0.127200,-0.001323
28.948579,3.011702,2.822482,0.123946,0.000907
28.953981,2.835917,2.820956,0.123930,-0.000388
28.956511,2.792797,2.819960,0.123521,-0.000943
28.959214,2.790304,2.819466,0.125412,-0.002754
28.961801,2.976061,2.818618,0.128380,-0.007209
28.967451,2.792449,2.816082,0.129014,-0.008615
28.971662,2.977060,2.824857,0.134503,-0.008310
28.974472,3.202024,2.825397,0.135161,-0.005335
28.977289,2.806481,2.826834,0.133919,-0.002319
28.979941,3.199332,2.831162,0.136174,-0.002434
28.982473,2.830475,2.831758,0.137154,-0.001426
28.985113,2.829779,2.830887,0.136270,-0.001704
28.987858,3.029646,2.832187,0.141043,-0.006262
28.990705,2.791917,2.828757,0.138416,-0.003322
28.993328,2.984729,2.830120,0.138613,-0.005159
28.996123,2.798749,2.830780,0.133757,-0.000388
28.998655,2.792701,2.831876,0.135008,-0.000534
29.002697,3.163660,2.832186,0.125303,0.009670
29.005255,2.843314,2.833210,0.130991,0.004785
29.009453,2.829333,2.830725,0.131913,0.000000
29.011941,2.983867,2.827250,0.129851,0.000000
29.014526,2.828773,2.826837,0.129437,0.000000
29.017115,2.828751,2.826430,0.128631,0.000000
29.019674,2.984790,2.824889,0.126212,0.001276
29.022278,3.015998,2.824156,0.124597,0.002145
29.026695,3.015008,2.823668,0.122936,0.002168
29.030004,2.842440,2.821353,0.122097,0.002021
29.033155,2.791379,2.820707,0.120526,0.002010
29.035757,2.977095,2.819756,0.121383,0.000972
29.038286,2.843622,2.819682,0.122282,0.000000
29.040858,2.830513,2.818681,0.123081,-0.001746
29.043611,2.799063,2.817781,0.122395,-0.001589
29.049944,2.755485,2.818398,0.119832,0.003175
29.053955,2.784057,2.821145,0.120330,0.003411
29.056528,2.975852,2.821224,0.126475,-0.003821
29.059149,3.023754,2.819664,0.126919,-0.003864
29.064408,3.022550,2.821276,0.126867,-0.002995
29.068594,2.985534,2.823375,0.129630,-0.003090
29.076227,2.979071,2.825158,0.128893,-0.001666
29.079686,3.170875,2.825623,0.132087,-0.003867
29.082431,3.009847,2.824955,0.131539,-0.004162
29.085349,2.799946,2.825049,0.130008,-0.001990
29.087955,3.170640,2.826480,0.130858,-0.001781
29.090637,3.023935,2.826571,0.130982,-0.001810
29.093237,2.834637,2.826685,0.131172,-0.001680
29.098402,2.830707,2.831569,0.122882,0.005235
29.100996,2.829996,2.830295,0.127658,0.004936
29.103588,2.836170,2.826934,0.124367,0.005165
29.106544,2.828776,2.826616,0.129216,0.000000
29.109064,3.201871,2.823862,0.126511,0.000000
29.111675,2.979525,2.823038,0.129185,-0.003548
29.114233,2.980675,2.822735,0.125335,0.000000
29.117574,3.014972,2.823468,0.125802,0.000000
29.120327,2.835954,2.823163,0.125763,0.000000
29.122944,2.835954,2.822561,0.125161,0.005000
29.127269,2.835954,2.824961,0.121675,0.005229
29.129946,2.835954,2.823216,0.123457,0.000000
29.134796,2.978030,2.820757,0.123357,0.000000
29.138264,2.993954,2.820705,0.125572,-0.003547
29.142097,2.986536,2.819318,0.123860,-0.001944
29.144653,3.016347,2.820307,0.124731,-0.002093
29.151845,2.977614,2.819798,0.122398,0.000000
29.155145,2.866163,2.820518,0.123027,0.000000
29.157996,2.976840,2.820862,0.123462,0.000000
29.160563,3.021922,2.820266,0.122866,0.000000
29.163141,3.015795,2.819995,0.122539,-0.000147
29.165690,2.755781,2.819830,0.122439,-0.000013
29.168319,2.791703,2.821152,0.121619,-0.001714
29.173247,2.984727,2.820587,0.123326,0.003390
29.178278,2.836157,2.821501,0.117319,0.006754
29.180962,2.830630,2.822186,0.118025,0.003365
29.183636,2.984126,2.819743,0.117089,0.005252
29.186719,2.838053,2.817307,0.119908,0.000000
29.191061,3.016370,2.817187,0.119674,0.000000
29.197275,2.836234,2.816866,0.119373,0.000000
29.200102,2.836234,2.816686,0.119286,0.005281
29.204099,2.836234,2.818857,0.116123,0.005333
29.206596,2.836234,2.818944,0.112789,0.008799
29.210945,2.986287,2.817007,0.114278,0.005327
29.214648,2.978841,2.816661,0.118121,0.000000
29.217634,2.832109,2.813665,0.116265,0.000000
29.221145,3.053348,2.813641,0.116224,0.000000
29.223720,3.025398,2.813517,0.117885,-0.001717
29.227180,2.838154,2.813098,0.117412,-0.001716
29.230952,3.014948,2.813213,0.117526,0.000000
29.234205,2.986614,2.814083,0.116744,0.000000
29.239674,2.792763,2.814184,0.116785,0.000000
29.242465,3.014559,2.814232,0.116832,0.000000
29.245023,2.837350,2.814286,0.114879,0.000000
29.247954,3.172590,2.817342,0.110877,0.009060
29.250535,2.638360,2.817444,0.113078,0.005473
29.256290,2.946712,2.815731,0.112638,0.005477
29.262047,3.241276,2.815101,0.112222,0.005480
29.265075,2.846419,2.814904,0.111830,0.005481
29.267571,2.988324,2.814713,0.111643,0.005482
29.270110,3.016705,2.814820,0.108415,0.008507
29.272996,3.023516,2.816011,0.106350,0.011972
29.276200,2.837663,2.816617,0.103358,0.015844
29.279342,2.979139,2.816971,0.100948,0.027278
29.285061,3.018080,2.818176,0.085183,0.036330
29.288563,2.836576,2.820497,0.079045,0.054117
29.291061,2.830647,2.819052,0.057162,0.062450
29.293680,2.831914,2.810524,0.047711,0.064672
29.296288,2.985423,2.808808,0.039426,0.062591
29.299246,2.985423,2.792776,0.023797,0.058526
29.302317,2.985423,2.766642,0.016569,0.031257
29.308964,2.985423,2.712979,0.011167,-0.000549
29.311663,2.985423,2.696249,0.011441,-0.036965
29.315729,2.985423,2.677451,0.013212,-0.035917
29.318949,2.985423,2.681047,0.012556,-0.011698
29.323462,2.985423,2.697114,0.011157,0.004364
29.325956,2.985423,2.713784,0.014469,-0.007280
29.330982,2.985423,2.698474,0.022422,-0.023469
29.335732,3.016124,2.702675,0.020641,-0.015503
29.338414,3.016124,2.704929,0.021392,-0.013979
29.340949,3.016124,2.707562,0.020513,-0.005580
29.343620,2.836185,2.709212,0.018262,-0.004547
29.346694,2.836185,2.712993,0.015900,0.003195
29.349256,2.986277,2.714217,0.014776,0.002884
29.356376,2.643894,2.714210,0.016213,-0.003087
29.359295,2.791942,2.710856,0.016198,-0.003180
29.361953,2.947513,2.710014,0.016445,-0.003844
29.364611,2.834669,2.708613,0.016223,-0.003417
29.368796,2.579048,2.709133,0.013548,-0.000721
29.371368,2.782714,2.709179,0.012980,-0.000476
29.376095,2.790187,2.708715,0.009006,0.002481
29.386301,2.643327,2.708498,0.008204,0.003107
29.388960,2.980257,2.709441,0.008103,0.003245
29.393393,2.608392,2.710256,0.010179,-0.000254
29.395987,2.562704,2.706805,0.011306,-0.001917
29.398867,2.746764,2.707799,0.010666,-0.001346
29.401576,2.596233,2.706431,0.011501,-0.001394
29.404179,2.754127,2.707054,0.010208,-0.000619
29.407675,2.640853,2.708415,0.011651,-0.000639
29.410716,2.613588,2.707046,0.010820,-0.000046
29.413324,2.598016,2.707906,0.010120,0.000542
29.415863,2.797565,2.708361,0.010961,0.000000
29.418424,2.823014,2.708111,0.011840,-0.000927
29.421660,2.755866,2.707261,0.012456,-0.002615
29.426953,2.791707,2.707072,0.013279,-0.003638
29.430599,2.791984,2.706756,0.014015,-0.003641
29.433250,3.200659,2.707057,0.011694,-0.001214
29.436264,2.794936,2.708915,0.011651,0.000831
29.439292,2.756405,2.709510,0.011470,0.000564
29.443449,2.980816,2.709173,0.013581,-0.001834
29.452676,2.830765,2.710023,0.015181,-0.003009
29.460165,2.810806,2.709695,0.014913,-0.003969
29.462969,2.793354,2.709947,0.016694,-0.004079
29.465600,2.607311,2.710382,0.017430,-0.003857
29.469958,2.935140,2.711498,0.016390,-0.002302
29.472547,3.008148,2.712393,0.017597,-0.002036
29.475862,2.653190,2.713317,0.016858,-0.000573
29.483471,2.798890,2.713619,0.017464,-0.000774
29.488124,2.793812,2.714089,0.016662,0.000022
29.493320,2.704206,2.714885,0.016147,0.001551
29.495999,2.591241,2.715218,0.016197,0.001612
29.498609,2.824674,2.714548,0.016479,0.003355
29.501196,2.799815,2.715500,0.015506,0.003368
29.505383,2.791929,2.715113,0.015798,0.001837
29.507970,2.979506,2.714140,0.015551,0.000000
29.512138,2.614796,2.713311,0.013539,0.002368
29.514743,2.564720,2.714101,0.014902,0.001580
29.517602,2.934064,2.713408,0.014459,0.001547
29.520297,2.985458,2.713322,0.014372,0.001549
29.522956,3.024762,2.713243,0.014291,0.001552
29.525448,2.951539,2.713170,0.015505,0.000000
29.528409,2.795248,2.712379,0.014979,0.000000
29.531050,2.642914,2.712416,0.015059,0.000000
29.534276,2.948836,2.712509,0.015166,0.000000
29.539137,2.950725,2.712899,0.013927,0.001571
29.542262,2.950725,2.713528,0.013559,0.002565
29.544972,2.950725,2.713790,0.014736,0.002560
29.547467,2.950725,2.713444,0.013767,0.002609
29.550001,2.950725,2.713720,0.013714,0.002602
29.552565,2.950725,2.713604,0.014562,0.001608
29.555230,2.950725,2.713225,0.014239,0.001610
29.561156,2.950725,2.715468,0.014063,0.003701
29.568150,2.950725,2.715216,0.013863,0.003947
29.570782,2.825025,2.714899,0.013600,0.001409
29.575281,2.986125,2.713660,0.014981,0.001411
29.578009,2.986125,2.713933,0.016044,0.000000
29.582722,2.986125,2.714295,0.016895,-0.000479
29.589824,2.986125,2.713280,0.016643,-0.000769
29.594818,2.986125,2.715381,0.018522,-0.000597
29.597434,2.986125,2.715201,0.021252,-0.000296
29.599999,2.986125,2.714003,0.016910,-0.000311
29.602729,2.986125,2.716258,0.019327,-0.001001
29.605293,2.986125,2.715973,0.019576,-0.000532
29.608256,2.986125,2.716529,0.019637,-0.000173
29.611811,2.986125,2.717238,0.019870,0.000304
29.616233,2.986125,2.717757,0.020049,0.001904
29.619060,2.986125,2.718660,0.019252,0.002913
29.621663,2.986125,2.719570,0.020168,0.002655
29.624235,2.986125,2.720056,0.020004,0.002648
29.626974,2.830185,2.719842,0.020766,0.002635
29.631108,2.757815,2.720669,0.021408,0.001667
29.633723,2.786443,2.720463,0.021429,0.001634
29.638199,2.830791,2.720990,0.021953,0.001635
29.640772,2.801430,2.720648,0.022776,0.000078
29.646697,2.606329,2.720896,0.023126,0.000363
29.650323,2.519539,2.721550,0.024365,0.000104
29.653001,2.925028,2.725109,0.022376,-0.000415
29.655771,2.925028,2.722612,0.025354,-0.000148
29.658349,2.925028,2.722163,0.025431,0.000969
29.664204,2.798857,2.724833,0.025391,0.002034
29.666728,2.606652,2.725422,0.025934,0.002065
29.669319,2.606652,2.725721,0.025358,0.003116
29.671975,2.606652,2.726715,0.025793,0.001741
29.675052,2.606652,2.726788,0.025891,0.003406
29.677646,2.606652,2.726702,0.025491,0.004814
29.680173,2.606652,2.728274,0.027325,0.003906
29.683331,2.606652,2.727742,0.026876,0.002186
29.690748,2.792104,2.727986,0.028750,0.003913
29.694991,2.792104,2.733769,0.029776,0.004508
29.697590,2.792104,2.731695,0.030777,0.003827
29.704708,2.792104,2.734342,0.033349,0.001871
29.718428,2.608821,2.733853,0.034278,0.004942
29.721405,2.608821,2.739307,0.029173,0.005758
29.723987,2.608821,2.737125,0.033444,0.005145
29.728246,2.608821,2.739963,0.039088,0.003108
29.730992,2.608821,2.731719,0.031208,0.003309
29.733773,2.608821,2.735369,0.034686,0.001014
29.737094,2.608821,2.735190,0.043039,0.000000
29.740337,2.608821,2.731864,0.034464,0.000000
29.743000,2.608821,2.736543,0.039175,-0.000250
29.746484,2.608821,2.742085,0.044804,-0.000334
29.748956,2.608821,2.734175,0.042023,-0.000223
29.751632,2.608821,2.739030,0.041868,0.001992
29.756784,2.608821,2.743743,0.043240,0.003320
29.759497,2.608821,2.744413,0.038718,0.003802
29.763499,2.608821,2.749581,0.048691,0.003487
29.766295,2.608821,2.740517,0.040008,0.003544
29.768977,2.608821,2.751385,0.050438,0.001263
29.771658,2.608821,2.746859,0.048166,0.001291
29.774232,2.608821,2.742044,0.043431,0.001212
29.776805,2.608821,2.753395,0.052413,0.003218
29.779356,2.608821,2.748164,0.047364,0.003397
29.784385,2.608821,2.748408,0.047845,0.003404
29.788092,2.608821,2.749822,0.050920,-0.000207
29.792063,2.608821,2.754603,0.047892,-0.000017
29.797468,2.608821,2.751136,0.053553,-0.000033
29.800198,2.608821,2.757993,0.060593,-0.000000
29.802766,2.942884,2.752700,0.051089,0.004206
29.808476,2.793629,2.758370,0.058242,0.002678
29.811019,2.795597,2.757354,0.064431,0.002805
29.813696,2.793616,2.760618,0.060494,0.002722
29.816679,2.832768,2.768280,0.070880,0.002300
29.821096,2.804539,2.763338,0.058957,0.003588
29.823846,2.838468,2.766066,0.059685,0.008414
29.828221,2.794420,2.766243,0.059354,0.009478
29.830703,2.795553,2.774428,0.065328,0.009203
29.833784,2.793991,2.768792,0.062852,0.008532
29.836324,2.795598,2.766782,0.059358,0.010011
29.838994,2.979920,2.774697,0.056666,0.008243
29.842354,2.646384,2.768453,0.063030,0.009697
29.847968,2.755174,2.771142,0.065467,0.008261
29.850498,2.785843,2.770970,0.065364,0.008201
29.853362,2.979855,2.771473,0.066358,0.008210
29.856003,2.787711,2.765217,0.060100,0.007704
29.858880,2.793365,2.779486,0.057917,0.011423
29.864825,2.981727,2.772379,0.064854,0.010113
29.870573,2.981727,2.777202,0.067444,0.012021
29.873239,2.981727,2.773098,0.067712,0.008517
29.875794,2.981727,2.770807,0.065649,0.007741
29.878534,2.644985,2.763854,0.058246,0.014706
29.883439,3.026570,2.772798,0.051822,0.016844
29.886886,2.653954,2.757699,0.045949,0.011609
29.892006,2.653954,2.748143,0.037603,0.006525
29.897412,2.788014,2.745797,0.038280,0.002158
29.900306,2.832723,2.737049,0.042910,-0.013433
29.903337,3.017817,2.732728,0.052291,-0.023447
29.907300,2.610985,2.735384,0.061624,-0.024266
29.910426,2.800056,2.740007,0.064409,-0.018912
29.913078,2.982048,2.745064,0.072801,-0.019398
29.915644,2.801522,2.751025,0.079820,-0.021621
29.918197,2.830988,2.759804,0.085294,-0.023111
29.920792,2.570411,2.764480,0.093600,-0.023671
29.923316,2.784672,2.767608,0.094548,-0.019292
29.926106,2.786463,2.776478,0.089473,-0.003348
29.929615,2.756067,2.782465,0.076108,0.010255
29.937289,2.988796,2.781330,0.071895,0.011972
29.940883,2.803328,2.779605,0.069737,0.009344
29.943598,3.019557,2.773657,0.071410,0.004843
29.948449,2.840711,2.773349,0.075238,-0.006825
29.953457,2.795974,2.770066,0.076835,-0.004901
29.960034,2.796295,2.773263,0.079540,-0.004745
29.963262,2.980379,2.775182,0.083258,-0.004794
29.965984,2.980379,2.775186,0.079218,0.000959
29.971718,2.830956,2.777894,0.079578,0.003154
29.975328,2.830956,2.776852,0.077174,0.003284
29.977834,2.830956,2.777989,0.078131,0.002453
29.980406,2.830956,2.777539,0.078534,-0.001231
29.982987,2.830956,2.778247,0.082071,-0.001119
29.985482,2.830956,2.776625,0.081476,-0.001097
29.990737,2.830956,2.782933,0.079189,0.003338
30.002378,2.830956,2.778724,0.083705,-0.002336
30.005313,2.830956,2.777817,0.081834,0.003461
30.009443,2.834678,2.780458,0.080814,0.003519
30.012079,2.654146,2.781804,0.080876,0.003533
30.016139,2.683140,2.781989,0.081048,0.003540
30.019742,2.824851,2.781720,0.084320,0.000000
30.022281,2.838880,2.780840,0.083440,0.000000
30.025368,2.804632,2.781585,0.084185,-0.000870
30.029268,2.876165,2.782521,0.085818,-0.000810
30.031971,2.833844,2.784193,0.083239,0.003553
30.034607,3.020778,2.787015,0.083206,0.008227
30.037139,2.653695,2.788485,0.085390,0.004720
30.039726,2.974244,2.786595,0.086212,0.002979
30.042349,2.802746,2.786602,0.086266,0.002951
30.045408,2.982670,2.787054,0.087138,0.002969
30.050973,2.796649,2.788443,0.091661,-0.000688
30.053727,3.166690,2.787383,0.089982,0.000000
30.056318,2.870138,2.788476,0.091075,0.000000
30.060148,2.797045,2.793113,0.089520,0.006189
30.062672,2.831402,2.793521,0.088537,0.007610
30.065726,2.989480,2.795077,0.087650,0.010020
30.068318,3.021096,2.795808,0.095782,0.000898
30.078842,2.751245,2.793510,0.095126,0.001257
30.081780,2.793261,2.795098,0.095366,0.001374
30.085750,2.834690,2.797074,0.094435,0.005235
30.088379,3.173858,2.798751,0.095686,0.005661
30.090974,2.997130,2.799424,0.096757,0.005689
30.094708,2.835960,2.800162,0.102765,0.000000
30.099770,2.987607,2.799624,0.102224,0.000000
30.102348,3.204880,2.800467,0.103067,0.000000
30.104865,2.998371,2.801326,0.103926,0.000000
30.107438,3.021222,2.802202,0.105695,0.000000
30.109991,3.026193,2.804005,0.106605,0.000000
30.112601,3.034264,2.804923,0.107615,-0.000157
30.115295,2.989851,2.805802,0.109414,0.000001
30.117994,3.019090,2.807748,0.110366,-0.000020
30.120577,3.027018,2.808709,0.111315,0.000003
30.123150,3.065753,2.809677,0.110976,0.007014
30.126975,2.842150,2.815618,0.112510,0.007089
30.129976,2.989550,2.816602,0.112896,0.006303
30.132533,2.840606,2.816669,0.117193,0.002074
30.136818,2.991321,2.816088,0.116639,0.002054
30.139350,3.024997,2.819230,0.121830,-0.000000
30.146404,2.990222,2.820366,0.120452,0.004302
30.150051,3.204074,2.824585,0.122824,0.004367
30.153273,3.176814,2.825833,0.128433,-0.000000
30.156814,3.057926,2.825021,0.127164,0.000590
30.159352,2.990797,2.826677,0.130166,0.000416
30.161989,2.877904,2.828839,0.131042,0.000407
30.167106,2.988431,2.831123,0.132022,0.004961
30.170083,3.018806,2.837717,0.130776,0.014819
30.176988,2.871866,2.842270,0.130041,0.012933
30.179527,2.985435,2.843632,0.134519,0.011530
30.182328,3.027257,2.840742,0.140989,0.002358
30.184979,3.064186,2.839385,0.139625,0.002365
30.187577,3.036782,2.840600,0.142057,0.002372
30.190122,3.215295,2.843089,0.145689,-0.000000
30.192884,3.029991,2.843536,0.146136,-0.000000
30.195467,3.025430,2.846424,0.150493,-0.000000
30.200376,2.842578,2.852486,0.154271,0.000814
30.206353,2.998173,2.853266,0.155072,0.005490
30.208977,2.990487,2.858346,0.156916,0.005605
30.214713,3.044181,2.860949,0.163045,0.000862
30.220153,3.032036,2.861709,0.164309,-0.000000
30.222710,3.029607,2.862442,0.165042,-0.000000
30.225248,2.842721,2.864053,0.163921,0.008088
30.227833,2.842721,2.872633,0.166987,0.008241
30.230788,3.025014,2.872532,0.167450,0.007708
30.233333,3.215410,2.874211,0.170423,0.007723
30.237360,2.872705,2.876028,0.175225,0.003839
30.240807,3.027750,2.888792,0.188538,0.003656
30.243330,3.026827,2.868566,0.178437,0.004598
30.245989,3.213143,2.881291,0.174329,0.009554
30.248625,3.071118,2.883800,0.179528,0.006185
30.251381,3.019801,2.884269,0.193210,0.006389
30.254100,2.834578,2.889851,0.186190,0.006107
30.257424,3.024949,2.893614,0.196214,-0.000000
30.263258,2.795260,2.884392,0.197854,-0.000000
30.267488,3.092130,2.895368,0.199872,-0.000000
30.270057,3.039546,2.899193,0.201793,-0.000000
30.272633,3.029029,2.914156,0.216756,0.005164
30.279181,2.814249,2.899011,0.211237,0.004567
30.281699,2.986050,2.925210,0.216783,0.011019
30.284307,3.020410,2.906924,0.211641,0.010869
30.287758,3.028864,2.916844,0.207790,0.011642
30.290303,2.989635,2.932873,0.227398,0.008030
30.292979,3.065882,2.914004,0.208724,0.011673
30.299750,3.216748,2.931198,0.226552,0.007242
30.302984,3.210566,2.921253,0.228687,0.005725
30.307653,3.185235,2.924251,0.221345,0.005505
30.310269,3.253847,2.949987,0.249246,0.003339
30.312814,3.076314,2.926351,0.225785,0.005215
30.315395,3.029378,2.953713,0.242543,0.005097
30.317972,3.029015,2.949494,0.246926,0.014738
30.323994,3.070522,2.956032,0.246639,0.011986
30.330474,2.879270,2.945624,0.243129,0.011566
30.333100,2.812654,2.974149,0.253005,0.012190
30.335737,3.359731,2.963268,0.258514,0.007321
30.338400,3.254795,2.963128,0.257503,0.018982
30.341367,3.217414,2.965629,0.245882,0.024768
30.344500,3.065624,2.967886,0.242194,0.021962
30.347077,3.073581,2.965512,0.239386,0.019470
30.349654,3.037916,2.953212,0.238533,0.016696
30.352644,3.217183,2.949370,0.237428,0.008963
30.355196,3.260207,2.943240,0.246442,-0.009311
30.357792,3.261641,2.927660,0.255183,-0.048254
30.361342,3.037889,2.921967,0.283964,-0.059411
30.363979,3.217178,2.930383,0.288319,-0.056892
30.366524,3.066636,2.943956,0.295175,-0.037584
30.369406,2.918665,2.958473,0.296588,-0.019431
30.371994,3.006933,2.989350,0.294988,-0.003154
30.374645,3.024586,2.994691,0.290432,0.017646
30.377183,3.215223,2.997268,0.259678,0.034447
30.383215,3.215223,2.993927,0.262643,0.015340
30.387359,3.215223,2.970912,0.256613,0.007804
30.391208,3.215223,2.960070,0.269702,-0.005409
30.397792,3.215223,2.976931,0.262399,0.022911
30.402223,3.215223,2.991732,0.235577,0.042616
30.411223,3.215223,2.960186,0.229661,0.043461
30.413751,3.215223,2.946750,0.222565,0.024791
30.416430,3.215223,2.934655,0.222698,-0.003269
30.419049,3.215223,2.920067,0.223204,0.000565
30.421644,3.215223,2.923330,0.224349,0.003368
30.424303,3.215223,2.921602,0.223232,-0.015515
30.427679,3.215223,2.929791,0.236232,-0.005123
30.430644,3.215223,2.924035,0.228984,-0.003059
30.433330,3.215223,2.924492,0.224837,-0.015979
30.435917,3.215223,2.918119,0.238735,-0.019155
30.438541,3.215223,2.883298,0.230930,-0.089089
30.441418,3.215223,2.872074,0.267287,-0.129270
30.446779,2.844015,2.852911,0.250807,-0.014383
30.450982,3.000518,2.921816,0.215440,0.024230
30.453635,3.212021,2.937701,0.197366,0.058698
30.457728,3.071949,2.947795,0.188429,0.070189
30.461387,3.066349,2.941708,0.174629,0.069279
30.465393,3.261239,2.927368,0.153705,0.074757
30.470422,3.073666,2.926761,0.143587,0.101577
30.473361,3.068067,2.917539,0.129297,0.089905
30.476298,3.109248,2.926924,0.147027,0.064198
30.478989,3.037008,2.894772,0.133244,0.063187
30.484633,3.026941,2.889616,0.121742,0.066063
30.487922,3.028588,2.886479,0.108649,0.078494
30.491097,2.842167,2.891330,0.092498,0.096363
30.493920,2.989553,2.871433,0.058897,0.112865
30.498627,3.037180,2.854797,0.051731,0.089389
30.502245,3.030636,2.823874,0.044351,0.079077
30.504901,3.029274,2.810779,0.044427,0.079852
30.509166,3.177738,2.809613,0.026600,0.074627
30.513799,3.027553,2.792562,0.027766,0.066434
30.516445,2.991708,2.782204,0.020706,0.045155
30.521066,3.027449,2.760910,0.019331,0.042784
30.523674,2.806268,2.756124,0.021009,0.036977
30.526483,2.983522,2.745353,0.022895,0.027140
30.529792,2.834780,2.746192,0.025409,0.023217
30.532784,2.797551,2.740471,0.027469,0.013181
30.535345,2.758782,2.738262,0.019730,0.021000
30.540328,2.974956,2.739864,0.019610,0.022706
30.542887,2.974956,2.739371,0.019331,0.022567
30.545494,3.018191,2.737780,0.015279,0.023757
30.548044,2.841398,2.734276,0.011927,0.024677
30.550657,2.841398,2.735963,0.011694,0.022649
30.555438,2.984216,2.735124,0.013290,0.024135
30.558374,2.834603,2.731687,0.013815,0.015533
30.561040,2.982056,2.730404,0.020432,0.007476
30.564413,2.834171,2.727372,0.029483,-0.000986
30.567031,2.797719,2.718284,0.026725,-0.002569
30.570856,3.020789,2.721531,0.027294,-0.003238
30.573633,2.984429,2.722810,0.025030,0.002578
30.578519,2.842243,2.726832,0.023853,0.007095
30.586011,2.795943,2.730739,0.031951,-0.002580
30.591040,2.795998,2.730215,0.030169,-0.002179
30.593684,2.796000,2.725399,0.036951,0.000716
30.596418,2.983440,2.731860,0.035858,0.000000
30.599443,2.579466,2.733677,0.036283,0.001987
30.601989,2.566293,2.737727,0.038944,0.003390
30.606417,2.786812,2.739450,0.037468,0.004163
30.609012,2.795825,2.741287,0.036157,0.006468
30.612991,2.610089,2.742573,0.039896,0.003326
30.616706,2.752244,2.740729,0.038427,0.004581
30.619305,2.974689,2.747724,0.036234,0.003832
30.622042,2.831738,2.741874,0.039850,0.004592
30.624660,2.983829,2.742499,0.041004,0.002758
30.627341,2.833566,2.743304,0.043672,0.001966
30.630022,2.835951,2.744840,0.041717,0.005714
30.632641,2.804736,2.747126,0.044365,0.007720
30.635322,2.797030,2.748851,0.047569,0.003973
30.640026,2.973070,2.749170,0.047744,0.004021
30.642841,2.803083,2.750491,0.049092,0.004574
30.647251,2.945403,2.751195,0.051272,0.002960
30.650810,2.945403,2.754694,0.055043,0.002245
30.658656,2.945403,2.755701,0.056031,0.002284
30.661423,2.945403,2.756719,0.058040,0.002304
30.663891,2.945403,2.759148,0.064044,0.006942
30.667604,2.945403,2.768396,0.055414,0.004836
30.670929,2.945403,2.771723,0.068946,0.005165
30.673630,2.945403,2.768994,0.066325,0.002591
30.680444,2.992401,2.773828,0.070856,0.005676
30.683011,2.843267,2.776116,0.076192,0.004617
30.689532,2.797215,2.778738,0.077015,0.005620
30.692215,2.796048,2.780369,0.075555,0.007380
30.694758,2.803456,2.782053,0.070063,0.014445
30.698050,2.797020,2.777364,0.062534,0.017261
30.702388,2.759682,2.779785,0.065062,0.016445
30.704994,3.026845,2.784963,0.062686,0.010693
30.709848,2.946534,2.773535,0.065574,0.010430
30.715507,2.945537,2.768855,0.064196,0.006494
30.718323,2.825907,2.767330,0.066731,0.003086
30.720919,2.872716,2.764763,0.064279,-0.003231
30.729230,2.797516,2.762013,0.069369,-0.004916
30.732110,2.982460,2.762924,0.070526,-0.000937
30.735260,2.694253,2.765954,0.070233,0.000388
30.738356,3.021047,2.768664,0.071527,-0.002319
30.742393,2.797851,2.768830,0.076562,-0.006708
30.745154,3.019754,2.769314,0.079681,-0.006024
30.748308,2.803814,2.773669,0.080778,-0.002845
30.751155,3.207513,2.777672,0.079669,0.000586
30.754850,2.843854,2.779106,0.079842,0.002371
30.757427,3.059098,2.782516,0.083095,0.004395
30.760984,2.849580,2.783970,0.081151,0.007262
30.765580,3.207629,2.788121,0.088964,0.002322
30.768265,2.879286,2.796897,0.086995,0.000164
30.774434,3.029050,2.793095,0.096381,-0.000000
30.777991,3.029010,2.794414,0.095867,0.001142
30.780582,2.992761,2.797432,0.099192,0.004013
30.783147,3.022792,2.800897,0.099675,0.006650
30.786044,3.025678,2.799912,0.107649,0.004140
30.792707,3.029376,2.809634,0.108097,0.005757
30.795269,3.029376,2.812510,0.111270,0.005834
30.798024,3.029376,2.815081,0.114499,0.003180
30.800733,3.029376,2.816354,0.115812,0.003097
30.803291,3.029376,2.817304,0.119135,0.003182
30.805825,3.029376,2.821438,0.120859,0.003173
30.809195,3.029376,2.822155,0.123657,0.001833
30.814543,3.029376,2.829285,0.126093,0.008457
30.817410,3.029376,2.832441,0.128091,0.009741
30.820090,3.029376,2.837401,0.130247,0.009744
30.822656,3.029376,2.839299,0.130873,0.013459
30.825198,3.029376,2.842191,0.130317,0.012643
30.829447,3.029376,2.845529,0.134856,0.012568
30.831986,3.029376,2.848002,0.137456,0.014464
30.836050,3.029376,2.850693,0.138796,0.014483
30.838889,2.843635,2.854273,0.140670,0.015284
30.843040,2.843635,2.854847,0.145643,0.013334
30.846267,2.843635,2.854576,0.151125,0.006048
30.848992,2.843635,2.854431,0.150980,0.006081
30.851510,2.843635,2.856288,0.166283,0.006332
30.854068,2.843635,2.852189,0.148787,0.005999
30.856680,2.843635,2.875534,0.170483,0.008246
30.859290,2.843635,2.855567,0.176514,0.007821
30.862010,2.843635,2.871223,0.172322,0.001495
30.864888,2.843635,2.875179,0.175204,0.002760
30.867684,2.843635,2.879855,0.180854,0.001596
30.870843,2.843635,2.883704,0.184508,0.003289
30.873673,2.843635,2.889836,0.181718,0.010710
30.876331,2.843635,2.895865,0.186863,0.016340
30.879873,2.798097,2.900139,0.188274,0.014453
30.882786,2.796084,2.903795,0.197770,0.008619
30.886518,2.983457,2.905153,0.199127,0.006139
30.892820,2.988084,2.909508,0.205666,0.007420
30.895763,2.842314,2.916602,0.201365,0.017790
30.900280,2.805263,2.918467,0.202143,0.019374
30.902986,2.797331,2.914512,0.200164,0.023495
30.907051,3.206133,2.916141,0.191888,0.021025
30.912297,2.812405,2.906127,0.192107,0.017822
30.915468,2.983248,2.903495,0.184863,0.020731
30.918559,3.020890,2.903422,0.187087,0.014659
30.921415,2.991588,2.898996,0.188844,0.005538
30.924017,3.022558,2.886326,0.194921,-0.006814
30.926813,3.215142,2.883492,0.202911,-0.014620
30.931000,3.036446,2.887958,0.229062,-0.034685
30.936765,3.067421,2.898624,0.239315,-0.040165
30.939385,3.224205,2.907857,0.242188,-0.021304
30.942001,3.069081,2.932757,0.247156,-0.012119
30.944813,3.030811,2.943099,0.251284,-0.000781
30.947368,3.104673,2.948398,0.254211,0.003388
30.950015,3.066885,2.958492,0.253061,0.012463
30.960502,3.254244,2.952452,0.239170,0.015916
30.963054,3.261914,2.950092,0.233094,0.015170
30.965747,3.069408,2.941147,0.231067,0.010979
30.969804,3.029323,2.938521,0.230142,0.010648
30.973241,3.252946,2.938389,0.227798,0.012888
30.976744,3.254737,2.951314,0.224039,0.032272
30.981479,3.254751,2.950953,0.220511,0.033272
30.984207,3.254751,2.950004,0.217667,0.034614
30.986717,3.254751,2.950202,0.219168,0.030453
30.989497,3.254751,2.947069,0.216004,0.029210
30.995103,3.254486,2.935497,0.204029,0.024485
30.997707,3.260497,2.928334,0.198540,0.039590
31.004244,3.248196,2.931538,0.188902,0.043879
31.006878,3.225496,2.913985,0.182192,0.041499
31.009558,3.068299,2.922100,0.173206,0.057040
31.012477,3.223260,2.935695,0.166630,0.072358
31.017184,3.247898,2.903409,0.159838,0.043799
31.020584,3.261436,2.782017,0.168479,-0.069518
31.027445,3.029588,2.789880,0.139094,-0.052193
31.030485,3.029023,2.822291,0.075553,0.093512
31.038069,2.991954,2.823811,0.060752,0.045178
31.041412,3.021591,2.809184,0.060556,0.045242
31.044036,3.021591,2.800438,0.058342,0.042060
31.046581,3.021591,2.776882,0.070550,0.004162
31.051004,3.021591,2.776502,0.073454,0.012029
31.053669,3.021591,2.787232,0.063522,0.025670
31.056313,3.021591,2.786118,0.052045,0.029768
31.058998,3.021591,2.758187,0.051366,0.007764
31.062832,3.021591,2.753624,0.047943,0.008353
31.065736,3.021591,2.750111,0.044976,0.006060
31.068334,3.021591,2.751753,0.036605,0.029689
31.073101,3.021591,2.754888,0.022311,0.023863
31.076079,3.021591,2.732431,0.016320,0.018913
31.080398,3.021591,2.735029,0.019631,0.007790
31.083005,3.021591,2.727859,0.026249,-0.000134
31.087521,3.021591,2.723064,0.023606,0.000977
31.090063,3.021591,2.721735,0.027313,-0.003044
31.092647,3.021591,2.724517,0.013178,0.013837
31.101764,3.021591,2.721817,0.009431,0.014841
31.104397,3.021591,2.721234,0.010532,0.010622
31.107280,3.021591,2.718364,0.014393,0.003204
31.110191,2.841118,2.709630,0.012328,-0.010913
31.113003,2.835085,2.707207,0.014249,-0.006585
31.115578,2.836011,2.705175,0.016425,-0.005669
31.120915,2.603081,2.710957,0.014488,0.001263
31.124250,2.608975,2.716077,0.013104,0.005475
31.126901,2.527719,2.719094,0.013683,0.007556
31.129495,2.934565,2.723100,0.016399,0.006260
31.132064,2.611819,2.720417,0.017545,0.005441
31.134626,2.789785,2.719059,0.022244,-0.001850
31.137167,2.610622,2.718111,0.022118,-0.000315
31.145878,2.728203,2.726366,0.026356,0.004145
31.150382,2.943624,2.729744,0.030664,0.002682
31.153637,2.989345,2.729109,0.028415,0.003288
31.156790,2.803926,2.741135,0.039756,0.000914
31.159375,2.798545,2.737302,0.042425,-0.000000
31.162004,2.798545,2.741313,0.043913,-0.000000
31.164927,2.798545,2.737976,0.040576,0.004897
31.170831,2.604745,2.754815,0.048793,0.009282
31.173659,2.982141,2.759842,0.051407,0.011020
31.176237,2.804982,2.761758,0.056341,0.008089
31.179127,2.796302,2.763157,0.060575,0.007752
31.181682,2.789734,2.767936,0.062183,0.008343
31.184828,2.759957,2.769352,0.070067,0.006784
31.190158,2.759957,2.777088,0.072397,0.004749
31.193002,2.759957,2.779802,0.077630,0.004825
31.195468,2.759957,2.787541,0.084715,0.008701
31.201578,2.759957,2.791945,0.088028,0.008909
31.205799,2.759957,2.801900,0.092410,0.012005
31.208415,2.759957,2.806000,0.094607,0.012007
31.212751,2.759957,2.812060,0.107518,0.008725
31.216755,2.759957,2.820204,0.114657,0.002447
31.221746,2.759957,2.822906,0.121495,0.004006
31.224335,2.759957,2.828424,0.122620,0.015512
31.227038,2.981998,2.832094,0.124936,0.016657
31.231269,2.766336,2.835991,0.123097,0.018144
31.233907,2.979587,2.840832,0.125139,0.018222
31.236511,3.171619,2.837848,0.104094,0.029464
31.242364,2.872084,2.829531,0.100118,0.031581
31.244866,2.802115,2.822488,0.100673,0.009912
31.247475,2.802115,2.810806,0.104376,-0.000948
31.250037,2.798183,2.788305,0.098368,-0.008647
31.252701,2.983719,2.775663,0.102468,-0.035050
31.255305,2.834504,2.771593,0.117292,-0.047034
31.257915,2.834504,2.769843,0.125294,-0.054968
31.260494,2.618181,2.774499,0.137083,-0.068405
31.263018,2.618181,2.782639,0.160780,-0.064532
31.265692,2.618181,2.809951,0.177434,-0.050527
31.270466,2.618181,2.833655,0.190084,-0.037113
31.273076,2.618181,2.861630,0.185520,-0.020137
31.277282,2.618181,2.871385,0.185640,-0.004392
31.282009,2.976519,2.881967,0.153714,0.030613
31.291424,3.021786,2.867511,0.141735,0.028017
31.294327,3.021786,2.855329,0.132670,0.016914
31.297683,3.021786,2.828730,0.135959,0.003246
31.307046,3.029960,2.833923,0.133653,0.007098
31.309672,3.029960,2.840673,0.138492,0.004775
31.312328,3.029960,2.852061,0.145268,0.008416
31.315301,3.030232,2.847908,0.134556,0.010989
31.318242,3.030232,2.862097,0.151535,0.004978
31.322870,2.834869,2.854568,0.152520,-0.001568
31.326725,2.887551,2.855596,0.164436,-0.001318
31.332405,3.171758,2.864317,0.164938,0.003769
31.334999,2.800273,2.868687,0.158155,0.017964
31.339140,3.216911,2.886878,0.171299,0.019662
31.346536,3.030400,2.890456,0.173968,0.020650
31.349094,2.696845,2.892300,0.180213,0.014836
31.351730,2.848493,2.893067,0.181338,0.017704
31.355630,3.067305,2.899355,0.189445,0.012482
31.358281,3.032196,2.887939,0.180196,0.010312
31.360861,3.032395,2.909981,0.200371,0.011262
31.363475,3.215744,2.902646,0.200617,0.008064
31.366004,3.218222,2.910582,0.209627,0.003553
31.368635,3.046722,2.913491,0.205956,0.016163
31.371749,3.030957,2.922648,0.208976,0.016264
31.374335,3.030957,2.925828,0.220549,0.017978
31.381265,2.660385,2.940155,0.224632,0.018115
31.384376,3.015296,2.940797,0.234441,0.010452
31.387254,3.067559,2.940987,0.250265,0.011872
31.389856,2.843910,2.939898,0.231093,0.011395
31.392433,3.225672,2.969365,0.262426,0.009499
31.397375,3.038237,2.962870,0.259097,0.015268
31.406266,3.074833,2.997703,0.277916,0.025300
31.412364,3.226050,3.005352,0.282367,0.025562
31.414907,3.038130,3.009332,0.284795,0.033305
31.421183,3.330408,3.019776,0.293510,0.026293
31.424658,3.070080,3.015219,0.277257,0.044586
31.427821,3.224558,3.022480,0.271799,0.045634
31.431668,3.218583,3.011750,0.274320,0.026262
31.435326,3.070657,3.003188,0.286275,0.007910
31.438195,2.881397,2.976249,0.301736,-0.053007
31.441018,3.178293,2.962615,0.315731,-0.046458
31.443668,3.259996,2.980308,0.334649,-0.041018
31.448508,3.111398,3.026552,0.337272,0.007666
31.453198,3.068002,3.038298,0.328217,0.019468
31.457492,3.255584,3.049690,0.318722,0.035345
31.460148,3.261837,3.049748,0.317938,0.034030
31.464686,3.263388,3.050208,0.314039,0.037578
31.468647,3.449878,3.051086,0.326727,0.029918
31.472887,3.267132,3.063729,0.310821,0.073521
31.477015,3.039773,3.099517,0.261392,0.152686
31.479866,3.032195,3.121451,0.244773,0.185973
31.483022,3.291448,3.110860,0.207001,0.179645
31.486033,3.455490,3.042487,0.182513,0.103379
31.491606,3.264713,2.971656,0.163317,0.073065
31.494177,3.262542,2.932121,0.155677,0.081235
31.500263,3.031118,2.927888,0.145920,0.045413
31.503130,2.918179,2.864134,0.134144,-0.047225
31.509444,2.852794,2.812011,0.154989,-0.031722
31.515407,3.217059,2.802661,0.095634,0.042493
31.518069,2.999434,2.866841,0.070148,0.097539
31.522875,3.041281,2.858901,0.056299,0.110603
31.529069,2.812445,2.839763,0.050277,0.011332
31.535518,2.812445,2.734516,0.058689,-0.030991
31.541772,3.025783,2.722059,0.049114,-0.000394
31.545510,2.758778,2.732087,0.022114,0.023648
31.548082,2.796893,2.744711,0.021285,0.024672
31.550695,2.799108,2.729565,0.020001,0.029428
31.553701,2.797215,2.725078,0.017444,0.008793
31.556232,2.991223,2.723935,0.024093,-0.002492
31.561735,2.612044,2.720294,0.029554,-0.007530
31.564306,2.795796,2.720687,0.035913,-0.015437
31.567020,2.797573,2.721396,0.041295,-0.020177
31.570737,2.797203,2.714873,0.045591,-0.033855
31.574484,2.871242,2.714898,0.039284,-0.013927
31.577703,2.762845,2.730558,0.034984,0.007112
31.581463,2.796925,2.740333,0.030418,0.008699
31.588664,2.759902,2.732452,0.031260,0.003583
31.592821,2.795708,2.738689,0.040385,-0.009224
31.595394,2.610422,2.735715,0.046359,-0.007275
31.599452,2.573364,2.733120,0.042096,-0.002010
31.602021,2.573364,2.741290,0.044884,0.002221
31.609224,2.752433,2.752567,0.047617,0.005276
31.611869,2.870001,2.751751,0.050026,0.004305
31.614423,2.870001,2.752369,0.052537,0.003982
31.617026,2.870001,2.754510,0.056670,0.000425
31.620733,2.811760,2.756063,0.054448,0.006954
31.623638,2.984262,2.763453,0.063899,0.002139
31.626756,2.994716,2.769535,0.068548,0.007412
31.635113,2.803197,2.782216,0.078836,0.007349
31.637832,2.982880,2.784433,0.081068,0.005961
31.640484,2.834336,2.784713,0.083569,0.002161
31.643082,2.834336,2.786273,0.087147,0.006345
31.647828,2.834336,2.797241,0.094563,0.005264
31.650420,2.834336,2.799656,0.097326,0.009407
31.654411,2.806547,2.811494,0.108840,0.009216
31.661413,3.031814,2.814840,0.114115,0.005496
31.664072,2.844248,2.819505,0.115456,0.006643
31.666671,2.836378,2.824418,0.119087,0.008036
31.669327,2.991453,2.827650,0.127816,0.005735
31.672023,2.995157,2.833848,0.129065,0.007378
31.674648,2.805118,2.849514,0.144225,0.008617
31.677257,2.760221,2.835863,0.143164,0.009238
31.679870,2.603324,2.852088,0.145383,0.009297
31.682371,2.758425,2.856213,0.150463,0.009850
31.685020,2.760273,2.872923,0.168088,0.005229
31.689607,2.944907,2.856813,0.164126,0.009603
31.692510,3.013222,2.888097,0.171904,0.020249
31.695589,3.032113,2.890784,0.166142,0.017245
31.700563,2.806597,2.904990,0.187733,0.025306
31.703817,2.835288,2.901505,0.176751,0.027265
31.706410,2.803858,2.900656,0.154802,0.031211
31.713889,3.020987,2.870529,0.150560,0.027494
31.718121,3.020987,2.870521,0.149084,0.006316
31.724150,3.020987,2.852906,0.157465,-0.001796
31.730030,3.020987,2.861961,0.169798,-0.005864
31.734585,3.020987,2.867628,0.181334,-0.007498
31.738030,3.020987,2.877886,0.186565,-0.006701
31.741232,3.020987,2.874755,0.189755,0.000077
31.746406,3.216408,2.901865,0.225813,-0.009872
31.751644,3.252727,2.911896,0.229018,-0.014719
31.754752,3.116349,2.908172,0.223165,-0.008845
31.757326,3.116349,2.916495,0.224304,0.007348
31.761119,3.035822,2.926027,0.221696,0.011680
31.763676,3.405881,2.941638,0.209067,0.024209
31.767800,3.217356,2.940586,0.219307,0.023822
31.770415,3.074038,2.931282,0.221276,0.012556
31.774733,3.265068,2.937348,0.235953,0.007299
31.777294,3.219074,2.942341,0.235931,0.007149
31.781829,3.221766,2.948339,0.236631,0.021360
31.785024,3.270974,2.955358,0.236614,0.026750
31.787777,3.076999,2.965341,0.246219,0.025799
31.794278,3.225507,2.984432,0.234997,0.062374
31.799778,3.038131,2.997500,0.225384,0.086391
31.803394,3.306833,3.002220,0.214517,0.091486
31.807651,3.491794,2.979614,0.201771,0.078696
31.810363,3.311319,2.929562,0.195855,0.033333
31.818366,3.235976,2.925790,0.204412,-0.005608
31.821353,3.301599,2.865270,0.209832,-0.045434
31.824231,3.084560,2.838250,0.204686,-0.067403
31.826832,3.219367,2.878932,0.210213,-0.004430
31.830320,2.880673,2.905281,0.214490,0.008605
31.833128,3.210795,2.936407,0.217215,0.013487
31.838816,3.032578,2.920607,0.203954,0.020799
31.847065,2.985855,2.940659,0.198622,0.060288
31.851054,3.179513,2.947214,0.188782,0.078920
31.853705,3.260493,2.956826,0.168797,0.090033
31.856306,3.228644,2.958521,0.157528,0.105248
31.859061,3.226746,2.933883,0.126509,0.108014
31.864899,3.226746,2.933995,0.128668,0.093433
31.867469,3.226746,2.919902,0.138671,0.078643
31.870155,2.883109,2.916601,0.149218,0.069067
31.872804,2.883109,2.885917,0.131459,0.052353
31.875385,2.883109,2.892677,0.145414,0.047514
31.878082,2.883109,2.886485,0.145040,0.043685
31.880779,2.839852,2.885149,0.138564,0.052488
31.883307,3.057573,2.888594,0.143547,0.047457
31.886649,3.069977,2.885493,0.148051,0.035960
31.889291,3.000781,2.880757,0.138095,0.042763
31.891823,2.844166,2.879766,0.139858,0.039959
31.894966,3.027771,2.875997,0.124086,0.042301
31.900096,3.030386,2.860404,0.117224,0.044838
31.902744,2.993472,2.843674,0.099641,0.026499
31.907674,3.218647,2.825185,0.100629,0.044702
31.913893,2.838789,2.844682,0.106716,0.032081
31.922029,2.806912,2.831288,0.096723,0.044752
31.925059,2.762212,2.833555,0.082746,0.051733
31.927666,2.790203,2.827348,0.069440,0.064072
31.932905,3.013947,2.816080,0.047132,0.056219
31.936807,2.808174,2.759501,0.025119,0.017830
31.939332,2.799395,2.744236,0.025598,0.000090
31.943090,2.799598,2.731427,0.030645,-0.009186
31.946095,2.799523,2.717668,0.034885,-0.069046
31.949596,2.576713,2.611276,0.074757,-0.271667
31.954903,2.762197,2.537064,0.111723,-0.185443
31.957493,2.993406,2.603304,0.053830,-0.060345
31.961528,2.835238,2.751630,0.044373,0.009798
31.964713,2.424928,2.753863,0.042789,-0.011543
31.969105,2.634885,2.741683,0.071640,-0.042503
31.971866,2.634885,2.712627,0.078670,-0.075968
31.975792,2.634885,2.714023,0.086007,-0.070634
31.978386,2.790708,2.719538,0.095048,-0.069233
31.981036,2.791993,2.735191,0.080121,-0.034833
31.983705,2.983472,2.779160,0.086497,-0.004775
31.987284,2.976534,2.780452,0.079316,0.004604
31.989817,2.803797,2.779719,0.084309,-0.002581
31.992526,2.984194,2.783614,0.084830,-0.001060
31.995202,2.995099,2.788900,0.092670,-0.001765
31.998488,3.017596,2.794056,0.094083,0.003295
32.001800,3.029168,2.807509,0.103381,0.006561
32.004419,3.030074,2.811139,0.103472,0.008165
32.007206,2.799447,2.815513,0.115340,0.004002
32.009740,2.976309,2.816844,0.120662,-0.001249
32.012357,2.844412,2.818453,0.119580,0.003238
32.014942,2.799574,2.835507,0.127550,0.010540
32.020797,2.801460,2.839826,0.133938,0.004166
32.024819,2.798699,2.852860,0.141791,0.009727
32.029742,2.839543,2.874776,0.160984,0.011048
32.033775,2.805669,2.877572,0.169180,0.012336
32.037513,2.797539,2.871202,0.178134,0.008706
32.040760,2.799133,2.885633,0.182151,0.006187
32.043562,2.797587,2.906002,0.200098,0.015766
32.048301,2.611120,2.924442,0.204269,0.015950
32.056470,3.033630,2.934125,0.212155,0.029867
32.063337,3.246694,2.929212,0.168492,0.036302
32.068616,3.031062,2.903146,0.163996,0.041493
32.071201,3.219172,2.893428,0.135469,0.042873
32.073895,3.068075,2.859883,0.125020,0.035577
32.076580,3.068075,2.835052,0.124694,-0.005751
32.079053,3.068075,2.820683,0.124105,-0.006784
32.081673,3.068075,2.816521,0.144517,-0.030238
32.085681,3.068075,2.818790,0.155193,-0.026569
32.089792,3.068075,2.832572,0.176894,-0.042720
32.092480,3.068075,2.848230,0.189983,-0.045606
32.097037,3.068075,2.859195,0.218921,-0.046751
32.102029,3.031811,2.905907,0.237617,-0.029261
32.108901,2.843832,2.913551,0.222517,0.012540
32.111823,2.843832,2.924677,0.208473,0.018736
32.115674,2.843832,2.925269,0.204265,0.023481
32.121468,2.806527,2.913602,0.206144,0.010019
32.124777,2.806527,2.911344,0.209191,0.004748
32.130785,2.806527,2.911900,0.212981,0.000772
32.133669,2.806527,2.913543,0.214445,0.001681
32.136207,2.806527,2.920416,0.217848,0.004350
32.139030,2.806527,2.922740,0.222528,0.007085
32.142108,2.806527,2.929795,0.231798,0.000524
32.147310,2.806527,2.934047,0.235363,0.012247
32.151470,2.806527,2.940362,0.238679,0.007440
32.154469,2.806527,2.943182,0.237113,0.011453
32.159072,2.806527,2.949083,0.241766,0.010828
32.161704,2.806527,2.951708,0.241346,0.016096
32.166103,2.806527,2.958683,0.244837,0.016439
32.168774,2.806527,2.963305,0.252121,0.013762
32.172699,2.806527,2.963579,0.253444,0.012720
32.176418,2.806527,2.967934,0.257281,0.015554
32.179214,2.806527,2.973465,0.254891,0.025587
32.181789,2.806527,2.983194,0.258955,0.026823
32.184317,3.293377,2.989130,0.265408,0.029342
32.189685,3.264088,2.994456,0.267583,0.029458
32.192320,3.259165,2.996834,0.269845,0.021446
32.195037,3.263231,2.997355,0.279201,0.022894
32.197655,3.412583,3.003733,0.280444,0.025865
32.200168,3.084967,3.005620,0.286174,0.022148
32.203351,3.085576,3.007922,0.291281,0.022181
32.206072,3.478775,3.013477,0.304919,0.020465
32.213777,3.454246,3.036086,0.302388,0.036250
32.216373,3.236394,3.049460,0.284942,0.106418
32.225061,3.456281,3.084993,0.254876,0.125239
32.229704,3.301976,3.066032,0.246858,0.073031
32.235911,3.412893,3.004113,0.249154,0.053689
32.238435,3.479779,2.997184,0.246361,0.029236
32.242039,3.384327,2.920715,0.250585,-0.113801
32.246159,3.046957,2.855632,0.264010,-0.111452
32.248833,3.217862,2.959808,0.243950,0.069053
32.252769,3.411179,3.014524,0.242233,0.086582
32.255424,3.295196,3.022895,0.233182,0.075326
32.258248,3.271999,2.978741,0.229394,0.051002
32.260850,3.002672,2.966938,0.227215,0.041495
32.264204,3.213494,2.972079,0.209203,0.087230
32.267052,3.263644,2.979479,0.180260,0.106283
32.269731,3.449929,3.009893,0.174605,0.130764
32.273781,3.031071,3.000560,0.166882,0.126094
32.278061,3.226148,2.974691,0.160293,0.115657
32.280666,3.226148,2.984631,0.182327,0.096387
32.284790,3.071549,2.961286,0.175156,0.086558
32.288112,2.809241,2.948324,0.169378,0.081196
32.290868,2.881799,2.919857,0.144807,0.077672
32.293388,3.029528,2.920130,0.117723,0.084387
32.295942,3.030269,2.889158,0.097185,0.092494
32.298674,2.838696,2.883460,0.065052,0.082384
32.304306,3.032769,2.848451,0.061075,0.085042
32.307062,2.814476,2.851022,0.068328,0.074811
32.311401,3.031057,2.846341,0.082920,0.045561
32.315594,2.845758,2.825640,0.097733,0.030190
32.318291,2.799969,2.816253,0.096222,0.014384
32.326332,2.798977,2.797328,0.104042,-0.000074
32.329471,2.991621,2.792918,0.088005,0.000734
32.332026,2.793670,2.784987,0.083118,0.003481
32.334609,2.799747,2.779253,0.087410,-0.015530
32.337541,2.805230,2.764910,0.071208,-0.007229
32.341834,2.800726,2.779540,0.073710,0.033101
32.347798,2.568176,2.787362,0.056749,0.021316
32.354913,2.986457,2.775122,0.056181,0.018099
32.357429,3.021532,2.771182,0.053686,0.016421
32.360303,2.843986,2.763956,0.050716,0.008142
32.363343,2.614735,2.764391,0.064264,0.007947
32.366137,2.762627,2.763990,0.059813,0.006745
32.369074,2.611481,2.766420,0.069639,0.000800
32.371671,2.761976,2.769189,0.074537,-0.002803
32.374203,2.792075,2.770774,0.076349,-0.006432
32.377264,2.798095,2.784685,0.096323,-0.013565
32.379892,2.798095,2.782638,0.100290,-0.014610
32.382404,2.798095,2.795782,0.107902,-0.005738
32.385030,2.798095,2.792416,0.107315,-0.005236
32.387500,2.798095,2.798838,0.106448,0.001535
32.390039,2.798095,2.812553,0.110071,0.005056
32.392734,2.798095,2.814228,0.116617,0.001000
32.397467,2.798095,2.820135,0.124835,-0.000296
32.400356,2.798095,2.834788,0.142744,-0.005385
32.404852,2.798095,2.835996,0.148250,-0.000589
32.409775,2.798095,2.854780,0.160414,-0.003073
32.412402,2.798095,2.859802,0.165819,-0.002747
32.415545,2.798095,2.883695,0.189634,-0.003377
32.418833,2.798095,2.880044,0.191892,-0.003876
32.421693,2.611140,2.892328,0.190492,0.004423
32.424372,3.019980,2.915038,0.206347,0.011277
32.430191,3.039708,2.924333,0.212299,0.019860
32.433850,2.844394,2.938447,0.219526,0.016932
32.437583,2.801392,2.943558,0.234471,0.014318
32.440231,2.801392,2.963190,0.252996,0.012783
32.450760,2.806537,2.958058,0.262918,0.018558
32.456748,2.844449,2.978667,0.262780,0.022560
32.459305,3.181850,2.976785,0.255582,0.029453
32.461884,2.874130,2.978693,0.235930,0.048399
32.466778,2.814506,2.979809,0.220459,0.063981
32.469535,2.814506,2.976487,0.210846,0.058996
32.473808,2.814506,2.959277,0.207669,0.053847
32.476275,2.814506,2.950599,0.198362,0.046729
32.480640,2.814506,2.937200,0.191930,0.049389
32.483251,2.814506,2.924491,0.169074,0.057389
32.486647,2.814506,2.925931,0.156945,0.051721
32.489671,2.814506,2.916092,0.170972,0.047438
32.492260,2.814506,2.925631,0.189751,0.027004
32.495173,2.814506,2.906326,0.186621,0.022244
32.498462,2.814506,2.905080,0.194192,0.012732
32.501041,2.814506,2.901786,0.179115,0.011869
32.503707,2.814506,2.895985,0.192233,0.006173
32.506359,2.814506,2.888104,0.176955,0.018247
32.513649,2.802581,2.916722,0.187665,0.031328
32.516418,2.802581,2.907171,0.174117,0.027708
32.520255,2.802581,2.909428,0.177666,0.034288
32.522880,2.802581,2.922596,0.197243,0.019854
32.525487,2.802581,2.926106,0.200608,0.032426
32.535547,2.802581,2.937189,0.198439,0.047689
32.538147,2.802581,2.950480,0.200062,0.052885
32.540856,2.802581,2.956947,0.203660,0.059142
32.544621,2.802581,2.965093,0.201370,0.059507
32.549205,2.802581,2.965396,0.207642,0.059492
32.552444,2.802581,2.959605,0.207133,0.041881
32.556244,2.802581,2.927015,0.203523,0.009524
32.563240,2.986836,2.918670,0.209079,-0.003168
32.565895,3.021607,2.871253,0.217093,-0.046525
32.568581,3.217281,2.825695,0.229422,-0.171075
32.571433,2.814003,2.768558,0.243600,-0.177446
32.574402,2.989120,2.843591,0.234048,0.003385
32.577197,2.881837,2.927244,0.222185,0.033962
32.582629,3.213497,2.947848,0.229712,-0.000052
32.585163,3.213497,2.897337,0.204561,-0.009757
32.587687,3.213497,2.892085,0.174969,0.025958
32.592754,3.213497,2.908489,0.165700,0.054307
32.595307,3.213497,2.909289,0.128107,0.084862
32.601410,3.213497,2.905937,0.107404,0.069545
32.606683,3.213497,2.848439,0.083721,0.069084
32.610638,3.213497,2.847940,0.074910,0.090545
32.613184,3.213497,2.855243,0.080594,0.076224
32.616495,3.213497,2.846131,0.079038,0.063297
32.619043,3.213497,2.837289,0.075192,0.060057
32.622049,3.000332,2.827549,0.076117,0.053153
32.626235,2.846624,2.814000,0.080806,0.034977
32.628801,2.846624,2.800200,0.083269,-0.006304
32.634522,2.846624,2.797809,0.095402,0.002150
32.637363,2.984536,2.792529,0.101534,-0.002713
32.640055,2.918661,2.792973,0.104645,-0.009106
32.642695,2.802827,2.795311,0.098365,0.009939
32.645340,2.994115,2.792434,0.097535,0.016296
32.647882,2.994020,2.797663,0.083768,0.016417
32.650396,2.621981,2.805975,0.093639,0.010651
32.655200,2.990075,2.803803,0.101015,0.002938
32.662369,2.794444,2.802256,0.101050,0.006661
32.665073,2.799394,2.804648,0.101290,0.007689
32.669056,3.023560,2.807575,0.107452,0.014219
32.671605,3.031032,2.815137,0.101620,0.022777
32.676220,3.032968,2.823102,0.109621,0.007747
32.679307,2.846273,2.811393,0.113860,0.002391
32.681931,2.988107,2.811068,0.115041,-0.004365
32.685531,2.801492,2.818922,0.118598,-0.001300
32.688297,3.031465,2.819174,0.128220,-0.003632
32.691330,2.988095,2.819428,0.123651,0.002955
32.694057,3.031108,2.829784,0.123332,0.009015
32.696643,2.808860,2.837155,0.139080,0.000192
32.701591,2.799970,2.848513,0.165497,-0.012874
32.706628,2.846317,2.852891,0.171364,-0.004943
32.709298,2.801468,2.865466,0.163297,0.004760
32.713273,2.836504,2.872900,0.174562,0.014845
32.717794,3.030639,2.891359,0.193626,0.001011
32.724787,3.032899,2.896127,0.196564,0.000717
32.727863,2.995956,2.905195,0.207084,0.000793
32.731805,2.996100,2.913315,0.216661,-0.000750
32.734402,3.019754,2.933688,0.236213,0.005194
32.736943,3.030271,2.927115,0.224506,0.011801
32.739692,3.032795,2.939201,0.223426,0.018775
32.744925,3.025926,2.947234,0.223500,0.015583
32.747458,3.032621,2.952096,0.235706,0.015817
32.750094,3.217381,2.949923,0.240606,0.011950
32.753714,2.847320,2.955522,0.247679,0.010893
32.757440,2.661000,2.961834,0.252591,0.016776
32.762674,3.071713,2.967740,0.249559,0.020908
32.768699,3.221554,2.977873,0.259107,0.021438
32.771282,2.997081,2.979616,0.269191,0.015662
32.773891,3.032613,2.983119,0.270015,0.015691
32.776458,3.032843,2.983457,0.266964,0.026513
32.780533,3.070225,2.989885,0.266187,0.028720
32.783257,3.034393,2.989702,0.266915,0.026569
32.785777,3.035456,2.990353,0.269436,0.023425
32.790301,2.846771,2.990016,0.270729,0.021811
32.792764,3.027535,2.987231,0.267207,0.025573
32.795359,3.031827,2.989320,0.273775,0.023663
32.798104,3.032685,2.996906,0.275979,0.023500
32.800647,3.070219,3.000878,0.282527,0.024989
32.804060,3.227004,3.006321,0.272490,0.036395
32.806614,3.003720,3.015016,0.279616,0.041812
32.809177,3.027064,3.017125,0.276345,0.053729
32.813908,3.027064,3.026569,0.265798,0.068916
32.817220,3.027064,3.031019,0.261442,0.073680
32.819773,3.031733,3.029657,0.248191,0.083662
32.822300,3.031733,3.033481,0.248398,0.089558
32.824909,3.031733,3.031010,0.243594,0.097286
32.827543,3.031733,3.027989,0.237764,0.094876
32.830271,3.256821,3.022602,0.226493,0.098191
32.832789,3.265825,3.002787,0.253211,0.041393
32.841478,3.040587,2.984068,0.247981,0.035419
32.845718,3.257377,2.967129,0.228577,0.041066
32.850787,2.996215,2.990935,0.251355,0.055479
32.853319,3.218072,2.962773,0.203859,0.080389
32.857238,3.040307,2.961172,0.171175,0.083955
32.863850,3.041861,2.931578,0.150557,0.068368
32.867402,3.219471,2.915321,0.141268,0.051896
32.870057,3.213567,2.878838,0.134203,0.045585
32.872693,3.040127,2.868840,0.131558,0.040662
32.875229,3.182270,2.871819,0.127631,0.045132
32.877818,3.225515,2.868076,0.125774,0.044467
32.880563,2.847801,2.865055,0.126798,0.036221
32.884946,3.256892,2.857409,0.111668,0.038155
32.887696,2.819812,2.845763,0.103952,0.042904
32.890942,3.219216,2.845090,0.103388,0.035839
32.894155,3.364970,2.839065,0.104794,0.036104
32.896782,3.033976,2.835126,0.104397,0.031554
32.899368,3.035023,2.837954,0.113512,0.018255
32.903167,2.801406,2.833142,0.116538,0.014933
32.908700,2.986312,2.828825,0.116549,0.012899
32.911478,2.995199,2.831676,0.126946,0.007320
32.915889,2.838720,2.832897,0.131616,0.004548
32.918919,3.174829,2.837018,0.134664,-0.000209
32.923316,3.040657,2.838978,0.146120,-0.003778
32.925895,3.034451,2.841838,0.148484,-0.003362
32.931410,2.838730,2.850222,0.156130,0.000422
32.934067,2.805506,2.857234,0.160991,-0.001173
32.936618,3.024031,2.868668,0.156502,0.014732
32.942514,2.875680,2.873120,0.162121,0.015818
32.945070,2.875680,2.874867,0.176391,0.014910
32.948372,2.875680,2.869481,0.161865,0.003435
32.950947,2.875680,2.880491,0.201661,-0.005615
32.953715,2.875680,2.888613,0.200553,-0.009354
32.959233,2.875680,2.899782,0.212380,-0.010011
32.962719,2.875680,2.904728,0.221143,-0.006860
32.966195,2.989283,2.919003,0.225240,0.005303
32.970473,2.995886,2.932836,0.231827,0.006545
32.973058,3.228860,2.938078,0.243017,0.007385
32.977179,3.071137,2.958635,0.255661,0.005564
32.980698,2.995406,2.960583,0.257803,-0.005324
32.984880,3.072396,2.961559,0.264159,0.004338
32.987399,3.074336,2.965477,0.271120,0.004508
32.990063,3.265113,2.975053,0.271424,0.006220
32.992624,3.228828,2.983438,0.263409,0.027921
32.995148,3.230813,2.989979,0.270330,0.026065
32.998349,3.227040,2.995778,0.266451,0.034107
33.000893,3.227305,2.998727,0.267187,0.050170
33.003508,3.258421,3.012038,0.260925,0.053916
33.007087,3.078801,3.013361,0.270147,0.046732
33.010854,2.847043,3.012388,0.261771,0.054386
33.014164,3.182369,3.015057,0.263996,0.055089
33.017785,3.076207,3.017799,0.256124,0.068485
33.021392,3.036712,3.019726,0.244952,0.077697
33.024054,3.220302,3.031864,0.228254,0.091114
33.028612,3.258367,3.017738,0.217990,0.090122
33.033243,2.818335,2.999308,0.207133,0.075508
33.035829,2.989987,2.964385,0.203727,0.054687
33.043324,3.033908,2.920316,0.202574,0.017949
33.046308,3.033102,2.904083,0.203932,-0.022777
33.048979,3.070230,2.885074,0.215993,-0.066156
33.051527,3.040338,2.850339,0.228848,-0.150495
33.054274,2.847747,2.733496,0.237560,-0.206692
33.056816,2.847747,2.746069,0.223916,-0.068381
33.059792,2.997950,2.885816,0.213595,0.023175
33.065202,2.997950,2.938127,0.177131,0.071490
33.070441,2.997950,2.946853,0.149376,0.096328
33.074200,2.997950,2.938576,0.144193,0.095597
33.076759,2.997950,2.918198,0.129913,0.074481
33.079389,2.997950,2.888677,0.110024,0.063066
33.082283,3.031502,2.852348,0.103580,0.027325
33.084944,2.660108,2.827702,0.095044,0.012700
33.087535,2.980660,2.809039,0.099691,-0.015471
33.090235,2.838453,2.723493,0.108553,-0.179018
33.092904,2.658151,2.567204,0.149705,-0.288153
33.098405,2.955246,2.632599,0.102873,-0.002151
33.103440,2.800080,2.792315,0.091709,0.015089
33.105949,2.839268,2.808651,0.084141,0.013733
33.110480,2.837661,2.804055,0.094540,-0.024378
33.113237,2.839153,2.763242,0.096120,-0.032276
33.119757,2.986229,2.762860,0.092576,-0.028353
33.122862,2.997746,2.776541,0.096716,-0.013024
33.125417,2.841149,2.781729,0.094141,-0.015935
33.128132,2.994550,2.782593,0.105323,-0.020240
33.130728,2.845350,2.772237,0.101802,-0.024186
33.133407,2.810670,2.773336,0.100933,-0.019834
33.135958,2.990534,2.786252,0.096810,-0.008186
33.138561,2.844565,2.795327,0.086653,0.022125
33.141258,2.810513,2.804488,0.090071,0.016272
33.147565,2.844827,2.803290,0.091345,0.016341
33.150114,2.988049,2.817916,0.105740,0.008778
33.153183,2.876135,2.801116,0.106748,-0.000334
33.156060,2.622881,2.789697,0.114761,-0.014604
33.165718,2.582355,2.811043,0.122857,-0.003776
33.169673,2.994042,2.821554,0.126735,0.002288
33.174076,2.768212,2.830218,0.132031,0.000717
33.176738,2.831547,2.832240,0.139458,-0.004333
33.182224,2.799750,2.841226,0.140857,-0.002176
33.187511,2.838421,2.848641,0.152404,-0.001175
33.190232,2.802291,2.851708,0.152853,0.001450
33.192739,2.800092,2.856928,0.158828,0.001679
33.195842,3.033118,2.862087,0.160913,0.003764
33.198449,2.848182,2.865887,0.163661,0.004018
33.201456,2.986629,2.871873,0.162583,0.010921
33.205384,2.844708,2.877562,0.169853,0.018116
33.213925,3.025554,2.890451,0.176924,0.016114
33.216563,3.214672,2.890974,0.176166,0.018708
33.219628,2.818507,2.895014,0.182162,0.017630
33.224644,2.990021,2.897317,0.182301,0.014609
33.228845,2.988224,2.901212,0.193602,0.013266
33.233775,3.032959,2.905250,0.195068,0.015461
33.237743,3.034992,2.911032,0.198066,0.010993
33.240936,2.624136,2.914764,0.212810,0.005693
33.243614,2.953227,2.919559,0.220773,0.005680
33.250325,2.845623,2.929219,0.232941,-0.000000
33.259192,2.844898,2.945015,0.241419,0.006187
33.263063,2.844898,2.954027,0.252989,0.007199
33.270238,3.181092,2.961772,0.264293,0.008768
33.277534,3.037050,2.973355,0.272419,0.005638
33.280211,3.072789,2.981996,0.282879,0.001807
33.284524,3.072271,2.985863,0.292663,0.004079
33.287727,3.072271,2.997635,0.295919,0.004259
33.291801,3.072271,3.004401,0.305175,0.006432
33.296765,3.072271,3.011571,0.314213,0.011830
33.302984,3.040774,3.023720,0.314482,0.018346
33.305537,3.077846,3.034385,0.318486,0.018489
33.308534,3.489141,3.037279,0.327822,0.011707
33.312092,3.408902,3.052949,0.346227,0.009103
33.315412,2.993195,3.039926,0.339505,0.009204
33.318004,3.003104,3.030967,0.328036,0.005820
33.320894,2.861465,3.063138,0.330998,0.005553
33.324070,3.076859,3.069741,0.366461,0.003515
33.327537,3.072434,3.059358,0.363361,0.003529
33.330074,3.229687,3.068798,0.367837,0.003559
33.332695,3.072257,3.055554,0.354654,0.007073
33.335308,3.073882,3.090911,0.373827,0.009068
33.338070,3.227736,3.087879,0.383391,0.007084
33.340852,3.040693,3.077675,0.373341,0.006930
33.344366,3.034459,3.094681,0.393763,0.015681
33.352584,3.081326,3.123864,0.400328,0.025119
33.357795,3.081326,3.127637,0.406530,0.027816
33.362265,3.224133,3.131531,0.403938,0.032529
33.364916,3.267205,3.135657,0.401153,0.037058
33.368317,3.268480,3.137633,0.403090,0.040741
33.371172,3.042161,3.138238,0.388141,0.061212
33.376194,3.220937,3.146186,0.378771,0.065970
33.379988,3.265172,3.142245,0.382946,0.070664
33.383480,3.042230,3.137134,0.371220,0.073693
33.386056,3.219913,3.140059,0.364686,0.077754
33.388544,3.231158,3.137887,0.356556,0.083526
33.391529,3.266367,3.139223,0.356649,0.083409
33.397223,3.287286,3.137286,0.356369,0.082785
33.399771,3.083777,3.136298,0.353713,0.084961
33.402347,3.074343,3.135456,0.353505,0.095973
33.404971,3.078025,3.109016,0.305790,0.105428
33.408443,3.041925,3.104465,0.311428,0.094588
33.413430,3.079846,3.097504,0.307329,0.079508
33.418212,3.221834,3.083642,0.311360,0.072752
33.421261,3.040041,3.074286,0.301115,0.075501
33.425442,3.408866,3.063200,0.273422,0.083613
33.428060,3.110173,3.050679,0.262135,0.096075
33.431181,3.036407,3.045840,0.241772,0.096964
33.434591,3.033601,3.028057,0.234219,0.084301
33.437891,3.219568,3.008288,0.244845,0.057057
33.441319,2.893423,2.983179,0.239916,0.045741
33.446861,3.449948,2.977603,0.235991,0.055842
33.454481,2.996706,2.965685,0.209891,0.055205
33.457749,3.033948,2.951135,0.197650,0.055145
33.460374,3.035190,2.936491,0.194639,0.037355
33.466550,3.033358,2.936995,0.196589,0.040577
33.469247,3.033358,2.957776,0.227972,0.022897
33.473644,3.033358,2.942235,0.255638,0.006000
33.477313,3.033358,2.944399,0.216956,0.043008
33.483196,3.033358,2.946317,0.187496,0.058304
33.491853,3.033358,2.922215,0.165059,0.059151
33.494666,2.848272,2.917315,0.164994,0.047027
33.497346,3.041385,2.916443,0.183101,0.033608
33.500400,2.996024,2.906347,0.190894,0.004023
33.503208,2.844785,2.912674,0.191313,-0.001331
33.506258,2.995277,2.915798,0.205893,0.008808
33.510062,2.995277,2.920936,0.212588,0.010892
33.512717,3.212015,2.929206,0.210643,0.038086
33.515372,3.042304,2.958668,0.197307,0.070970
33.519328,2.839225,2.964202,0.197178,0.077423
33.522455,3.024301,2.972427,0.194590,0.077751
33.525312,3.229177,2.973113,0.201429,0.068144
33.527835,3.227391,2.955306,0.199448,0.057290
33.530394,2.885592,2.922091,0.203905,0.024610
33.536547,3.227463,2.904211,0.204493,0.003904
33.540502,3.041093,2.825900,0.245065,-0.112593
33.548893,2.803785,2.756671,0.250514,-0.168992
33.551451,2.801687,2.944311,0.255554,-0.025870
33.564073,3.005521,2.911293,0.252021,-0.038946
33.566766,2.772429,2.915933,0.233141,-0.008312
33.569755,2.980806,2.931248,0.209308,0.023912
33.572450,3.024561,2.939218,0.209450,0.062886
33.577178,3.035329,2.943187,0.167566,0.084494
33.580271,3.033386,2.925816,0.132497,0.112037
33.583071,3.184855,2.949097,0.101984,0.095652
33.585742,3.063291,2.888604,0.098951,0.089690
33.588333,3.041058,2.857775,0.086229,0.070911
33.590826,2.988287,2.844566,0.083818,0.043126
33.593759,2.988133,2.802523,0.080920,0.021080
33.596820,2.997678,2.811642,0.085758,-0.119525
33.604479,2.988406,2.627894,0.126282,-0.181404
33.609355,2.997823,2.645535,0.102899,-0.110956
33.612067,2.959273,2.748250,0.104273,-0.055300
33.614692,3.020255,2.756173,0.102097,-0.018157
33.617789,3.020255,2.786132,0.096591,-0.007959
33.620331,3.020255,2.787852,0.093855,-0.000839
33.622934,3.020255,2.790616,0.094016,0.000699
33.625502,3.020255,2.788937,0.090935,0.000330
33.630620,2.808426,2.791627,0.096440,-0.008767
33.633919,2.984308,2.769712,0.095741,-0.055561
33.637414,2.803786,2.747758,0.106545,-0.093103
33.640073,2.613070,2.717240,0.121903,-0.104397
33.642870,2.807577,2.719531,0.107565,-0.077941
33.646084,2.607702,2.745038,0.101220,-0.054821
33.648866,2.621034,2.787861,0.081086,0.004212
33.659630,3.025075,2.773929,0.082367,-0.018080
33.663800,2.810923,2.755665,0.085168,-0.014428
33.670355,2.986791,2.783626,0.084903,-0.002319
33.675121,2.840970,2.776144,0.091570,-0.029657
33.679066,2.803559,2.766008,0.102487,-0.048225
33.683532,2.800142,2.765172,0.105645,-0.029433
33.689527,2.799708,2.780756,0.097729,0.000002
33.693274,2.799708,2.807520,0.097464,0.008206
33.699393,2.799708,2.806262,0.101620,0.006955
33.702688,2.799708,2.807217,0.104815,0.003572
33.705563,2.799708,2.807727,0.108372,0.003561
33.708081,2.799708,2.814413,0.112920,0.004019
33.711224,2.799708,2.814514,0.118430,-0.003239
33.713822,2.799708,2.812166,0.122076,-0.007396
33.716524,2.799708,2.812449,0.123466,-0.004185
33.721580,2.799708,2.829113,0.121631,0.019466
33.727275,2.799708,2.839015,0.118505,0.023022
33.733096,2.799708,2.839892,0.126080,0.009914
33.740524,2.799708,2.840745,0.147542,-0.006663
33.744990,2.988342,2.839533,0.141944,0.003642
33.747687,2.996254,2.838547,0.138275,0.008750
33.751955,3.220938,2.851225,0.144947,0.008846
33.754554,2.885788,2.855551,0.148070,0.006394
33.761300,2.839614,2.854915,0.164193,0.007080
33.764075,2.809523,2.850433,0.150495,0.002534
33.766618,2.809523,2.859426,0.162208,0.002884
33.769354,2.802301,2.871102,0.154031,0.003871
33.771988,2.802060,2.878985,0.178693,0.002889
33.774631,2.802012,2.858757,0.159781,0.005713
33.777238,3.026160,2.874001,0.169248,0.007346
33.780568,3.033632,2.876622,0.170281,0.008533
33.784697,2.998125,2.879196,0.191244,-0.007760
33.790892,2.997758,2.880254,0.190611,-0.007803
33.793507,2.772646,2.887137,0.200890,-0.007891
33.797788,2.982929,2.893702,0.204234,-0.007935
33.800341,2.838186,2.897480,0.203346,0.002121
33.804280,2.807317,2.906907,0.209507,-0.000000
33.806948,2.839781,2.909093,0.211693,-0.000000
33.809521,2.809556,2.912061,0.216159,0.002782
33.812076,2.803511,2.920749,0.212858,0.010486
33.814765,2.988861,2.925239,0.224944,0.008793
33.817732,3.031554,2.930495,0.224222,0.008870
33.820359,2.811308,2.933157,0.226857,0.002912
33.823082,2.877092,2.935787,0.229398,0.006778
33.825601,3.079065,2.933582,0.230327,0.010722
33.828119,3.036827,2.943564,0.236762,0.009394
33.830853,2.886113,2.942406,0.239791,0.007882
33.833945,2.886113,2.946290,0.240881,0.007999
33.836753,2.886113,2.948113,0.245671,0.006529
33.839842,2.886113,2.951350,0.249834,0.004111
33.842462,3.005623,2.952755,0.241067,0.014453
33.845144,3.005623,2.958460,0.255078,0.008836
33.847749,3.005623,2.960333,0.250097,0.006294
33.851822,3.211845,2.981252,0.279313,0.006200
33.855275,3.211845,2.968337,0.279068,0.009025
33.864142,3.445248,3.003238,0.287702,0.010924
33.867759,2.928730,3.005826,0.299148,0.009055
33.873215,2.827346,2.994039,0.304961,0.006466
33.876091,2.827346,3.025325,0.321332,0.006518
33.880445,2.827346,3.029157,0.329839,0.006591
33.886862,2.827346,3.038554,0.344092,0.010089
33.895123,2.827346,3.056013,0.347704,0.014718
33.897983,2.827346,3.064803,0.352553,0.014840
33.900910,2.827346,3.051691,0.341907,0.016086
33.903502,2.827346,3.083452,0.356575,0.017832
33.906209,2.827346,3.080279,0.360884,0.021982
33.911749,2.993869,3.089533,0.375023,0.020324
33.916195,3.211734,3.095995,0.378170,0.010276
33.921565,3.379777,3.098691,0.394819,0.010386
33.924126,3.236071,3.106552,0.398705,0.017037
33.927683,3.266496,3.131095,0.400267,0.022195
33.934399,3.294586,3.125925,0.401694,0.029758
33.937116,3.294586,3.112042,0.427278,0.022149
33.940874,3.294586,3.129875,0.408493,0.021902
33.943953,3.294586,3.138895,0.419541,0.022018
33.947241,3.294586,3.142176,0.424495,0.022957
33.950102,3.274117,3.148710,0.428209,0.023088
33.952745,3.267783,3.130124,0.403178,0.040140
33.955484,3.267783,3.165978,0.386027,0.049409
33.958110,3.268901,3.154813,0.406727,0.050613
33.960615,3.268996,3.147990,0.367936,0.092156
33.967486,3.461846,3.142008,0.358053,0.086355
33.972763,3.270398,3.131797,0.346960,0.080538
33.978752,3.270402,3.118501,0.337190,0.079342
33.982636,3.455408,3.105124,0.310571,0.106136
33.987513,3.277515,3.102001,0.288158,0.114453
33.992212,3.081820,3.094307,0.282815,0.113473
33.994775,3.261065,3.089522,0.293763,0.091166
33.998801,3.078533,3.073295,0.285562,0.082215
34.005806,3.297364,3.053040,0.262797,0.092470
34.008428,3.087873,3.047658,0.252056,0.097929
34.013481,3.222303,3.025582,0.227254,0.100473
34.016215,3.257421,3.017687,0.213676,0.111328
34.019896,3.257421,2.999262,0.185656,0.115331
34.022432,3.257421,2.993304,0.176351,0.117063
34.025091,3.257421,2.961709,0.144511,0.117706
34.027771,3.257421,2.955691,0.137609,0.119279
34.030371,3.257421,2.905983,0.109758,0.092414
34.032918,3.257421,2.891275,0.083356,0.078194
34.036792,2.893084,2.843730,0.071469,0.032444
34.041268,3.035480,2.808289,0.075343,0.009969
34.049915,3.029582,2.776763,0.077531,0.000364
34.052544,2.773743,2.737512,0.082927,-0.109391
34.055162,2.773743,2.686394,0.098715,-0.128898
34.057817,2.773743,2.672800,0.094312,-0.121864
34.060439,2.773743,2.698493,0.092041,-0.031197
34.063293,2.773743,2.796958,0.053908,0.028085
34.069730,2.773743,2.738225,0.056216,-0.017621
34.072791,2.773743,2.716298,0.045547,-0.053646
34.075411,2.773743,2.696584,0.050890,-0.042633
34.078361,2.773743,2.701195,0.049066,-0.043859
34.080892,2.773743,2.707198,0.050913,-0.028865
34.083781,2.773743,2.725245,0.055264,-0.029359
34.086799,2.773743,2.719790,0.069255,-0.092182
34.091745,2.773743,2.658075,0.086329,-0.128905
34.095324,2.773743,2.615487,0.099504,-0.185530
34.099328,2.796349,2.679059,0.099830,-0.059931
34.104486,2.796349,2.750648,0.076334,-0.001266
34.106985,2.796349,2.766719,0.074514,-0.004893
34.111609,2.796349,2.767341,0.073450,-0.014709
34.114439,2.796349,2.726947,0.084796,-0.050063
34.120930,2.796349,2.743271,0.094567,-0.043382
34.123508,2.796349,2.738408,0.091578,-0.035634
34.126089,2.796349,2.768718,0.092096,-0.021112
34.128642,2.796349,2.775902,0.085814,-0.008406
34.131215,2.796349,2.777790,0.096538,-0.019583
34.133729,2.796349,2.768486,0.102402,-0.040933
34.138573,2.796349,2.775963,0.108060,-0.024613
34.142141,2.796349,2.790810,0.113489,-0.019216
34.145529,2.796349,2.798873,0.111759,-0.010405
34.148717,2.796349,2.804937,0.110115,0.004785
34.151446,2.796349,2.813474,0.108128,0.007026
34.155327,2.796349,2.812594,0.106262,0.007087
34.157922,2.796349,2.811466,0.113458,0.004429
34.169335,2.796349,2.816170,0.102044,0.019911
34.174372,2.796349,2.816811,0.098509,0.026047
34.176997,2.796349,2.812166,0.081851,0.026469
34.181591,2.689875,2.805911,0.078886,0.027398
34.184334,2.987942,2.797336,0.074522,0.021100
34.187454,3.036160,2.793160,0.073460,0.016611
34.190500,2.803988,2.780647,0.063927,0.017490
34.193215,2.877696,2.779560,0.068596,0.011563
34.195812,2.805028,2.777074,0.071001,0.004094
34.199964,2.845343,2.771948,0.073230,0.001315
34.202486,2.953174,2.771770,0.075474,0.002750
34.205096,3.259001,2.777675,0.070898,0.007343
34.207743,3.044440,2.779919,0.072809,0.009694
34.210380,2.841623,2.781472,0.073226,0.010024
34.213095,2.794845,2.791652,0.086050,0.005027
34.215736,3.175543,2.789152,0.086526,0.005209
34.218347,3.003742,2.792245,0.094484,0.001255
34.221627,2.990606,2.796541,0.101542,-0.002406
34.224244,2.840869,2.797477,0.103758,-0.002303
34.227505,2.810785,2.804208,0.109948,-0.001228
34.231745,3.213625,2.812410,0.116807,-0.001220
34.238168,3.000605,2.817659,0.121442,-0.000656
34.241412,2.842681,2.824128,0.122722,0.000184
34.245497,3.027787,2.828821,0.128993,0.004115
34.248536,2.810647,2.835337,0.133038,0.005895
34.251143,2.839914,2.838875,0.142979,0.001719
34.254091,3.027677,2.841342,0.140666,0.007659
34.256913,2.951204,2.846234,0.141170,0.009464
34.259445,3.028394,2.849085,0.139894,0.014008
34.262080,2.624448,2.856693,0.144824,0.014456
34.264717,2.957492,2.854789,0.143451,0.017999
34.268504,2.810980,2.860768,0.149736,0.013618
34.274396,3.024075,2.862186,0.151105,0.014073
34.276957,2.844495,2.858418,0.153067,0.007922
34.282862,2.616148,2.855854,0.152061,0.014869
34.285458,2.801704,2.855750,0.146674,0.017295
34.289625,3.026148,2.856127,0.139309,0.015754
34.295823,2.854319,2.846748,0.134675,0.014066
34.300631,2.766626,2.842927,0.132089,0.012551
34.303118,2.614281,2.840470,0.132592,0.012389
34.305732,2.614281,2.843262,0.137895,0.007930
34.308482,3.024658,2.841135,0.140656,0.003700
34.311088,2.803781,2.839958,0.144970,0.001186
34.313763,2.802071,2.832894,0.131349,0.004136
34.316436,2.801617,2.843101,0.134345,0.011219
34.319082,3.026157,2.856439,0.131507,0.010405
34.321877,3.036507,2.860976,0.152264,0.011305
34.324735,2.953492,2.852985,0.144639,0.010562
34.327348,2.808060,2.845737,0.160755,0.008187
34.329821,2.802049,2.854720,0.148976,0.009959
34.334101,2.841437,2.859483,0.150637,0.011430
34.336779,3.027738,2.859048,0.147698,0.009131
34.339345,2.847147,2.861599,0.156580,0.005587
34.341984,2.997829,2.859906,0.154722,0.007761
34.344511,2.842126,2.861531,0.157731,0.006267
34.347130,2.841173,2.861075,0.165756,-0.001557
34.350925,2.806447,2.866058,0.170214,0.002149
34.353501,2.989689,2.870991,0.173590,-0.000000
34.359209,2.840900,2.873805,0.180351,0.002504
34.364014,2.616948,2.883352,0.184324,0.001627
34.366559,3.018758,2.885807,0.186799,0.001618
34.369354,3.030071,2.888684,0.196916,-0.000000
34.375167,3.027651,2.896786,0.202474,-0.000000
34.377753,3.028212,2.902994,0.205594,-0.000000
34.380420,3.296482,2.906144,0.208744,-0.000000
34.383084,3.274497,2.909326,0.215139,0.002758
34.387509,3.045060,2.913768,0.215489,0.004612
34.390201,3.038452,2.928605,0.226436,0.004766
34.399251,2.952564,2.933171,0.232826,0.002943
34.402737,3.072196,2.935132,0.234766,0.002894
34.405386,3.185234,2.924020,0.244064,0.008791
34.408100,2.857370,2.945358,0.239743,0.008212
34.410722,3.028375,2.948313,0.242581,0.008355
34.413349,2.997699,2.953193,0.255793,-0.000000
34.416238,3.215646,2.959520,0.257407,0.004710
34.420492,3.037292,2.963699,0.261509,0.002714
34.423450,3.035514,2.970870,0.271573,0.006232
34.427756,3.113003,2.978258,0.274630,0.006222
34.430401,3.182977,2.981635,0.279294,0.002153
34.433104,2.849921,2.983445,0.288869,-0.000000
34.435717,3.178637,2.986877,0.288199,0.005773
34.439726,3.044512,2.997662,0.296693,0.003568
34.442369,3.038342,2.998463,0.297505,0.003577
34.444962,3.033988,3.001485,0.303524,0.003598
34.447528,3.035439,3.004524,0.306559,0.003619
34.450108,3.043506,3.010652,0.309610,0.006610
34.453371,3.230774,3.023355,0.314947,0.006945
34.458985,3.074464,3.029036,0.326440,0.005496
34.461627,3.043293,3.032695,0.329803,0.005489
34.464178,3.028129,3.040305,0.326210,0.017237
34.470121,3.034026,3.049132,0.327753,0.023964
34.472764,3.035649,3.054188,0.324581,0.037717
34.482947,3.072925,3.047199,0.304730,0.039601
34.485681,3.228039,3.050062,0.308947,0.041894
34.492105,3.453994,3.024806,0.294172,0.030234
34.496693,3.305999,3.014617,0.293674,0.014969
34.499335,3.305999,3.007299,0.290294,0.019585
34.502393,3.305999,3.027416,0.307601,0.018126
34.505636,3.305999,3.015404,0.290282,0.027702
34.508827,3.305999,3.021656,0.295533,0.026946
34.512855,2.860480,3.028942,0.297983,0.031683
34.517421,3.036921,3.030753,0.303000,0.031638
34.520835,3.046103,3.032853,0.324322,0.031008
34.523758,3.043057,3.023596,0.303579,0.022595
34.526545,3.036601,3.036275,0.312670,0.031076
34.529098,2.998149,3.052407,0.296961,0.032052
34.531698,3.028030,3.040175,0.306024,0.036697
34.534439,3.221926,3.040453,0.306301,0.034627
34.537090,3.229757,3.040826,0.303154,0.039261
34.540105,3.074352,3.057390,0.313919,0.046009
34.542777,3.033731,3.054435,0.298763,0.058143
34.546779,3.033731,3.037854,0.285459,0.051249
34.549439,3.033731,3.030559,0.288302,0.044772
34.555112,3.033731,3.041457,0.284528,0.053393
34.560105,3.033731,3.028581,0.274917,0.055697
34.565854,3.033731,3.014867,0.248443,0.076089
34.569480,3.033731,3.022332,0.237990,0.086530
34.572465,3.033731,2.986333,0.204708,0.091211
34.575023,3.033731,2.986596,0.220694,0.055791
34.581498,3.033731,2.991136,0.230993,0.031116
34.584668,3.033731,2.976874,0.256514,0.020618
34.587227,3.033731,2.944686,0.236612,0.023548
34.590141,3.033731,2.961486,0.233772,0.030260
34.592761,3.033731,2.964365,0.224701,0.041432
34.596735,2.848629,2.979534,0.226808,0.058297
34.601934,3.071347,2.967437,0.221890,0.060879
34.607576,3.005577,2.966775,0.226026,0.032256
34.611226,3.003529,2.965487,0.245826,0.016414
34.615682,2.990028,2.956846,0.248293,0.011148
34.618260,2.997776,2.957236,0.248704,0.010052
34.621833,3.220375,2.961340,0.253792,0.010142
34.624485,3.038061,2.966017,0.259021,0.012178
34.627102,2.833812,2.967169,0.252256,0.019812
34.629692,3.211992,2.972537,0.246916,0.028109
34.632199,3.075312,2.978792,0.246669,0.037499
34.635384,3.260203,2.981310,0.243040,0.040475
34.638117,2.888082,2.985170,0.251760,0.035748
34.640766,3.029603,2.984787,0.254989,0.029460
34.643399,3.072176,2.984084,0.258099,0.035002
34.648989,3.230795,2.992982,0.252843,0.043477
34.657225,3.041553,2.995058,0.254478,0.046338
34.659832,3.065660,3.002302,0.250382,0.054499
34.664108,3.036706,2.986834,0.240682,0.048657
34.666645,3.221932,3.014396,0.267869,0.045480
34.671214,3.080317,3.008070,0.249679,0.044187
34.673777,3.044464,2.994306,0.247488,0.052873
34.677813,3.063460,2.991448,0.236262,0.051651
34.683886,2.852372,2.979248,0.230821,0.050619
34.686518,3.065535,2.977695,0.224296,0.053091
34.689098,3.041507,2.978985,0.231288,0.046150
34.691577,3.036701,2.967890,0.227739,0.034344
34.695512,2.812540,2.959391,0.236466,0.015813
34.698580,3.034798,2.962554,0.239935,0.000911
34.702958,3.028027,2.945527,0.245615,-0.025503
34.712012,3.232592,2.948857,0.279854,-0.029861
34.714741,3.044424,2.919089,0.333379,-0.139456
34.723106,3.027956,2.897901,0.328545,-0.108439
34.725900,3.222240,2.955001,0.325079,-0.069012
34.728463,3.074578,2.988934,0.317357,0.000565
34.731297,2.857653,3.021411,0.318261,-0.001241
34.735700,3.266892,3.006866,0.308213,0.000537
34.738324,3.448311,3.031717,0.332776,0.000716
34.742778,2.823267,3.009808,0.308549,-0.002149
34.745360,3.089586,3.026835,0.329906,0.006779
34.750112,3.447117,3.044652,0.321568,0.025508
34.752741,3.050092,3.051264,0.313097,0.041655
34.755420,3.253463,3.050641,0.308977,0.043868
34.758507,3.268876,3.048225,0.298021,0.061648
34.761394,3.082199,3.052905,0.260057,0.094483
34.766757,3.302866,3.049045,0.246475,0.107616
34.769437,3.088973,3.041128,0.220302,0.097970
34.772104,3.232995,2.992051,0.208390,0.083943
34.774776,2.820200,2.972863,0.202621,0.046670
34.777437,2.992440,2.946182,0.187586,0.025279
34.783829,2.997988,2.839461,0.154987,-0.016194
34.786884,3.035664,2.662483,0.148836,-0.163242
34.792903,2.809854,2.666681,0.094601,-0.003525
34.797772,2.615514,2.810300,0.096419,0.015378
34.800386,2.794541,2.804517,0.088488,0.024663
34.804626,3.175302,2.813387,0.093892,0.015152
34.807170,2.877620,2.813569,0.093537,0.010413
34.809733,2.630324,2.795856,0.082546,0.000451
34.814104,2.795133,2.782729,0.092474,-0.007716
34.816791,2.801984,2.760998,0.079253,-0.048631
34.819437,3.184384,2.701250,0.083313,-0.081420
34.822241,2.593135,2.680280,0.074131,-0.093490
34.824839,2.593135,2.694517,0.084108,-0.087847
34.827936,2.593135,2.712407,0.077250,-0.063449
34.830523,2.573427,2.741119,0.071915,-0.005773
34.833111,2.757246,2.765244,0.066081,0.005150
34.835763,2.757246,2.764555,0.064141,0.002640
34.838416,2.757246,2.762465,0.069009,-0.007856
34.841011,2.757246,2.760607,0.072408,-0.008792
34.843961,2.757246,2.761087,0.074025,-0.010957
34.846785,2.606249,2.771425,0.084967,-0.016179
34.849369,2.808031,2.780827,0.092065,-0.004940
34.853003,2.810984,2.774110,0.089487,-0.001208
34.856902,2.810688,2.771855,0.094790,-0.022949
34.861136,2.834608,2.775206,0.102488,-0.023982
34.863938,2.616533,2.781949,0.099398,-0.009507
34.868663,2.980968,2.794843,0.103343,-0.000961
34.871299,2.808900,2.802249,0.103838,0.000743
34.875273,3.175611,2.804114,0.105866,0.002206
34.877819,2.803299,2.809509,0.103979,0.008033
34.881222,2.838954,2.812681,0.109961,0.006494
34.887370,2.991508,2.817737,0.123647,-0.003418
34.889928,2.954035,2.816366,0.123052,-0.004108
34.892556,2.845649,2.818891,0.126314,-0.005069
34.895108,2.996621,2.821299,0.125330,-0.000491
34.897795,2.809785,2.816997,0.115510,0.004073
34.900502,2.804517,2.840557,0.126192,0.008182
34.907228,2.809668,2.842585,0.121480,0.008533
34.912365,2.803267,2.834974,0.134490,0.001267
34.916123,2.801667,2.843809,0.137300,0.009099
34.918780,2.803139,2.832115,0.124590,0.008687
34.922826,2.989028,2.842236,0.141080,0.009028
34.927760,2.997321,2.859885,0.137654,0.006001
34.932107,2.811349,2.863890,0.158983,0.006373
34.935157,2.804830,2.860384,0.157360,0.005619
34.938791,2.804830,2.861177,0.157771,0.006191
34.941653,2.989366,2.868503,0.166449,0.004652
34.944208,2.989366,2.868812,0.166745,0.004665
34.946758,2.989366,2.871449,0.169370,0.004691
34.949416,2.809687,2.877472,0.173898,0.006171
34.952252,3.027508,2.880519,0.176864,0.006278
34.954933,3.034942,2.883224,0.179542,0.006305
34.957642,3.222902,2.888199,0.184513,0.006283
34.961247,3.043204,2.891182,0.193011,0.002581
34.965007,2.886592,2.895692,0.197931,0.003434
34.967568,2.818918,2.898775,0.200486,0.004357
34.971865,2.839742,2.911376,0.204842,0.009116
34.976837,2.997388,2.916366,0.212438,0.010614
34.980485,2.697960,2.922024,0.213445,0.011567
34.983113,2.798030,2.944273,0.238318,0.008399
34.990588,3.064082,2.944954,0.239048,0.009505
35.001472,3.026591,2.946205,0.246521,0.005010
35.004124,3.034758,2.950220,0.252839,-0.000064
35.008289,2.999726,2.950630,0.251390,0.009806
35.014369,2.848455,2.963249,0.254308,0.015318
35.017206,3.029266,2.963524,0.248273,0.017804
35.020146,3.221053,2.965786,0.251118,0.020529
35.022965,2.857290,2.961563,0.245950,0.022040
35.026028,2.814018,2.964023,0.247073,0.019505
35.028585,3.214769,2.957711,0.239431,0.022721
35.031115,3.071354,2.957276,0.231245,0.024975
35.033766,3.043711,2.951623,0.226584,0.027508
35.036421,2.856282,2.948353,0.219640,0.027894
35.039251,2.880075,2.947402,0.219867,0.025555
35.041824,3.030531,2.937542,0.215327,0.024700
35.044388,3.036549,2.933974,0.215043,0.017426
35.048558,2.812342,2.914596,0.195641,0.025321
35.051498,2.804069,2.934081,0.184538,0.035581
35.057124,3.041373,2.919990,0.172466,0.045999
35.059815,3.035735,2.910770,0.168207,0.044806
35.062622,2.856427,2.907080,0.163915,0.038848
35.065755,2.840755,2.894842,0.157371,0.039799
35.071173,3.036468,2.893775,0.168532,0.022995
35.073888,2.849907,2.886557,0.168374,0.020344
35.082612,3.026519,2.889952,0.166475,0.026049
35.086571,3.036824,2.894125,0.157595,0.040566
35.095114,2.990254,2.912568,0.154099,0.038467
35.097817,3.026451,2.898567,0.158891,0.042166
35.100408,3.034730,2.898543,0.161991,0.034159
35.103215,3.035677,2.896362,0.185927,0.023391
35.105860,3.036576,2.894677,0.179486,0.001314
35.114537,2.839453,2.891546,0.188621,0.007083
35.120966,2.988504,2.901070,0.191206,0.020156
35.125840,2.997492,2.906459,0.182844,0.030599
35.129042,2.848348,2.908949,0.179902,0.036080
35.132142,2.811270,2.914788,0.182287,0.035042
35.135167,2.990403,2.910233,0.182050,0.030720
35.138319,2.841114,2.906981,0.179123,0.030395
35.140866,3.024639,2.907094,0.180507,0.027755
35.143874,3.036453,2.891947,0.163369,0.031117
35.147141,3.036797,2.901456,0.158405,0.044938
35.149773,3.038838,2.914480,0.168872,0.048060
35.152824,2.887719,2.902380,0.153724,0.048880
35.155407,3.258744,2.890815,0.151128,0.045780
35.161864,3.185881,2.901832,0.159930,0.044334
35.164654,3.042555,2.879955,0.174968,0.029645
35.168995,3.035764,2.885343,0.167056,0.019299
35.171540,3.074583,2.883781,0.159716,0.025734
35.175827,3.066736,2.892416,0.166446,0.028497
35.178419,3.224670,2.868359,0.140197,0.046557
35.182896,2.998635,2.874622,0.130458,0.052385
35.185410,3.081122,2.887278,0.123943,0.053103
35.188539,3.037325,2.865745,0.119258,0.041843
35.195115,2.991198,2.882709,0.151268,0.021131
35.198154,2.840800,2.864456,0.154337,0.003818
35.201006,3.027920,2.862697,0.164108,0.001187
35.204807,2.812189,2.864635,0.163387,0.003859
35.207390,2.991878,2.868386,0.166068,0.007696
35.210113,2.840936,2.873463,0.172174,0.003888
35.214234,2.804710,2.875276,0.164555,0.024120
35.221284,3.066329,2.887777,0.169069,0.022116
35.223821,2.854866,2.903044,0.184206,0.021409
35.226471,2.999373,2.881282,0.167344,0.013327
35.229363,3.034263,2.908648,0.185588,0.012995
35.231987,3.034263,2.886382,0.177974,0.010993
35.234698,3.034263,2.914427,0.182443,0.008636
35.238801,3.034263,2.918868,0.189950,0.008657
35.241624,3.034263,2.925338,0.196069,0.008677
35.245894,3.034263,2.918063,0.210685,0.009944
35.249435,3.034263,2.921632,0.214257,0.009993
35.253497,3.035253,2.924447,0.219865,0.010018
35.256054,2.999362,2.930041,0.220188,0.015570
35.259435,3.036500,2.932636,0.221339,0.017972
35.262211,2.848900,2.942167,0.222228,0.023305
35.265626,2.999220,2.947049,0.227354,0.022253
35.268230,3.215044,2.947392,0.224576,0.023367
35.271263,3.215044,2.951985,0.224776,0.027130
35.273871,3.072449,2.953709,0.229035,0.027232
35.276550,3.043930,2.955750,0.233107,0.028766
35.279123,3.185199,2.954030,0.235248,0.024417
35.281653,3.042528,2.957380,0.237660,0.022304
35.284248,2.998196,2.955148,0.233452,0.024274
35.286799,3.035048,2.957925,0.236119,0.020591
35.289440,2.999354,2.958154,0.236259,0.022536
35.292144,2.858963,2.960185,0.221945,0.046160
35.303194,3.043307,2.958613,0.214247,0.046443
35.305875,3.081527,2.954223,0.207611,0.049325
35.309796,3.036950,2.947658,0.203880,0.046696
35.313446,3.072913,2.943523,0.197142,0.043362
35.318447,2.850209,2.931624,0.200005,0.023763
35.321367,2.999482,2.912739,0.194641,0.022046
35.325435,2.847467,2.910083,0.181957,0.029100
35.328201,2.998934,2.906505,0.176646,0.032253
35.330697,2.997910,2.905087,0.179612,0.031789
35.333310,2.842142,2.901028,0.167088,0.038295
35.335990,2.996829,2.900722,0.160807,0.038296
35.341040,2.999104,2.890714,0.156590,0.036490
35.345214,2.999104,2.885867,0.155320,0.032956
35.348821,2.999104,2.883086,0.154870,0.030352
35.351880,2.999104,2.880078,0.153793,0.028736
35.354435,2.999104,2.880345,0.157552,0.020520
35.357112,2.999104,2.878960,0.160289,0.017903
35.359792,2.999104,2.875208,0.158087,0.017789
35.365220,2.999104,2.875480,0.171389,0.006685
35.373620,2.999104,2.874981,0.177582,-0.000000
35.377831,2.999104,2.882633,0.185233,-0.000000
35.380363,2.999104,2.887655,0.190255,0.004438
35.382924,2.999104,2.890904,0.193881,0.004602
35.385710,2.999104,2.899079,0.198818,0.002860
35.389115,3.215021,2.916075,0.213755,0.004918
35.392817,3.215021,2.905736,0.218032,-0.001984
35.400407,3.216558,2.915923,0.220585,-0.004426
35.403040,3.038197,2.930752,0.228611,-0.002098
35.405892,3.222616,2.916902,0.221569,-0.002068
35.408483,3.230905,2.933034,0.231913,0.012514
35.411330,3.081940,2.937787,0.230204,0.015841
35.413954,2.857988,2.945347,0.235864,0.012076
35.416502,2.816077,2.947123,0.237669,0.012054
35.420132,3.214643,2.952150,0.243691,0.011056
35.423273,3.081290,2.956548,0.232375,0.016849
35.428361,3.038580,2.959031,0.244255,0.022855
35.433531,3.417797,2.971952,0.249694,0.024833
35.438499,3.458236,2.974645,0.228875,0.053540
35.443830,3.084799,2.986910,0.220707,0.068618
35.446406,2.859520,2.992353,0.222237,0.075365
35.448987,3.218829,2.993418,0.220284,0.084291
35.453055,3.218829,2.992366,0.208642,0.081063
35.455863,3.218829,2.979195,0.202918,0.077924
35.458546,3.218829,2.980494,0.208094,0.056983
35.461928,3.218829,2.947319,0.202451,0.045176
35.464685,3.218829,2.910675,0.189121,0.012270
35.467195,3.218829,2.929111,0.206595,-0.006109
35.469783,3.218829,2.875281,0.212809,-0.037880
35.472763,3.218829,2.848347,0.229718,-0.133893
35.476131,3.218829,2.752781,0.238015,-0.187614
35.478791,3.218829,2.752208,0.234338,-0.085117
35.482246,3.218829,2.933839,0.220516,0.012055
35.487239,3.218829,2.921822,0.229471,-0.020478
35.491569,3.218829,2.906970,0.231521,-0.038319
35.494165,3.218829,2.891846,0.215205,0.014743
35.501448,3.075286,2.923572,0.173751,0.061286
35.505513,2.814663,2.934786,0.162443,0.077384
35.512138,2.814663,2.919001,0.135238,0.089116
35.515633,2.814663,2.923272,0.132819,0.079384
35.519121,2.814663,2.877583,0.107321,0.070783
35.522790,2.814663,2.846292,0.092470,0.042924
35.526805,2.814663,2.827454,0.091352,0.020635
35.529409,2.814663,2.815135,0.095087,0.012597
35.532119,2.814663,2.798374,0.096093,0.002002
35.534582,2.814663,2.770848,0.101462,-0.092039
35.537199,2.620373,2.726539,0.131653,-0.151940
35.540140,2.801738,2.662197,0.144242,-0.185318
35.542759,2.848040,2.682051,0.120180,-0.069617
35.545984,2.838055,2.805765,0.107002,0.000646
35.549133,2.773537,2.816626,0.110978,-0.001826
35.553802,2.847814,2.796762,0.120614,-0.021872
35.556445,2.811163,2.782071,0.134375,-0.059508
35.560490,2.990206,2.775855,0.134744,-0.049116
35.563129,2.810680,2.784909,0.139504,-0.047489
35.565821,2.804696,2.798302,0.140559,-0.015988
35.569132,2.802300,2.812009,0.127693,-0.000550
35.571817,2.989900,2.831229,0.124039,0.009748
35.577289,3.028950,2.832946,0.121746,0.013497
35.580185,2.848350,2.833821,0.123037,0.015443
35.583320,2.804046,2.833300,0.121938,0.014614
35.586140,2.623569,2.831186,0.119293,0.014235
35.588777,2.838179,2.830403,0.118129,0.014330
35.591993,2.810078,2.831234,0.121203,0.011717
35.595789,2.803475,2.829248,0.123007,0.008804
35.598446,2.803475,2.828940,0.133668,-0.003700
35.604416,2.803475,2.828703,0.135658,-0.004650
35.607144,2.803475,2.829657,0.138750,-0.003627
35.610131,2.803475,2.834525,0.136999,0.000120
35.612688,2.802295,2.840643,0.139801,0.011516
35.617699,2.803019,2.850444,0.138159,0.014852
35.620272,2.803544,2.854656,0.144665,0.012853
35.626521,2.810018,2.856605,0.148677,0.011225
35.632736,2.999061,2.856198,0.146435,0.009329
35.635279,2.996875,2.858122,0.151290,0.008308
35.637815,2.840975,2.858387,0.153828,0.007141
35.640498,2.810755,2.869874,0.166088,0.004070
35.643152,2.615742,2.853342,0.165712,0.001396
35.647129,2.615742,2.863114,0.163241,0.003526
35.649727,2.615742,2.868075,0.168487,0.002186
35.652192,2.615742,2.871354,0.173954,-0.000000
35.654951,2.615742,2.874842,0.177442,-0.000000
35.659188,2.615742,2.877676,0.195381,-0.000000
35.662153,2.615742,2.875252,0.177852,-0.000000
35.664772,2.981542,2.888988,0.191589,-0.000000
35.667424,2.838869,2.890120,0.195718,-0.000000
35.670131,2.997214,2.896407,0.196497,0.005911
35.672950,3.183601,2.901415,0.198093,0.004169
35.675464,3.066160,2.905108,0.204853,0.002514
35.679550,2.851095,2.912429,0.212536,0.002491
35.682189,2.851095,2.915554,0.220151,-0.000000
35.687032,2.851095,2.920264,0.226162,-0.000000
35.689624,2.851095,2.926892,0.229492,-0.000000
35.693525,2.851095,2.937068,0.239669,-0.000000
35.698824,2.851095,2.940523,0.243123,-0.000000
35.701457,2.844412,2.949210,0.244782,0.009014
35.707449,3.229616,2.953026,0.247686,0.010261
35.710380,3.229616,2.958869,0.253056,0.015742
35.712953,3.229616,2.960182,0.255842,0.011768
35.715693,3.229616,2.964310,0.256807,0.010094
35.718644,2.859553,2.965683,0.254355,0.017815
35.721462,3.187111,2.969052,0.256819,0.017917
35.724192,3.192317,2.972352,0.263726,0.007093
35.727489,3.192317,2.978953,0.275897,0.005975
35.734530,3.192317,2.982656,0.279266,0.006001
35.737197,3.192317,2.986066,0.292046,-0.000000
35.739768,3.229901,2.997788,0.294998,0.008197
35.749375,3.225464,3.010595,0.304983,0.008206
35.752164,3.261413,3.014057,0.307578,0.009160
35.756216,3.082121,3.015398,0.309811,0.010438
35.758973,3.038613,3.016956,0.309103,0.010514
35.762282,3.038613,3.024934,0.315955,0.011568
35.764862,3.261129,3.024317,0.311088,0.018400
35.767673,3.268546,3.026958,0.307456,0.022063
35.770423,3.085229,3.023675,0.299926,0.026548
35.773139,3.232246,3.021973,0.299926,0.024561
35.776628,3.232246,3.015794,0.286552,0.028433
35.780894,3.230378,3.011895,0.274099,0.037666
35.784432,3.046623,3.007707,0.270934,0.029120
35.789724,3.036985,3.002755,0.284361,0.020967
35.792449,3.036985,2.998308,0.281354,0.010848
35.795684,3.035797,2.996916,0.280682,0.022217
35.799672,3.264864,3.007188,0.296114,0.021966
35.808417,3.075687,3.016560,0.300210,0.021819
35.812996,3.104556,3.017778,0.300115,0.021479
35.815634,3.215419,3.019012,0.307281,0.014306
35.819385,2.892602,3.033748,0.319666,0.016649
35.822426,3.028133,3.006294,0.295295,0.013998
35.825032,3.036453,3.036124,0.313400,0.013699
35.830159,3.051451,3.029585,0.320059,0.011884
35.833214,3.448522,3.029303,0.311521,0.008268
35.835967,3.240149,3.030464,0.328261,0.004683
35.839174,3.299962,3.027001,0.341096,0.006654
35.842520,3.277088,3.037427,0.333434,0.006649
35.845378,3.217919,3.029303,0.325429,0.006464
35.848504,3.299881,3.044053,0.340000,0.008320
35.851142,3.233215,3.042198,0.348255,0.016347
35.853673,3.007281,3.034864,0.318869,0.022025
35.857529,3.298343,3.054401,0.334197,0.018986
35.860134,3.083744,3.049525,0.333353,0.018716
35.862803,3.043611,3.049097,0.333159,0.012567
35.865400,3.038162,3.048673,0.341803,0.011554
35.869507,3.222407,3.050764,0.340055,0.015447
35.872037,3.259681,3.055794,0.349864,0.010746
35.876152,3.045715,3.059928,0.347094,0.013629
35.878883,3.224037,3.066067,0.348903,0.020125
35.882137,3.267426,3.072743,0.355111,0.020237
35.887174,3.270152,3.077487,0.363153,0.025866
35.892193,3.232806,3.086782,0.368144,0.021223
35.894880,3.044640,3.090622,0.369296,0.028848
35.898145,3.038368,3.097206,0.369479,0.030371
35.902832,3.081664,3.102828,0.370757,0.038921
35.905389,3.419533,3.127079,0.368640,0.054573
35.911280,3.299107,3.102865,0.369828,0.056010
35.913875,3.299107,3.138973,0.377057,0.064372
35.916458,3.299107,3.124126,0.351854,0.072058
35.919174,3.299107,3.113661,0.380081,0.069283
35.921828,3.299107,3.103906,0.335067,0.072470
35.925205,3.299107,3.122495,0.355604,0.066281
35.928177,3.299107,3.114493,0.332213,0.083371
35.934363,3.276141,3.111452,0.328072,0.083576
35.940181,3.271896,3.102162,0.329598,0.074869
35.942982,3.128365,3.076113,0.367550,0.034853
35.947593,3.230768,3.092132,0.358900,0.023244
35.950161,3.231587,3.078983,0.355042,0.033442
35.953133,3.044794,3.082936,0.330092,0.038217
35.955788,3.074272,3.080223,0.344239,0.038536
35.958368,3.267801,3.094435,0.345068,0.064787
35.961156,3.120875,3.085192,0.317063,0.076337
35.963800,3.451075,3.090353,0.310322,0.082267
35.966453,3.264329,3.088367,0.310014,0.076149
35.969008,3.412339,3.088507,0.316891,0.069943
35.971578,3.278318,3.084557,0.321676,0.058622
35.974135,3.046207,3.077316,0.335419,0.044373
35.976696,3.305983,3.074093,0.352092,0.017870
35.979469,3.271823,3.066092,0.354117,0.016001
35.982138,3.048073,3.069764,0.354222,0.021788
35.986016,3.447985,3.078341,0.358935,0.022050
35.988925,3.268461,3.081719,0.369196,0.017505
35.996329,3.307999,3.118739,0.362559,0.049621
36.002211,3.276533,3.130862,0.387230,0.046023
36.004759,3.271093,3.117326,0.375567,0.053484
36.008899,3.269756,3.146916,0.405116,0.042612
36.015045,3.277646,3.131942,0.387762,0.048583
36.017637,3.083810,3.139179,0.392204,0.049309
36.020561,3.073512,3.118391,0.376160,0.052114
36.023143,3.299661,3.153537,0.367276,0.053232
36.026581,3.264905,3.135721,0.389224,0.047195
36.030195,3.269236,3.135256,0.408013,0.029796
36.033054,3.419858,3.125106,0.402917,0.020232
36.037141,2.852046,3.124799,0.383460,0.041602
36.043821,3.298437,3.110832,0.357285,0.055974
36.046428,3.091172,3.111115,0.343957,0.078863
36.049029,3.425946,3.103359,0.309517,0.085587
36.051693,3.312878,3.080301,0.300004,0.082265
36.054277,3.299239,3.061994,0.282195,0.081847
36.058845,3.225970,3.047910,0.267584,0.069721
36.063627,3.089418,3.012866,0.269397,0.045752
36.066516,3.417256,3.003587,0.268204,0.025200
36.069327,3.047274,2.994833,0.270915,0.020496
36.072018,3.260020,2.986653,0.270862,0.018320
36.074579,3.082065,2.989851,0.273757,0.019558
36.077417,3.455729,2.990072,0.271022,0.021955
36.080143,3.240437,2.995070,0.277738,0.014098
36.082973,3.008484,2.993870,0.297988,0.014358
36.085535,3.270494,2.992116,0.310621,0.018313
36.093234,3.037257,3.012182,0.305139,0.016239
36.096149,3.223772,3.019522,0.307689,0.014424
36.098685,3.231159,3.021765,0.308172,0.009591
36.101545,3.075672,3.024708,0.315270,0.012027
36.104159,3.418335,3.028486,0.319002,0.012073
36.106849,3.238734,3.029839,0.324014,0.013985
36.115414,3.300048,3.046263,0.336675,0.013450
36.119849,3.271586,3.059338,0.351330,0.010598
36.122445,3.270638,3.062881,0.356937,0.016359
36.126868,3.270638,3.076913,0.355022,0.020787
36.129468,3.270638,3.083125,0.368204,0.020725
36.132015,3.270638,3.092811,0.373650,0.029062
36.136383,3.270638,3.110504,0.369391,0.075330
36.141575,3.270638,3.143515,0.347831,0.097883
36.144486,3.270638,3.133412,0.322434,0.130238
36.148018,3.270638,3.145936,0.317672,0.129512
36.150447,3.270638,3.131483,0.311857,0.104742
36.153147,3.270638,3.108283,0.303035,0.091915
36.155807,3.083568,3.076413,0.298350,0.082286
36.159162,3.233034,3.080621,0.299340,0.102755
36.161995,3.418410,3.074448,0.280926,0.102409
36.167293,3.418416,3.071791,0.255457,0.114357
36.169859,3.237825,3.055564,0.233044,0.124116
36.172412,2.903855,3.041966,0.204985,0.143040
36.175032,3.068858,3.028930,0.163496,0.145268
36.177581,3.043212,3.008490,0.130496,0.139757
36.180153,3.038082,2.939698,0.099900,0.096267
36.184143,2.851200,2.876543,0.098584,0.076159
36.186881,3.035315,2.829902,0.092022,0.021646
36.191354,2.812532,2.816446,0.086642,0.012875
36.195839,2.840950,2.786217,0.080683,0.005379
36.198490,2.810750,2.764511,0.068897,0.020641
36.201433,2.653790,2.791051,0.072349,0.017772
36.204363,2.960198,2.784555,0.072875,0.008634
36.207001,2.809288,2.782095,0.080289,0.001855
36.210838,2.952948,2.780740,0.077259,0.008948
36.213483,3.020030,2.788076,0.083075,-0.006150
36.225528,2.769894,2.780725,0.084392,-0.006653
36.228159,2.796539,2.775696,0.085211,-0.006997
36.230802,2.803318,2.777465,0.086022,-0.003629
36.233825,2.803224,2.788074,0.089771,0.006417
36.237782,3.044290,2.791278,0.085930,0.009129
36.245945,2.619923,2.797853,0.098694,-0.007547
36.253572,2.849619,2.793140,0.101678,-0.005946
36.256417,3.028320,2.796689,0.113208,-0.014547
36.262150,2.803863,2.814942,0.122695,-0.005185
36.268386,2.840577,2.817996,0.126936,-0.004285
36.271839,2.997854,2.826914,0.131833,-0.002325
36.274427,3.072618,2.823388,0.130981,-0.007642
36.277153,2.999794,2.829952,0.149612,-0.004372
36.279717,3.035320,2.831219,0.132930,0.000887
36.282229,2.849624,2.844156,0.145737,0.005373
36.285233,2.806977,2.846473,0.147632,0.005449
36.288315,2.802995,2.853629,0.152693,0.010680
36.290922,2.840568,2.856766,0.155834,0.009663
36.293539,2.810674,2.854024,0.164475,0.007686
36.301037,2.988597,2.862649,0.154484,0.014843
36.303652,2.839319,2.870539,0.157311,0.015809
36.306566,2.806373,2.871806,0.157039,0.017335
36.310823,3.027583,2.875898,0.165155,0.017008
36.315671,3.038927,2.873940,0.164110,0.012298
36.324400,3.027641,2.875484,0.166524,0.010697
36.333284,2.812547,2.883441,0.167058,0.019763
36.338392,3.027830,2.884297,0.166238,0.030255
36.348228,3.035006,2.892136,0.150889,0.044638
36.353655,3.223666,2.892756,0.147650,0.047541
36.356216,3.081651,2.879140,0.131245,0.051509
36.359036,3.038594,2.899165,0.138288,0.051407
36.361673,3.038594,2.875483,0.128758,0.049090
36.364290,3.038594,2.879096,0.129600,0.047488
36.369433,3.038594,2.876318,0.135872,0.038332
36.373810,3.038594,2.869957,0.134737,0.037706
36.376557,2.881744,2.868048,0.132370,0.041369
36.381423,3.222232,2.866296,0.122799,0.044554
36.384500,2.842968,2.864367,0.119530,0.048789
36.387159,2.997873,2.863125,0.116774,0.047667
36.389799,2.812907,2.858339,0.111629,0.049027
36.392473,2.990503,2.857724,0.113088,0.038643
36.395075,2.998014,2.857452,0.124128,0.030927
36.399498,3.000331,2.848000,0.122352,0.028165
36.402216,2.805238,2.844007,0.118497,0.030464
36.405023,2.999651,2.842957,0.102979,0.038205
36.407636,2.811058,2.841556,0.103760,0.040096
36.410167,3.027874,2.848054,0.113859,0.032160
36.415058,2.588217,2.838688,0.116800,0.026595
36.417840,2.840776,2.839734,0.133376,-0.000000
36.423451,2.850286,2.832963,0.136144,-0.000000
36.426773,2.803577,2.836237,0.135780,0.002655
36.429471,2.992175,2.840388,0.139468,0.005807
36.432153,2.844008,2.844854,0.140658,0.003354
36.439189,2.803512,2.857934,0.166644,-0.002190
36.444907,2.840995,2.866055,0.160447,0.000553
36.448840,2.806632,2.884055,0.186065,0.000551
36.451905,2.992846,2.883442,0.184894,0.007496
36.455602,3.035458,2.894480,0.192943,0.005051
36.461262,2.992015,2.900843,0.203872,0.003160
36.464169,2.848129,2.907848,0.207301,0.003163
36.467539,2.999066,2.912047,0.201911,0.003055
36.470340,3.035707,2.916128,0.215569,-0.000000
36.472938,3.036582,2.931267,0.220974,0.003142
36.476558,2.849876,2.932426,0.227418,0.014157
36.479208,2.849876,2.920590,0.221802,0.016675
36.481804,2.849876,2.939311,0.224482,0.016658
36.485355,3.067286,2.936419,0.237002,0.016219
36.488005,3.264516,2.925649,0.210996,0.021188
36.491675,3.046224,2.937725,0.219059,0.021210
36.494234,2.887820,2.936908,0.215118,0.029286
36.499297,3.046101,2.930718,0.206618,0.024684
36.505349,3.261143,2.925524,0.207359,0.020694
36.508637,3.046070,2.924406,0.211291,0.020014
36.512901,3.006902,2.928168,0.216425,0.011965
36.517668,2.992094,2.927751,0.222999,0.007349
36.520221,3.214739,2.911491,0.227014,0.002757
36.527222,3.037273,2.932046,0.220140,0.002687
36.530907,3.036819,2.932891,0.232716,0.002859
36.533457,3.038884,2.947490,0.224223,0.002715
36.536168,3.041377,2.953088,0.250936,0.008114
36.538992,3.223863,2.929245,0.250978,0.010501
36.541647,3.074213,2.947083,0.242714,0.012103
36.548167,3.074213,2.955715,0.252395,0.006447
36.555589,3.074213,2.960971,0.260685,0.002885
36.558180,3.074213,2.965310,0.267910,-0.000000
36.562817,3.074213,2.966315,0.272637,-0.000000
36.565505,3.074213,2.973791,0.277468,0.005072
36.571014,3.074213,2.984712,0.285828,0.005154
36.573608,3.074213,2.993583,0.287717,0.008461
36.576913,3.074213,2.997967,0.297470,0.005219
36.579910,3.074213,3.003114,0.300517,0.005196
36.582470,3.074213,3.006935,0.304324,-0.000000
36.585572,3.074213,3.011284,0.313884,-0.000000
36.588182,3.074213,3.015374,0.317974,-0.000000
36.590807,3.074213,3.019530,0.319442,0.009082
36.593651,3.074213,3.030990,0.321328,0.012255
36.596539,3.074213,3.041488,0.328880,0.012370
36.606952,3.270086,3.053656,0.342142,0.018585
36.610336,3.263006,3.063656,0.339338,0.033344
36.612974,3.269241,3.072365,0.345420,0.030758
36.618848,3.307480,3.076976,0.342867,0.038839
36.621697,3.082540,3.083664,0.350900,0.035463
36.625888,3.262886,3.083689,0.349246,0.036902
36.628547,3.265153,3.088803,0.350600,0.038376
36.634072,3.337687,3.093165,0.355073,0.046963
36.637886,3.084058,3.094260,0.348277,0.057666
36.641005,3.001314,3.092356,0.333045,0.061760
36.645154,3.261877,3.083195,0.319063,0.072941
36.649899,3.268939,3.078403,0.299836,0.070482
36.653389,3.046086,3.073009,0.306526,0.054436
36.656161,3.225537,3.025748,0.271573,0.047363
36.659706,3.081726,3.010806,0.268309,0.044637
36.662240,3.044745,2.998897,0.257415,0.041458
36.665162,3.074494,2.990484,0.239411,0.045839
36.670390,3.040388,2.963968,0.212208,0.053007
36.673435,3.039023,2.957668,0.198702,0.061007
36.676273,3.037245,2.952164,0.194523,0.057084
36.680226,3.268535,2.947671,0.199154,0.048734
36.682932,3.235189,2.942459,0.196421,0.034307
36.687269,3.082112,2.936199,0.216155,0.020979
36.693570,3.075931,2.924071,0.229188,-0.003266
36.696643,2.816029,2.924778,0.241750,-0.014388
36.700038,3.028385,2.928183,0.237703,-0.006933
36.702817,3.036733,2.955898,0.246168,0.012300
36.706233,3.076701,2.948638,0.234603,0.016600
36.708823,3.044780,2.953687,0.231030,0.027406
36.711469,3.039199,2.958630,0.239369,0.022705
36.714200,3.112128,2.958371,0.238415,0.022490
36.716730,3.226693,2.955820,0.249673,0.008222
36.719632,3.231276,2.952301,0.250984,0.003845
36.722675,3.075695,2.952157,0.258771,-0.002199
36.725338,3.001898,2.958403,0.256763,0.006999
36.731157,3.043951,2.962722,0.264475,0.004225
36.733838,3.038230,2.965375,0.271453,-0.011673
36.739159,3.263801,2.970190,0.281842,-0.007728
36.741934,3.271320,2.977057,0.287477,-0.007823
36.744594,3.270584,2.982102,0.288582,-0.000000
36.749611,3.263010,3.010387,0.287495,0.035224
36.757547,3.419910,3.013806,0.282896,0.036204
36.760322,3.302542,3.017932,0.280804,0.039997
36.764537,3.280373,3.021772,0.277804,0.045046
36.767176,3.274635,3.007711,0.271971,0.050140
36.769819,3.271247,3.020144,0.268741,0.053933
36.772340,3.270570,3.022893,0.273417,0.064997
36.775014,2.859271,3.026212,0.256269,0.076324
36.777824,3.190414,3.036537,0.253174,0.085666
36.780469,3.194689,3.038990,0.265473,0.089647
36.786629,3.068378,3.037590,0.256830,0.072830
36.789153,3.068378,3.019317,0.255546,0.073991
36.791802,3.068378,3.040659,0.261425,0.081370
36.794456,3.068378,3.012994,0.239208,0.070875
36.797183,3.068378,3.023751,0.250793,0.066178
36.799800,3.068378,3.010073,0.252576,0.059911
36.802533,3.068378,3.000722,0.256368,0.041552
36.805166,3.068378,2.991898,0.258865,0.031567
36.808537,3.068378,2.984942,0.248785,0.044487
36.812617,3.068378,2.989926,0.248888,0.057993
36.817504,3.043116,2.994555,0.221620,0.078108
36.822021,3.113642,3.013322,0.229852,0.085663
36.824750,3.116706,2.983922,0.205152,0.087185
36.827421,3.448575,2.990863,0.189996,0.085220
36.833869,3.412399,2.953108,0.166078,0.096425
36.836988,3.235907,2.971614,0.162503,0.096701
36.840862,3.083244,2.950275,0.155055,0.093784
36.843488,3.231527,2.938649,0.139638,0.103131
36.847217,3.223992,2.937703,0.132549,0.102423
36.850379,3.075757,2.932201,0.125220,0.102075
36.853594,3.000120,2.918012,0.122357,0.070194
36.859390,3.036923,2.871576,0.125647,0.029189
36.863584,3.037637,2.854887,0.133793,0.020596
36.866165,3.036967,2.847508,0.130480,0.018398
36.868770,3.074631,2.838769,0.130121,0.038639
36.872001,3.046446,2.857484,0.115368,0.047512
36.876886,2.812930,2.853842,0.110364,0.030470
36.882981,2.990619,2.818444,0.092924,0.013429
36.885502,3.029644,2.804452,0.091628,0.013588
36.888160,3.035369,2.814844,0.098032,0.017712
36.890846,2.812487,2.796702,0.093095,0.000875
36.893635,2.994017,2.815765,0.096571,0.020888
36.896172,2.654484,2.822975,0.104706,0.020668
36.898815,2.797636,2.814935,0.113743,-0.011540
36.901473,2.615207,2.800426,0.115433,-0.012525
36.904376,3.021808,2.794425,0.107398,0.000486
36.907003,2.664200,2.803217,0.107547,0.003844
36.910164,2.837352,2.820039,0.113424,0.009202
36.912745,2.837352,2.807367,0.096066,0.021212
36.915276,2.837352,2.818565,0.101027,0.022020
36.917876,2.837352,2.828745,0.111337,0.019911
36.920954,2.837352,2.821550,0.112828,0.007975
36.925992,2.814545,2.819488,0.115790,0.006223
36.928515,2.990632,2.821436,0.116956,0.003733
36.934222,3.192462,2.822423,0.128370,-0.009690
36.939893,3.192462,2.829610,0.143468,-0.011269
36.942577,3.192462,2.840880,0.144131,0.004317
36.949911,3.192462,2.849590,0.156676,-0.004580
36.953216,3.192462,2.848972,0.159234,-0.004666
36.956207,3.192462,2.855081,0.157063,0.006557
36.959403,3.192462,2.861113,0.159386,0.007890
36.962347,3.192462,2.867237,0.159291,0.010907
36.965012,3.192462,2.872027,0.167432,0.009093
36.968190,3.192462,2.875524,0.169061,0.009058
36.970674,3.192462,2.876159,0.163901,0.013383
36.973256,3.192462,2.881377,0.158993,0.014709
36.975926,3.192462,2.893560,0.180624,0.015523
36.978559,3.192462,2.887151,0.167782,0.020685
36.981187,3.192462,2.880410,0.172118,0.019516
36.983865,3.192462,2.887949,0.171096,0.019439
36.986484,3.192462,2.888713,0.174332,0.014198
36.989163,3.192462,2.887803,0.178096,0.011504
36.991930,3.192462,2.886858,0.178849,0.012678
36.996904,3.192462,2.889948,0.175550,0.017085
36.999826,3.192462,2.896362,0.171319,0.037094
37.004985,3.192462,2.900574,0.153681,0.048596
37.009883,3.192462,2.887456,0.138480,0.059271
37.013183,3.192462,2.882160,0.137244,0.056616
37.017634,3.192462,2.885905,0.133404,0.054748
37.020166,3.192462,2.881390,0.126636,0.062769
37.022962,3.192462,2.880469,0.116106,0.063972
37.025905,3.192462,2.874660,0.105976,0.061696
37.030442,3.192462,2.865702,0.102948,0.062936
37.033181,3.192462,2.844056,0.107327,0.035595
37.042241,2.820690,2.835602,0.100750,0.040591
37.045344,2.729148,2.832925,0.090828,0.043010
37.047908,2.652910,2.829019,0.083493,0.047843
37.050783,2.841294,2.823015,0.072782,0.055196
37.053488,3.217374,2.817190,0.069689,0.049660
37.058241,2.774102,2.808114,0.070653,0.034859
37.064614,2.619977,2.799230,0.083574,0.009858
37.069474,2.803459,2.801116,0.090437,0.005826
37.073704,2.773654,2.796877,0.092927,0.006542
37.077086,2.766562,2.799200,0.092022,0.012208
37.079823,2.795873,2.802444,0.087479,0.017529
37.082445,2.990695,2.804771,0.085731,0.024314
37.086938,2.657372,2.805874,0.082045,0.026659
37.089593,2.774035,2.805907,0.084687,0.023634
37.092167,2.799287,2.803964,0.080131,0.026220
37.094817,2.992388,2.802301,0.085789,0.018175
37.097574,2.842957,2.801670,0.085961,0.018144
37.100508,2.807094,2.811519,0.097244,0.012764
37.103170,2.805899,2.795949,0.107187,0.011994
37.107036,2.840684,2.809098,0.092005,0.020645
37.111078,2.804700,2.810952,0.092252,0.019779
37.114173,2.805593,2.810304,0.092163,0.020662
37.116854,2.992639,2.810704,0.093718,0.019090
37.119659,2.848570,2.807569,0.092789,0.017166
37.122181,2.812274,2.807239,0.094522,0.015377
37.124863,2.812274,2.809197,0.089004,0.014330
37.129263,2.812274,2.810043,0.100324,0.008500
37.139955,2.993975,2.815650,0.109430,0.008777
37.143255,2.850077,2.815482,0.112093,0.006117
37.145846,2.805459,2.816437,0.112939,0.007234
37.148838,3.000120,2.817818,0.113178,0.009255
37.151482,2.994196,2.819761,0.117134,0.005212
37.154216,2.844101,2.820429,0.118790,0.005067
37.158062,2.852047,2.824537,0.125205,0.005208
37.164493,2.702640,2.831688,0.129183,0.003211
37.167204,3.029224,2.835634,0.132967,0.005347
37.169848,3.036497,2.838780,0.132562,0.008808
37.172600,3.009450,2.842078,0.137767,0.006903
37.175173,3.148709,2.842848,0.142582,0.005528
37.177813,2.845753,2.845587,0.145937,0.002248
37.180612,3.031654,2.846600,0.146929,0.002290
37.183431,2.986897,2.848766,0.151235,0.002311
37.186545,2.841859,2.852748,0.148791,-0.000000
37.191933,3.020706,2.869100,0.171700,-0.000000
37.194510,3.035661,2.861096,0.168451,-0.000000
37.199185,3.022257,2.868831,0.174443,-0.000000
37.201760,2.848931,2.874885,0.177485,-0.000000
37.204718,3.029285,2.865539,0.168139,-0.000000
37.207312,3.222177,2.877071,0.175547,0.002591
37.210170,3.075955,2.878248,0.176525,0.004318
37.212859,3.263518,2.880997,0.180318,0.004380
37.216267,2.895264,2.885054,0.181417,0.006232
37.218852,3.073122,2.888279,0.183361,0.010703
37.221790,2.859104,2.892274,0.184090,0.010778
37.224486,3.219228,2.892164,0.187113,0.011233
37.227469,3.262406,2.893404,0.187202,0.011309
37.230081,3.084001,2.897164,0.188424,0.011335
37.232667,2.814816,2.900428,0.194413,0.004945
37.235349,2.814816,2.899298,0.200533,-0.000000
37.237897,2.814816,2.917934,0.220535,-0.000000
37.244723,2.814816,2.897318,0.199918,-0.000000
37.250015,2.814816,2.942132,0.244732,0.003095
37.260860,2.814816,2.938164,0.240358,0.003201
37.263547,2.814816,2.942200,0.239525,0.005343
37.268251,3.032961,2.950324,0.250486,0.007330
37.273459,3.035421,2.959027,0.251608,0.010012
37.276838,3.375656,2.962507,0.255000,0.007503
37.279450,3.050354,2.966456,0.261550,0.007503
37.282480,3.039072,2.969177,0.264237,0.007570
37.285180,3.001522,2.971912,0.269655,0.007604
37.287704,3.044409,2.979932,0.278347,0.004183
37.291176,3.224240,2.980403,0.284016,0.003159
37.293854,2.851919,2.986843,0.284294,0.005144
37.296480,3.254109,2.991256,0.293135,0.005273
37.299511,3.272958,2.995813,0.291870,0.006836
37.302179,3.076065,3.001547,0.297260,0.009287
37.305170,3.039693,3.002685,0.300492,0.009373
37.307965,3.224286,3.009575,0.302764,0.009405
37.310929,3.038799,3.014376,0.309948,0.007025
37.314288,3.083841,3.022520,0.321295,0.003822
37.320656,3.227906,3.027184,0.323440,0.008839
37.325184,3.046524,3.036535,0.332659,0.006437
37.328888,3.077093,3.036747,0.335527,0.006456
37.331539,3.015081,3.039387,0.338159,0.006475
37.334083,3.262875,3.046622,0.345263,0.003957
37.336671,3.076068,3.047549,0.349568,0.003966
37.339516,3.079698,3.057760,0.359766,0.004029
37.346847,3.079698,3.064651,0.357537,0.009218
37.350164,3.079698,3.069205,0.359917,0.011873
37.352758,3.234500,3.052919,0.365827,0.019423
37.356112,3.457689,3.066860,0.337607,0.041147
37.359317,3.240516,3.043162,0.301463,0.059542
37.364414,3.309708,3.046494,0.285474,0.051194
37.370947,3.085772,3.013657,0.246372,0.038328
37.373594,3.227879,2.982681,0.266118,0.039881
37.376179,3.233979,2.968020,0.257039,0.034233
37.381193,3.262867,2.960453,0.241624,0.033004
37.383824,3.233139,2.971683,0.237614,0.041153
37.389271,3.262948,2.987648,0.233633,0.044686
37.391813,3.262948,2.980382,0.236068,0.045670
37.395852,3.262948,2.980609,0.234742,0.048305
37.398546,3.262948,2.978853,0.230300,0.045292
37.401566,3.455790,2.965533,0.249835,0.042034
37.404386,2.935638,2.958445,0.222515,0.036591
37.406928,2.997842,2.988962,0.254864,0.020864
37.409575,3.402769,2.973454,0.255498,0.015589
37.412746,3.053935,2.968222,0.264911,-0.003047
37.415326,3.042307,2.964495,0.268603,0.003311
37.419347,3.076924,2.971320,0.269360,0.004551
37.422270,3.046905,2.989599,0.288742,-0.000000
37.425244,3.410964,2.967365,0.285987,-0.001433
37.427823,3.298513,2.980567,0.286873,-0.003707
37.430442,3.085093,2.991468,0.297805,-0.003737
37.436677,3.078188,2.995146,0.305229,-0.003773
37.439737,3.078188,3.002601,0.309759,0.004654
37.447223,3.078188,3.018700,0.323525,-0.002343
37.451901,3.078188,3.022539,0.327430,-0.002293
37.454550,3.078188,3.024544,0.333869,0.011198
37.461869,3.078188,3.022871,0.319938,0.005523
37.465485,3.078188,3.037884,0.329022,0.011451
37.468500,3.302808,3.040045,0.332531,0.009874
37.472283,3.272692,3.041656,0.330654,0.013592
37.474809,3.310588,3.047664,0.337101,0.007833
37.477535,3.233851,3.050727,0.340167,0.007719
37.485330,3.274711,3.054738,0.352569,0.005802
37.487937,3.130582,3.061188,0.356539,0.007247
37.490502,3.227847,3.063454,0.358744,0.007317
37.493192,3.093183,3.066123,0.367978,-0.000000
37.495807,3.448471,3.085029,0.387629,-0.000000
37.498976,3.237105,3.076432,0.360260,0.009523
37.501500,3.455948,3.067188,0.391589,0.014268
37.505601,3.235995,3.106788,0.382465,0.026910
37.508562,3.078719,3.108916,0.385468,0.017432
37.512892,3.081987,3.110018,0.401480,0.013501
37.515500,3.234957,3.112385,0.414311,-0.000000
37.518183,3.263312,3.112442,0.415042,-0.000000
37.521445,3.307973,3.121312,0.423912,-0.000000
37.524480,3.280155,3.131223,0.430616,0.010033
37.530644,3.459714,3.143465,0.435959,0.006151
37.533298,3.308263,3.146953,0.446305,0.006130
37.536907,3.271915,3.154158,0.450613,-0.000000
37.539523,3.457583,3.178157,0.463146,0.003570
37.542202,3.307837,3.155099,0.454123,0.006016
37.549034,3.465611,3.198892,0.456403,0.025377
37.557833,3.093081,3.205692,0.479217,0.023692
37.560923,3.496118,3.200170,0.479059,0.025824
37.563484,3.244545,3.198508,0.471016,0.025486
37.571402,3.470637,3.194219,0.459096,0.030862
37.578268,3.317650,3.185540,0.454352,0.033235
37.581359,3.505389,3.185214,0.448068,0.032537
37.585226,3.282434,3.176373,0.445855,0.035074
37.588870,3.542004,3.175488,0.446500,0.035083
37.592701,3.691280,3.177565,0.450040,0.026930
37.598470,3.512974,3.181923,0.452288,0.032971
37.601192,3.653863,3.187464,0.455505,0.036210
37.603826,3.533973,3.195709,0.449196,0.049074
37.606548,3.509995,3.202344,0.455516,0.046585
37.609547,3.280432,3.205916,0.464992,0.043307
37.612083,3.459287,3.209004,0.463486,0.052932
37.615828,3.131011,3.221973,0.465630,0.058869
37.619666,3.541304,3.235806,0.453432,0.084819
37.622231,3.324581,3.218464,0.433131,0.099968
37.625926,3.686263,3.240315,0.439624,0.095639
37.628945,3.735291,3.233969,0.440051,0.092099
37.633511,3.550628,3.229796,0.426524,0.100466
37.636173,3.513326,3.217163,0.416119,0.103321
37.640270,3.320213,3.215246,0.403215,0.114236
37.642836,3.654123,3.191312,0.345584,0.119668
37.653755,3.317936,3.150219,0.333814,0.118572
37.656511,3.317936,3.142872,0.319533,0.144248
37.659087,3.317936,3.136764,0.287468,0.153180
37.661623,3.317936,3.135024,0.273141,0.163636
37.664257,3.317936,3.122393,0.223656,0.196424
37.670079,3.317936,3.106227,0.217419,0.160575
37.675291,3.317936,3.087448,0.226079,0.139768
37.677853,3.317936,3.047283,0.226328,0.112603
37.681004,3.317936,3.031947,0.209375,0.114778
37.683564,3.317936,3.022630,0.189504,0.110594
37.686192,3.279907,2.973395,0.157218,0.116662
37.691560,3.048604,2.967581,0.149801,0.114136
37.696106,3.037251,2.960543,0.147021,0.114969
37.698805,2.999826,2.950639,0.154923,0.080584
37.703221,3.009087,2.905401,0.116398,0.083483
37.705823,3.073068,2.885578,0.109515,0.077241
37.708519,3.186594,2.884609,0.097879,0.092039
37.711183,3.003170,2.862167,0.062608,0.096892
37.715201,2.849651,2.851488,0.056695,0.099764
37.719262,3.035021,2.857326,0.057202,0.081332
37.721853,2.994399,2.823645,0.071238,0.043319
37.727951,2.803244,2.806834,0.076880,0.027622
37.730933,2.850471,2.796659,0.064867,0.031552
37.733517,2.844803,2.796204,0.061421,0.037089
37.736460,2.810561,2.796172,0.060654,0.037621
37.739059,2.990758,2.794991,0.056477,0.040050
37.742586,2.812622,2.793333,0.062122,0.025661
37.745416,2.807004,2.788532,0.063008,0.026610
37.747916,2.805881,2.787023,0.090096,-0.004962
37.754315,2.945673,2.771455,0.093246,-0.000473
37.764863,2.803316,2.790082,0.081471,0.021135
37.767505,2.770094,2.795326,0.089113,0.028057
37.774034,2.953812,2.812912,0.095169,0.015582
37.778566,2.953812,2.804036,0.099932,0.005194
37.783797,2.953812,2.805662,0.099157,0.009062
37.786759,2.953812,2.819803,0.099468,0.018447
37.793632,2.953812,2.812117,0.107057,0.007570
37.796496,2.953812,2.798052,0.116177,-0.012157
37.799093,2.953812,2.800476,0.119893,-0.014585
37.801803,2.953812,2.801395,0.131230,-0.027339
37.804466,2.953812,2.796365,0.129316,-0.031110
37.810075,2.837162,2.808706,0.144042,-0.032847
37.812832,2.842351,2.810812,0.140490,-0.017837
37.815429,3.031518,2.815173,0.138077,-0.013625
37.818006,3.059702,2.845108,0.124958,0.022574
37.822223,3.037483,2.839311,0.104775,0.045462
37.825062,2.852283,2.842806,0.100966,0.033922
37.832206,2.806050,2.809968,0.084753,0.032148
37.834891,2.803698,2.819193,0.087244,0.038961
37.837509,2.805220,2.827240,0.092256,0.037392
37.840066,2.992564,2.822970,0.092174,0.033306
37.842688,3.032113,2.820246,0.095348,0.022312
37.845607,2.848983,2.821136,0.101706,0.022006
37.848188,2.812357,2.804130,0.092373,0.014332
37.850763,2.990830,2.810419,0.096884,0.012960
37.857189,2.665264,2.807611,0.098604,0.012293
37.859689,2.962493,2.806022,0.096508,0.012028
37.862248,2.834099,2.806241,0.095013,0.015652
37.864877,2.834099,2.805583,0.092443,0.013232
37.867521,2.834099,2.818221,0.099903,0.020821
37.870704,2.834099,2.815820,0.094486,0.024672
37.873456,2.834099,2.819374,0.106080,0.010510
37.885117,2.834099,2.814532,0.111820,0.002690
37.887664,2.834099,2.817619,0.108920,0.011291
37.892513,2.834099,2.823140,0.114609,0.009655
37.895232,2.834099,2.822556,0.122456,0.002688
37.898668,2.834099,2.823542,0.128390,-0.005747
37.904412,2.834099,2.832723,0.133321,-0.004465
37.911325,2.834099,2.836393,0.146519,-0.005630
37.913997,2.811300,2.841488,0.149113,-0.005029
37.916573,2.993780,2.842276,0.145397,0.000772
37.919504,3.044853,2.850750,0.155983,0.000841
37.926395,2.850865,2.856888,0.156304,0.008324
37.928937,3.378173,2.862192,0.160944,0.007847
37.932007,2.826583,2.867882,0.159821,0.015729
37.935056,2.843847,2.872205,0.143755,0.024365
37.937634,2.813249,2.878003,0.157264,0.023318
37.940291,3.181210,2.877578,0.159177,0.020954
37.943264,3.045072,2.876619,0.163764,0.015403
37.949474,2.814914,2.874392,0.168344,0.008876
37.953913,3.048512,2.860616,0.180073,0.007483
37.961047,3.002007,2.862963,0.183864,0.006447
37.963616,3.031921,2.875015,0.169885,0.007723
37.966195,2.850864,2.880648,0.165416,0.003795
37.971760,3.037476,2.876643,0.171506,0.008005
37.975252,2.999835,2.888882,0.172908,0.010263
37.977831,2.844447,2.884131,0.176341,0.010380
37.980999,3.031602,2.885135,0.176413,0.012844
37.983693,3.001680,2.887280,0.174991,0.014271
37.988238,3.039340,2.884382,0.171134,0.018301
37.990882,3.256366,2.884372,0.168610,0.017420
37.993501,3.031574,2.894065,0.163038,0.019568
37.996089,3.039087,2.878061,0.161039,0.019371
37.998816,3.261596,2.869746,0.150921,0.014827
38.001628,3.048288,2.859023,0.148923,0.012033
38.004626,2.852715,2.853440,0.146893,0.002410
38.009610,3.048157,2.841251,0.149499,-0.006361
38.012210,3.002342,2.845246,0.154762,-0.009343
38.017535,3.037593,2.844189,0.153571,0.000459
38.020217,2.852345,2.854748,0.157810,0.004307
38.024269,2.889452,2.860715,0.158754,0.019843
38.031196,3.410824,2.867843,0.155476,0.020401
38.034409,3.302965,2.876099,0.155019,0.027894
38.040201,3.039345,2.879760,0.158679,0.023662
38.042727,3.039389,2.878298,0.160092,0.011230
38.045359,3.000296,2.877590,0.172193,0.003560
38.048083,3.031579,2.872959,0.170521,0.005031
38.050650,3.037836,2.875225,0.174717,0.007549
38.053302,2.850378,2.875701,0.176122,0.005768
38.056193,2.999516,2.880467,0.184313,-0.000905
38.062203,3.039336,2.880498,0.187200,-0.007731
38.064870,3.224198,2.881407,0.191318,-0.005199
38.067545,3.076360,2.883520,0.193121,-0.003740
38.070069,3.233832,2.892262,0.201411,-0.006553
38.074334,3.082505,2.893153,0.202301,-0.003241
38.077233,3.040708,2.888604,0.191204,-0.000000
38.081216,2.852412,2.900092,0.209330,0.005584
38.086453,3.218961,2.906838,0.210782,0.001096
38.098686,2.859542,2.914170,0.217586,-0.000000
38.101806,2.859542,2.919008,0.214166,0.007439
38.104701,2.859542,2.924860,0.210217,0.019926
38.107443,2.859542,2.928906,0.213652,0.019003
38.111317,2.859542,2.930545,0.215233,0.017902
38.114215,2.859542,2.930290,0.219889,0.010957
38.117034,2.859542,2.929683,0.221614,0.010949
38.119640,2.859542,2.931150,0.222770,0.010975
38.122206,2.859542,2.929305,0.227380,0.004540
38.125325,2.859542,2.930758,0.232396,0.002032
38.132373,2.859542,2.934069,0.237463,0.002742
38.137342,2.850921,2.935672,0.233884,0.007972
38.139886,3.253621,2.941957,0.243271,0.002132
38.144198,3.265712,2.942435,0.237822,0.007267
38.147689,3.075073,2.946990,0.238983,0.010597
38.150534,3.227867,2.950404,0.247778,0.005323
38.153199,3.040908,2.963097,0.252592,0.005246
38.155832,3.231278,2.959066,0.261666,-0.000000
38.158439,3.044995,2.960191,0.268748,-0.000000
38.168010,3.271166,2.976122,0.273370,0.005351
38.170572,3.087833,2.981261,0.274973,0.008951
38.173207,3.087833,2.985156,0.284493,0.005462
38.179391,3.087833,2.994906,0.297402,0.005387
38.189633,3.087833,3.004728,0.300847,0.007442
38.193231,3.087833,3.006379,0.298081,0.015532
38.195962,3.087833,2.998651,0.284456,0.018972
38.202889,3.087833,3.022517,0.287960,0.018069
38.207848,3.087833,3.016576,0.300673,0.018281
38.210401,3.087833,2.996721,0.287945,0.011224
38.214199,3.087833,2.995360,0.287874,0.009955
38.217487,3.087833,2.997000,0.297966,0.001629
38.220676,3.087833,3.016840,0.307168,0.018435
38.223553,3.087833,2.998778,0.284738,0.016630
38.226599,3.087833,3.012774,0.292702,0.032044
38.229121,3.087833,3.031327,0.282710,0.028660
38.231712,3.087833,3.019217,0.297399,0.024400
38.234395,3.087833,3.030294,0.315484,0.016551
38.237223,3.087833,3.003593,0.322861,0.009789
38.240315,3.087833,3.017270,0.310323,0.006771
38.242850,3.087833,3.006493,0.320868,-0.001028
38.249298,3.087833,3.015219,0.322480,-0.000903
38.251896,3.087833,3.036836,0.337284,0.002147
38.254512,3.087833,3.013264,0.313968,0.001287
38.257197,3.087833,3.029176,0.345429,0.001341
38.259778,3.047007,3.040324,0.341598,0.001325
38.264421,3.047007,3.061235,0.363836,-0.000000
38.271879,3.227962,3.048940,0.351540,-0.000000
38.275896,3.458431,3.051441,0.354041,-0.000000
38.278359,3.497286,3.053872,0.356472,-0.000000
38.280938,3.133057,3.056320,0.378450,-0.000000
38.286398,3.133057,3.067087,0.369687,-0.000000
38.289507,3.133057,3.069740,0.372340,-0.000000
38.292553,3.133057,3.072294,0.377465,-0.000000
38.298718,3.133057,3.082679,0.385279,-0.000000
38.302286,3.133057,3.086293,0.382469,0.006480
38.304881,3.133057,3.090801,0.389219,0.006494
38.309409,3.133057,3.095429,0.386676,0.014779
38.311963,3.133057,3.104188,0.387832,0.018939
38.317884,3.133057,3.114709,0.397390,0.019913
38.320457,3.133057,3.132600,0.420274,0.014726
38.324578,3.133057,3.126779,0.414589,0.014550
38.327200,3.133057,3.111351,0.433921,0.015015
38.329866,3.133057,3.113098,0.424285,0.008214
38.333867,3.133057,3.149049,0.443308,0.008256
38.337270,3.133057,3.138635,0.439488,0.008288
38.339845,3.133057,3.145103,0.447703,-0.000000
38.342691,3.133057,3.147466,0.450066,-0.000000
38.345221,3.307247,3.151632,0.458430,-0.000000
38.348521,3.263834,3.160100,0.457604,0.005159
38.351260,3.457317,3.166082,0.472591,-0.000000
38.354361,3.324222,3.172243,0.474843,-0.000000
38.357076,3.535464,3.176595,0.483577,-0.000000
38.359557,3.510293,3.185391,0.487991,-0.000000
38.362214,3.432530,3.189836,0.492436,-0.000000
38.367933,3.281681,3.203055,0.500965,0.002883
38.371223,3.504718,3.207761,0.483591,0.007987
38.373834,3.504582,3.228477,0.517240,0.013829
38.376427,3.504503,3.215669,0.504621,0.015504
38.378975,3.506500,3.220021,0.514577,0.012107
38.381517,3.506980,3.224095,0.514260,0.019006
38.384206,3.499518,3.219816,0.498055,0.024803
38.392738,3.665155,3.219046,0.539523,0.025075
38.397641,3.501583,3.223084,0.517273,0.027947
38.402525,3.505477,3.237392,0.524289,0.015618
38.405544,3.506696,3.257913,0.548068,0.012433
38.408096,3.499516,3.226899,0.534483,0.012142
38.413732,3.507903,3.242123,0.538123,0.006590
38.416291,3.507181,3.263450,0.559255,0.006617
38.418905,3.881087,3.250189,0.552193,0.006661
38.422299,3.731785,3.237419,0.533555,0.006455
38.424888,3.364408,3.275705,0.530078,0.009712
38.427513,3.513239,3.258764,0.551271,0.010070
38.430128,3.469394,3.276865,0.551786,0.028828
38.434945,3.365502,3.251713,0.544372,0.033909
38.437626,3.932210,3.271237,0.534647,0.039138
38.440555,3.374377,3.294415,0.553335,0.036848
38.443712,3.697901,3.275167,0.532826,0.044898
38.446454,3.543439,3.298935,0.541230,0.062395
38.450612,3.347193,3.290944,0.528666,0.069875
38.453403,3.692282,3.312597,0.513786,0.110355
38.458959,3.721443,3.312202,0.475068,0.127039
38.461610,3.512698,3.320553,0.463680,0.159878
38.465851,3.502633,3.323758,0.452630,0.167327
38.471615,3.347893,3.312924,0.453442,0.161622
38.474203,3.692287,3.279245,0.413699,0.178823
38.480382,3.477617,3.266799,0.379966,0.201238
38.482916,3.506765,3.258123,0.358645,0.207946
38.485441,3.322191,3.244640,0.325104,0.193813
38.490713,3.319372,3.183671,0.289833,0.208569
38.495650,3.548678,3.148470,0.224321,0.224884
38.498270,3.282886,3.136125,0.203457,0.241798
38.500875,3.510289,3.123639,0.153580,0.259445
38.506550,3.235691,3.095956,0.144567,0.232004
38.509273,3.271252,3.060711,0.129408,0.207128
38.514433,3.273185,3.004092,0.114997,0.176167
38.518236,3.273197,2.927864,0.082911,0.132033
38.523208,3.078678,2.863491,0.030068,0.110625
38.529939,3.039631,2.808964,0.022669,0.084630
38.532506,3.076817,2.775364,0.019157,0.024683
38.535445,2.859843,2.750074,0.029203,-0.014376
38.538054,2.816449,2.712308,0.027287,-0.014561
38.542515,2.807770,2.733459,0.034920,0.002243
38.545287,2.807770,2.748175,0.038420,0.010117
38.549112,2.807770,2.736595,0.051039,-0.021264
38.555219,2.807770,2.726955,0.059031,-0.035859
38.557771,2.807770,2.721207,0.067252,-0.043904
38.561007,2.807770,2.714599,0.065688,-0.036769
38.563773,2.807770,2.728038,0.058851,-0.028393
38.566341,2.656401,2.736844,0.047957,0.002701
38.569065,2.844150,2.755349,0.039814,0.019556
38.578062,2.805739,2.764154,0.044850,0.021824
38.580613,2.994725,2.757948,0.062747,-0.010706
38.584572,2.768148,2.741536,0.058970,-0.016803
38.587221,3.037230,2.751216,0.063988,-0.012162
38.589796,2.852273,2.747307,0.060870,-0.010986
38.592592,3.037903,2.764136,0.054736,0.011953
38.599322,2.882340,2.773536,0.060705,0.011381
38.602262,2.806598,2.770762,0.062282,0.009497
38.605395,2.804149,2.771595,0.072261,0.002190
38.607957,2.805542,2.769439,0.077720,-0.005687
38.610510,3.030046,2.770622,0.076235,-0.001643
38.613103,2.658256,2.773712,0.078631,-0.001845
38.619559,2.999761,2.782196,0.074820,0.009957
38.622869,3.031601,2.788081,0.082405,0.010470
38.625476,2.665424,2.790295,0.085016,0.008116
38.628202,2.777565,2.790931,0.088035,0.005492
38.630788,3.031006,2.791688,0.089952,0.001253
38.633271,3.037721,2.792630,0.098658,-0.003248
38.636287,2.664984,2.795167,0.099957,-0.020071
38.643217,2.994135,2.796852,0.112713,-0.009789
38.647519,3.001246,2.805865,0.118412,-0.009959
38.650226,3.001246,2.807187,0.121656,-0.011944
38.653112,3.001246,2.810315,0.116157,-0.010826
38.655867,3.001246,2.812364,0.128335,-0.028787
38.659093,2.844729,2.808922,0.140225,-0.035449
38.662023,2.844729,2.805540,0.144598,-0.029357
38.667328,2.994205,2.813656,0.138983,-0.029010
38.669932,2.850968,2.821659,0.141789,-0.008003
38.676531,2.762197,2.838467,0.144455,0.000126
38.679259,3.029701,2.844528,0.146492,0.003557
38.681958,3.225636,2.839703,0.136194,0.005327
38.685361,3.030136,2.848393,0.142016,0.008932
38.687950,3.039326,2.853378,0.140373,0.015595
38.690465,3.039385,2.849763,0.121064,0.030359
38.694599,2.777543,2.859083,0.124616,0.046339
38.697931,3.066782,2.865723,0.120443,0.051369
38.702749,3.003087,2.862339,0.113699,0.046027
38.705296,3.037947,2.858866,0.118963,0.035107
38.707906,2.809379,2.832134,0.123823,0.007893
38.715537,2.992670,2.830237,0.120426,0.010318
38.719231,2.813083,2.830019,0.122371,0.010241
38.722546,2.807096,2.840712,0.124343,0.013865
38.725500,2.807580,2.837849,0.129888,0.010553
38.728219,2.807580,2.836128,0.131052,0.007671
38.730832,2.807580,2.836295,0.146778,0.002253
38.733468,2.807580,2.834787,0.144268,-0.000000
38.740112,2.807580,2.843836,0.148967,-0.002523
38.743229,2.807580,2.858731,0.160820,-0.005472
38.748216,2.807580,2.856342,0.166016,-0.005500
38.751781,2.807580,2.875031,0.183491,-0.005863
38.754447,2.807580,2.857900,0.165993,-0.005775
38.758241,2.807580,2.883584,0.192694,-0.001598
38.761208,2.807580,2.887046,0.191960,-0.002012
38.769684,2.807580,2.898565,0.192194,0.005416
38.777782,2.999771,2.910561,0.206650,0.006505
38.782488,3.265780,2.903076,0.203975,0.016009
38.788132,3.077462,2.914495,0.199981,0.019796
38.790951,3.079192,2.916927,0.203502,0.017378
38.794372,2.890086,2.917597,0.204277,0.011971
38.797215,3.055248,2.920293,0.210858,0.006670
38.800949,3.271803,2.906416,0.227448,0.005349
38.803594,3.078219,2.919138,0.216478,0.004211
38.806993,3.084600,2.923122,0.223439,0.004185
38.809617,3.040792,2.926681,0.229281,-0.000000
38.812788,2.820525,2.925646,0.225339,0.002965
38.815357,2.997705,2.930441,0.228175,0.004861
38.818869,3.037732,2.934915,0.234523,-0.000875
38.824216,3.224133,2.934037,0.241476,-0.000861
38.837403,3.228766,2.953439,0.250029,0.008923
38.840452,3.266553,2.958000,0.251656,-0.000000
38.843069,3.050566,2.957709,0.260309,-0.000000
38.856589,3.041208,2.976912,0.270295,0.009214
38.860310,3.084752,2.978784,0.263562,0.017991
38.862945,3.043294,2.983622,0.268134,0.017282
38.865563,3.041636,2.984166,0.269409,0.017344
38.868224,3.039847,2.986222,0.273512,0.018994
38.872601,3.041569,2.986959,0.274240,0.015256
38.875229,3.271347,2.987082,0.272002,0.017336
38.880908,3.050772,2.985200,0.287291,0.013565
38.883969,3.048468,2.969589,0.257584,0.021773
38.887097,3.233994,2.996961,0.241448,0.025220
38.889696,2.850818,2.985694,0.243781,0.042979
38.894942,3.083139,2.965852,0.206808,-0.003680
38.905863,3.226802,2.879213,0.193703,-0.013692
38.908501,3.076880,2.885943,0.203832,-0.022977
38.911071,3.080835,2.883121,0.211933,-0.024550
38.914061,3.047687,2.889972,0.217460,-0.025648
38.916589,3.228097,2.896246,0.219973,-0.006927
38.920575,3.274084,2.910484,0.217961,-0.000993
38.924395,3.235411,2.916739,0.218697,0.002204
38.927265,3.232041,2.917388,0.216300,0.003313
38.929885,3.264968,2.917683,0.212991,0.009073
38.933613,3.085831,2.910120,0.200902,0.011654
38.936219,3.233486,2.918297,0.205442,0.013007
38.939250,3.423644,2.918537,0.209917,0.007645
38.945004,3.079882,2.903374,0.212270,0.001708
38.947534,3.047496,2.907656,0.207980,0.002212
38.950216,3.225819,2.909174,0.209908,0.001815
38.954620,2.887848,2.908293,0.207482,0.002216
38.957456,3.007010,2.909231,0.216899,-0.005020
38.961601,3.183992,2.909272,0.221284,-0.009651
38.964271,3.183992,2.903317,0.215261,-0.000475
38.969434,3.183992,2.877362,0.173861,0.006095
38.972323,3.183992,2.879182,0.172560,0.008527
38.974916,3.183992,2.857595,0.150550,0.008290
38.977557,3.183992,2.832196,0.121878,-0.004710
38.983515,3.183992,2.788265,0.097215,-0.006363
38.986311,3.183992,2.782281,0.090677,-0.003044
38.989075,2.500798,2.769778,0.067133,-0.000151
38.993038,2.904922,2.761412,0.059663,0.002395
38.995705,3.450056,2.761514,0.058602,0.005459
38.998303,3.268177,2.771937,0.067025,0.008412
39.002492,3.217714,2.821389,0.121108,0.013836
39.007824,2.286300,3.014436,0.575488,0.183941
39.018227,2.710694,3.790776,0.823869,0.375723
39.021131,4.213207,4.516747,1.118305,0.919810
39.027305,5.107952,4.696659,1.095924,1.158528
39.029866,5.311651,5.739485,1.443932,2.356816
39.043549,6.909919,8.390920,2.481463,3.180317
39.046554,8.309481,9.211084,2.981469,3.759653
39.049141,9.658395,9.933176,3.488359,4.153443
39.052004,11.488062,10.939869,3.548644,4.990533
39.055006,11.153239,11.923025,5.093487,5.306024
39.058382,12.904154,14.098846,5.916315,5.764539
39.061221,12.727231,14.730899,6.324355,6.331303
39.063693,14.721127,16.705116,7.110870,6.810492
39.066231,14.566465,18.294849,8.314102,7.864054
39.069104,17.542339,19.328396,8.570335,8.938942
39.073493,21.119846,23.429241,10.497200,11.135933
39.077856,20.791168,25.234882,10.321556,15.304274
39.087626,29.350651,28.299049,8.685259,16.659189
39.090464,29.350651,30.108498,9.401532,18.224655
39.093476,29.350651,29.911562,8.052378,18.825298
39.096231,32.422531,30.784876,7.615307,19.458986
39.099529,33.658192,30.337004,7.254320,19.971130
39.102250,34.093769,30.817398,7.209862,20.349987
39.107452,35.751137,29.590199,5.599151,20.871603
39.111531,35.751137,28.458672,4.801165,20.382687
39.114402,35.751137,28.577412,4.677461,20.319212
39.117238,35.751137,28.035946,3.969309,20.084690
39.120236,35.751137,27.486155,3.878742,20.246393
39.122733,34.192791,27.293705,3.750355,19.937077
39.125338,31.798943,26.498337,3.376366,19.711651
39.128511,32.145866,26.005352,3.112036,19.300327
39.131328,31.383467,25.721186,2.915137,19.294636
39.133867,30.965494,25.434393,2.771236,18.715302
39.136919,29.950779,24.746952,2.485007,18.583633
39.139850,29.043118,24.994781,2.490553,18.455204
39.144314,28.495667,24.064659,2.199803,18.036367
39.146909,27.909395,23.736473,2.235520,17.325207
39.154539,27.608988,23.548214,1.894381,17.689976
39.158777,27.608988,23.849304,1.944766,16.831087
39.161345,27.608988,22.146061,1.565355,16.981321
39.163869,27.608988,22.982439,1.735835,17.465666
39.166605,27.608988,20.792150,1.245615,16.427652
39.169900,27.608988,21.942928,1.431734,16.650169
39.172549,27.608988,21.311180,1.277088,15.620565
39.177921,27.608988,21.954071,1.359540,16.669998
39.180505,27.608988,20.236443,1.073790,15.606962
39.183078,27.608988,18.885483,0.921259,13.939325
39.188625,27.608988,20.984522,1.125256,16.015976
39.191231,27.608988,21.218235,1.095769,15.148687
39.194020,27.608988,19.749367,0.960251,15.555080
39.200672,27.608988,22.365852,1.258069,17.361530
39.203652,27.608988,22.633661,1.372989,17.770767
39.208247,27.608988,24.075359,1.408329,18.483040
39.210772,27.608988,24.834612,1.607076,20.516420
39.214847,27.608988,26.357927,1.553396,20.177397
39.217523,27.608988,26.619987,1.619695,20.706823
39.220241,27.608988,27.471859,1.653622,21.782642
39.222840,27.608988,27.887600,1.762713,21.930126
39.225498,29.670216,28.041100,1.503096,20.928375
39.228225,30.084766,27.259121,1.505106,21.237406
39.230794,29.373915,28.885500,1.609577,21.622997
39.233609,30.009455,26.845173,1.376829,20.814550
39.236250,29.376221,27.724396,1.402358,22.293486
39.238873,29.757595,28.554129,1.560813,22.163252
39.241608,31.006079,29.631359,1.678542,24.868481
39.247641,34.366444,33.235012,2.218466,26.316635
39.250269,36.082890,34.637726,2.487411,29.410511
39.252867,38.596241,37.018131,2.942698,30.344431
39.255697,39.470768,38.428040,3.097494,30.616186
39.258247,40.894073,40.507141,3.438183,34.014828
39.261021,42.764549,43.303268,3.861625,34.668655
39.264737,45.708389,42.697449,3.736202,35.109528
39.270054,45.992733,47.505684,4.640326,37.897900
39.272672,49.876560,46.741409,4.740875,37.486832
39.277727,49.734825,47.798332,4.726614,37.467453
39.280865,49.244995,46.451244,4.629674,38.088898
39.285844,50.803471,47.500786,3.871776,37.886093
39.294791,51.988670,47.711163,3.856143,38.289757
39.297627,53.104294,48.873100,3.964321,39.129730
39.300253,53.109772,50.005516,4.068407,39.638638
39.303136,56.108818,49.320759,4.125133,40.167732
39.305989,55.279320,52.749268,4.670091,42.268932
39.310363,57.787186,52.369041,4.514300,40.880512
39.312863,57.890289,51.061310,4.563992,41.859173
39.315606,56.323910,52.511234,4.764492,41.664799
39.318345,55.541962,50.559105,4.283953,39.167004
39.321938,55.092911,48.273403,4.043809,37.811146
39.324567,53.824711,47.047535,3.676531,36.751778
39.327802,51.266415,47.086269,3.607239,36.850758
39.330401,52.984234,45.023193,3.191809,35.079742
39.334538,50.834442,45.571445,3.096327,35.460396
39.340574,54.130394,47.770245,3.262876,38.363647
39.343236,52.931087,48.319973,3.011953,37.758816
39.345877,52.650055,47.421066,3.065870,37.543480
39.348498,54.532013,47.867317,3.107105,38.052910
39.351241,51.463467,47.855762,2.781169,37.417068
39.354227,50.163898,45.682014,2.589462,33.843830
39.357629,50.962284,42.578804,2.280368,33.042351
39.360236,49.200378,40.788013,2.196567,30.308832
39.362915,48.812244,39.545387,1.735313,29.937134
39.366397,48.985008,38.142117,1.669768,26.372814
39.368988,45.047928,35.419334,1.467030,26.210512
39.371648,44.093987,38.391888,1.607292,29.167004
39.374812,44.093987,38.309193,1.588823,29.915718
39.377319,44.093987,39.076202,1.783654,31.343845
39.379911,44.093987,41.083294,1.933545,31.601807
39.382581,44.093987,43.053879,1.983013,34.061134
39.385131,44.093987,43.695812,1.788037,31.626352
39.387822,44.093987,42.520618,2.081140,32.824551
39.393419,44.093987,37.497246,1.486464,27.884912
39.398239,44.093987,41.992599,1.933299,29.698563
39.402619,44.093987,36.593925,1.941904,33.171062
39.405637,44.093987,43.273037,2.051198,36.468906
39.411239,44.093987,46.972359,2.543333,39.466957
39.413883,44.093987,47.048737,2.359192,36.429501
39.416636,44.093987,49.864029,2.574199,40.024025
39.420049,48.547924,51.330345,2.707905,40.226608
39.422643,48.547924,48.673111,2.516385,36.527161
39.425258,48.547924,48.232399,2.381691,37.060005
39.428639,50.031807,49.089462,2.331632,39.356056
39.434032,56.743172,52.915909,2.824614,45.163925
39.437699,58.414879,56.201271,2.814491,44.517616
39.440414,62.320026,58.308609,3.063372,49.018826
39.443253,61.700836,61.143845,3.317274,48.426018
39.445883,61.657284,62.258247,3.148816,47.788319
39.454987,60.788658,58.247097,2.679456,47.084530
39.460046,65.125580,60.043816,2.804545,47.872974
39.463267,68.075638,57.314888,2.621019,45.677624
39.468465,67.741333,55.481171,2.257047,39.988209
39.471680,67.741333,48.259689,1.865642,36.635265
39.474533,67.741333,43.530647,1.635259,26.268562
39.477265,67.741333,29.641617,0.688897,16.835466
39.480897,67.741333,27.574675,0.291135,11.083377
39.483515,67.741333,15.769941,0.178393,-0.491150
39.490537,67.741333,-2.845744,0.203517,-13.011509
39.496745,67.741333,-3.122892,0.166138,-17.539660
39.500428,21.155306,-13.424906,0.629870,-23.711618
39.504503,21.155306,-17.189983,0.829994,-30.294441
39.507129,21.155306,-20.150955,1.356746,-33.530106
39.512227,21.155306,-24.158840,1.530840,-36.271442
39.514931,21.155306,-25.612053,1.567781,-33.976440
39.517595,21.155306,-25.011780,1.626027,-35.376804
39.521643,21.155306,-30.441427,2.199679,-41.309635
39.524540,21.155306,-34.913181,2.660176,-49.788406
39.529269,21.155306,-34.673172,3.040292,-49.192204
39.532494,21.155306,-40.800293,3.630326,-52.709625
39.536948,21.155306,-40.992966,3.522379,-51.963631
39.539750,21.155306,-44.001194,4.017682,-56.160187
39.542283,-24.226938,-44.434433,4.020669,-53.038105
39.544848,-34.233387,-41.320778,3.807058,-56.806797
39.547505,-38.654583,-45.581223,4.270430,-57.692207
39.550075,-40.517944,-42.971130,4.107925,-56.375809
39.552976,-39.259640,-44.480545,4.008837,-54.527096
39.555515,-39.047527,-43.256828,4.078528,-54.785168
39.558144,-37.390141,-43.838310,4.112617,-50.651955
39.561030,-34.222965,-39.896919,3.423934,-49.219925
39.563649,-33.755318,-35.894501,3.051950,-45.888924
39.566257,-31.782265,-32.610302,2.595260,-42.075710
39.569394,-29.736454,-32.680088,2.540555,-40.415371
39.571954,-27.643930,-29.429327,2.275656,-38.297009
39.574527,-27.243984,-26.000916,1.873667,-35.291908
39.577295,-25.891266,-26.852568,1.992416,-35.236591
39.579928,-25.191534,-25.285896,1.810813,-33.496376
39.582818,-25.527342,-25.650681,1.804891,-34.081257
39.586879,-25.694054,-25.874458,1.834451,-37.649822
39.589442,-24.778011,-27.629387,1.777904,-32.825226
39.596663,-23.301203,-22.059778,1.581805,-29.082863
39.599554,-23.301203,-18.420031,1.296035,-25.689320
39.602238,-23.301203,-16.393879,1.109673,-23.382647
39.604740,-23.301203,-14.342390,0.943504,-18.587830
39.607320,-23.301203,-12.119572,0.778717,-18.410921
39.610259,-23.301203,-10.714821,0.662882,-15.711428
39.612894,-23.301203,-8.214768,0.406048,-12.905161
39.619834,-23.301203,-6.541029,0.369656,-12.315392
39.622635,-23.301203,-7.083463,0.388755,-14.265867
39.625272,-23.301203,-8.295512,0.556986,-14.521271
39.627861,-23.301203,-6.227588,0.493421,-12.118078
39.630679,-23.301203,-5.912364,0.457575,-12.422327
39.633240,-23.301203,-6.580556,0.473656,-11.278536
39.636389,-23.301203,-2.925570,0.407912,-7.677460
39.641498,-23.301203,-2.162494,0.421933,-6.828681
39.644129,-23.301203,0.243062,0.276689,-4.501892
39.648517,-23.301203,0.263014,0.245012,-3.364775
39.651623,2.386102,1.620649,0.104420,-2.912987
39.655970,3.932735,2.229036,0.093041,-3.521686
39.659307,4.397689,1.638215,0.151325,-2.084007
39.662657,3.948278,0.622578,0.157270,-3.539491
39.667337,3.507529,1.457583,0.227103,-5.891911
39.669900,3.317276,1.093864,0.143593,-6.497263
39.672939,3.061274,-1.433397,0.222989,-7.174082
39.675550,2.509395,-2.897767,0.293387,-8.057162
39.678237,1.385083,-3.635362,0.277172,-7.071462
39.681235,0.302072,-3.655961,0.251956,-8.701220
39.684598,-0.155058,-5.052761,0.294948,-9.588967
39.689901,-0.426415,-3.790842,0.249266,-8.690633
39.692400,-0.389857,-5.937234,0.389297,-11.495585
39.699056,-1.711037,-5.194178,0.473669,-10.827842
39.701696,-1.812898,-6.554749,0.522419,-11.544336
39.704625,-1.836493,-5.627620,0.479667,-11.268248
39.707318,-3.173924,-6.321972,0.578992,-13.919562
39.715246,-4.021895,-8.812133,0.854435,-16.168110
39.726249,-6.863703,-10.581300,0.991932,-16.193657
39.728945,-7.450229,-10.982626,0.915968,-14.784824
39.731658,-8.028046,-11.534759,1.193748,-16.840885
39.734242,-7.572969,-11.244713,1.140554,-14.376825
39.737242,-7.189360,-10.661129,1.152913,-15.809557
39.740090,-6.359467,-10.026693,1.079518,-15.068265
39.742823,-7.645323,-9.148893,0.987149,-14.440428
39.745353,-6.928427,-9.464624,1.108360,-14.297821
39.747891,-6.254737,-10.588564,1.428844,-15.876314
39.750588,-6.600726,-9.806499,1.559666,-15.659351
39.753580,-8.606480,-9.735461,1.411399,-14.923191
39.756275,-8.791245,-9.182655,1.334160,-15.357885
39.759580,-8.170727,-9.926350,1.738851,-15.372760
39.762462,-7.365974,-9.478420,1.666320,-15.225964
39.764987,-7.014044,-9.703207,1.665300,-14.254715
39.767617,-8.261362,-8.874754,1.665441,-14.112133
39.770243,-7.808635,-9.308096,1.852118,-13.971251
39.774739,-7.540240,-8.468322,1.767046,-13.625149
39.777295,-7.272290,-8.335588,1.684824,-13.007885
39.784730,-7.595998,-8.084856,1.585912,-12.118214
39.788943,-7.078766,-7.237951,1.585545,-12.127463
39.791690,-6.629702,-7.370400,1.614478,-12.301536
39.794359,-5.208532,-6.748631,1.544363,-11.124855
39.796972,-5.155045,-6.308729,1.304699,-10.910193
39.805483,-4.598819,-6.153323,1.498157,-10.305643
39.807991,-5.008244,-5.139799,1.378235,-9.319007
39.811110,-3.582618,-4.769392,1.648994,-10.294966
39.813709,-4.244443,-4.655795,1.473360,-9.263850
39.816396,-3.261689,-3.404140,1.271391,-8.334387
39.819532,-2.880291,-3.986760,1.421886,-8.143895
39.822557,-2.456380,-2.757581,1.150337,-7.737750
39.825145,-2.533756,-3.453023,0.926108,-6.402755
39.828260,-1.991551,-1.814319,0.915392,-5.751896
39.834393,-0.765920,-0.834954,0.593402,-4.346467
39.838610,-0.765920,-1.139953,0.667477,-4.076385
39.841277,-0.765920,-0.057796,0.397589,-3.341636
39.845534,-0.765920,-0.128748,0.294408,-2.394317
39.857552,1.003177,0.494689,0.326435,-2.679992
39.860600,0.669110,0.971604,0.298434,-1.892601
39.863178,0.577161,1.001099,0.350437,-2.177396
39.866506,1.125805,1.121006,0.289591,-2.110541
39.869163,1.821230,0.964459,0.336823,-2.104146
39.871775,1.558289,1.093679,0.300435,-2.019841
39.874422,1.267458,1.113056,0.400012,-2.306552
39.877964,1.179959,1.174734,0.298347,-1.917223
39.880489,1.643742,1.023719,0.341506,-2.121727
39.884318,1.286050,1.312602,0.330450,-1.992638
39.886926,1.874554,1.199525,0.519863,-2.244900
39.889558,1.375702,1.148404,0.583748,-2.204780
39.892261,1.460494,1.340711,0.713098,-2.346853
39.899652,1.117869,1.465982,1.107667,-2.574736
39.907285,1.826470,1.616528,0.831282,-1.943742
39.910308,1.855587,1.920163,0.723644,-1.482758
39.912928,2.453264,2.018455,0.861844,-1.528827
39.915524,2.496826,2.166821,0.830767,-1.021245
39.922062,2.713305,2.619837,0.844781,-0.926189
39.924911,2.573627,2.710944,1.033741,-0.965058
39.927748,3.041745,2.846989,1.094905,-0.950763
39.930251,3.026349,2.953886,1.152998,-0.811704
39.932866,3.395270,3.092264,1.228016,-0.671665
39.935586,3.469054,3.450879,1.246470,-0.494346
39.938266,3.669811,3.667551,1.314674,0.086535
39.943586,4.165999,4.388565,1.349669,0.340715
39.946301,4.553200,4.667359,1.445789,0.662080
39.948860,4.553200,4.928182,1.566633,0.775561
39.951446,4.553200,5.456899,1.883608,0.872962
39.954324,4.553200,5.738081,2.027749,1.205656
39.956863,4.553200,6.053924,2.145616,1.416830
39.959426,4.553200,6.834309,2.664204,1.842504
39.964821,7.281216,8.021896,2.753415,3.369939
39.971396,9.227247,8.696477,2.665547,3.974538
39.975152,9.292648,9.815222,3.345875,4.084117
39.977743,10.064200,10.161575,3.046170,4.370213
39.981076,11.122887,10.334581,3.328242,5.107982
39.983642,11.136244,11.580463,3.580745,5.241723
39.986242,11.358876,12.196957,4.162965,6.097314
39.991791,12.474104,12.549767,3.501800,6.264377
39.994293,14.371764,12.990972,3.427403,7.146051
39.997011,14.334518,13.754386,3.279289,7.338347
39.999634,14.920504,14.432797,3.672040,7.923058
40.002684,15.583141,14.870415,3.902342,8.295386
40.005256,16.323709,14.610370,3.543055,8.616967
40.007768,16.408260,15.112571,3.369471,9.403931
40.013400,17.268782,15.686272,3.315499,9.492305
40.016690,17.268782,16.368048,3.538770,10.088015
40.019536,17.268782,16.413433,3.213200,10.242369
40.022553,17.268782,16.259499,2.645792,10.675238
40.029179,17.268782,16.382904,2.968431,10.937910
40.034427,17.268782,16.086084,2.297706,10.743255
40.036993,17.268782,16.217995,2.092204,10.874130
40.041251,17.268782,16.179096,1.796440,10.202765
40.043964,17.268782,15.293585,1.697644,10.867260
40.047313,17.268782,16.048342,1.790553,10.485577
40.049870,17.268782,15.166065,1.609252,10.342276
40.052540,17.268782,15.536077,1.801657,10.464199
40.055137,17.268782,15.475337,1.642072,10.579329
40.060604,17.268782,14.958588,1.536466,10.795496
40.063257,17.268782,15.829165,1.778671,11.468147
40.068358,17.268782,16.182947,1.708781,11.350817
40.072076,17.268782,17.501881,2.050052,12.139393
40.074649,18.244156,17.476950,2.021797,12.742845
40.077416,19.689329,18.399809,2.116161,14.181818
40.083337,20.944990,20.031338,2.400536,14.206540
40.085923,21.501411,21.307468,2.654665,15.249879
40.090283,22.017359,21.593117,2.671393,15.778891
40.092974,23.919107,22.065201,2.683170,15.805722
40.097397,24.189470,21.737701,2.894954,17.285566
40.099908,24.454239,23.739115,2.866756,17.344501
40.102700,25.520716,24.564251,2.596677,18.318914
40.110444,27.362732,25.044355,2.647259,19.130367
40.113844,27.657679,25.167555,2.519704,18.919594
40.116722,27.697912,25.801847,2.593922,18.985508
40.119481,29.135372,25.195671,2.257608,18.961555
40.122022,27.966705,25.997343,2.254157,19.483074
40.125802,28.657902,25.698507,2.326343,19.459663
40.128548,28.906158,25.777493,2.277698,19.559586
40.131082,28.719511,25.752930,2.075886,19.156689
40.133715,28.520222,25.863779,2.120400,19.709366
40.136471,28.847725,26.724413,2.327008,20.293194
40.139251,29.991671,26.743608,2.245703,19.827690
40.141936,29.693054,27.208935,2.275975,20.831516
40.144543,30.738604,27.707129,2.651345,21.376871
40.147257,30.912121,28.278912,2.638983,22.451517
40.151681,32.240005,30.318514,3.046323,23.103083
40.154496,32.433105,31.151020,3.145084,24.988560
40.159328,34.368797,32.750698,3.236758,25.246517
40.162820,35.881012,32.901688,3.131322,25.780844
40.165296,35.881012,33.261486,3.330787,27.293219
40.167904,35.881012,33.749641,3.050432,26.225130
40.170903,35.881012,33.533642,2.818158,26.192968
40.173542,35.881012,33.558083,2.649249,26.664978
40.177071,36.510883,32.944798,2.405937,25.137110
40.181051,37.122036,32.050674,1.953061,24.443874
40.184316,35.670357,31.124081,1.924496,24.315821
40.187032,36.059265,31.108988,2.137425,25.193773
40.189917,35.048130,31.365833,1.888777,24.585911
40.192640,35.562836,31.398586,1.963608,25.435102
40.195255,36.077953,33.456718,2.425393,26.098667
40.200598,36.004154,34.327965,2.532125,28.221943
40.203173,39.328388,35.872566,2.777874,28.133322
40.206154,38.723015,37.191513,2.720485,28.969107
40.212431,40.730606,40.146698,3.183960,31.869755
40.216540,41.552311,38.495522,2.719531,30.120796
40.222345,42.006889,38.131508,2.384723,30.112801
40.224995,41.048866,37.932091,2.098307,29.466908
40.227992,40.816418,36.406837,1.928519,28.863605
40.230825,41.733810,35.970970,1.856508,28.228985
40.233393,40.182762,35.354095,1.686540,27.924278
40.236110,39.401424,34.702660,1.584681,27.329817
40.238714,40.033947,35.049473,1.673663,28.205404
40.241300,40.024708,35.784885,1.820958,28.302292
40.244094,40.750168,38.198116,2.128217,30.204016
40.247083,42.880005,39.224678,2.236017,32.030136
40.251082,43.510960,40.166618,2.310014,32.452629
40.253572,43.735550,42.645901,2.653826,34.151978
40.256255,43.961990,43.588310,2.724890,35.164703
40.258844,46.452045,43.726631,2.653485,35.437725
40.261352,46.074009,44.137558,2.525996,35.021328
40.264084,46.393600,42.747147,2.382342,34.194695
40.266691,46.342060,41.620903,2.239007,32.189587
40.269263,45.540413,40.386044,1.987725,31.738789
40.273723,45.348083,39.882133,1.896527,30.788805
40.278265,45.348083,40.352276,1.898036,32.238266
40.281310,45.348083,44.129219,2.301275,35.233253
40.286398,45.348083,44.821655,2.348065,38.132896
40.291638,49.207218,47.126995,2.459052,38.010479
40.294510,51.334702,48.670895,2.572580,39.866676
40.297132,51.201820,49.222485,2.451148,39.289082
40.299718,52.278851,47.073853,2.208946,37.901707
40.302304,52.173431,47.874969,2.300177,35.813396
40.305256,53.298126,44.876259,1.804697,34.730179
40.307893,53.177387,43.869778,1.832301,34.679222
40.315011,49.776604,45.709961,2.146065,35.916126
40.317654,51.091980,45.735619,2.081406,36.182556
40.320165,52.608734,49.686310,2.404593,39.865807
40.322726,52.397629,50.821236,2.505631,40.347176
40.325312,56.284752,50.234943,2.710533,43.029137
40.327936,55.016418,52.337173,2.484644,42.314690
40.330546,56.420479,51.085243,2.361937,42.250572
40.333002,54.261127,52.367661,2.210984,40.230251
40.335732,54.975803,51.459637,2.309714,41.258598
40.338649,54.092880,48.894005,2.036954,38.669472
40.344258,53.181446,46.474949,1.918198,36.744083
40.348740,52.090561,49.647625,2.066359,41.084251
40.351376,53.588318,51.569252,2.263437,40.244144
40.354557,56.934608,52.120865,2.328320,44.857506
40.362157,57.839504,53.125896,2.102464,41.783669
40.364898,57.714111,52.399323,1.876927,41.192833
40.367578,55.388027,51.096630,1.867861,40.402958
40.370140,57.090885,51.159378,1.836260,40.437836
40.372678,54.275879,49.684784,1.663258,38.774513
40.375183,55.336536,49.552299,1.809974,39.843601
40.377830,53.921711,51.589981,1.899267,40.623108
40.380366,54.313946,53.785374,2.156404,43.711220
40.382922,55.580948,55.034668,2.374353,45.870327
40.385956,55.580948,57.270950,2.286365,45.902187
40.388626,55.580948,57.283600,2.280324,48.562531
40.391783,58.328590,59.398464,2.447567,47.690968
40.394515,58.328590,55.277962,1.977047,44.794094
40.397333,60.439392,56.374310,2.041193,44.369678
40.399912,59.646744,52.857132,1.903615,44.362228
40.404981,59.654835,56.348442,2.208297,45.263187
40.407573,63.922405,58.794956,2.438390,48.302799
40.411962,65.491158,63.686356,2.506368,51.145264
40.418257,66.558884,65.394653,2.598316,50.367798
40.420956,64.092087,62.881020,2.173528,49.230099
40.424554,65.988449,60.465706,1.937090,48.505547
40.427173,65.296822,61.104149,2.071145,48.580391
40.433283,68.100525,61.305973,1.978369,48.073708
40.435895,68.020500,61.644581,2.033742,48.961815
40.438487,66.586899,59.925922,1.873321,45.475136
40.441021,67.691490,57.977440,1.517554,44.283279
40.443582,67.691490,56.822922,1.605557,44.390160
40.446132,63.221504,51.345535,1.181894,39.196178
40.448718,59.189980,46.946598,0.917674,33.138763
40.451383,57.009357,45.173103,0.734170,30.747566
40.454189,53.765877,40.871155,0.640842,27.945927
40.457059,53.765877,39.710865,0.539920,27.624832
40.460489,49.965981,38.335068,0.505915,25.136833
40.463427,49.965981,36.705654,0.319431,20.969788
40.467638,49.965981,30.767826,0.290668,19.337158
40.470714,49.965981,25.532593,0.092262,9.577405
40.476428,49.965981,18.995003,0.045383,5.617651
40.478942,49.965981,16.996944,0.005473,0.746991
40.481902,49.965981,12.453917,0.021936,2.497079
40.487262,49.965981,13.704104,0.032431,3.274735
40.490434,49.965981,12.752337,0.062032,1.411981
40.493059,49.965981,12.443836,0.035534,1.245160
40.495538,49.965981,12.217237,0.043446,-1.126519
40.498094,49.965981,9.740952,0.030226,-4.522946
40.501073,49.965981,6.558098,0.066689,-4.722563
40.503573,49.965981,8.585854,0.031583,-5.499641
40.509534,49.965981,5.486036,0.031734,-4.461342
40.512008,49.965981,6.787989,0.035269,-4.105526
40.514544,10.753161,5.837909,0.072623,-4.001058
40.521394,10.065504,6.849163,0.064712,-3.277270
40.525431,10.051156,6.410830,0.069028,-6.190854
40.529659,8.720694,6.390579,0.037416,-4.299088
40.533082,10.019526,9.321454,0.059498,-3.413181
40.537266,10.940884,7.220089,0.047091,-2.363023
40.539970,10.040699,8.702269,0.058711,-2.649512
40.544299,11.173389,7.332236,0.024022,-0.923861
40.546998,11.016044,9.644307,0.043048,-2.406724
40.549658,12.108386,9.667704,0.044574,-0.928324
40.552284,11.748557,10.513397,0.018908,-0.480443
40.555274,12.978933,10.101133,0.059206,2.514145
40.557927,13.568587,12.900979,0.050941,2.368520
40.562154,13.917849,13.033935,0.048378,5.702257
40.565221,15.989642,16.215403,0.099436,6.835065
40.570985,16.945812,17.368469,0.132834,8.547285
40.573798,17.458603,18.223116,0.164232,7.628628
40.576288,17.926601,18.806969,0.157992,8.819487
40.578904,18.986504,19.454239,0.209642,9.225941
40.581564,21.155701,23.210232,0.259809,12.564722
40.584983,22.570869,21.382799,0.202805,10.744555
40.587897,24.831387,25.129341,0.274645,12.233781
40.594943,26.375912,22.940599,0.192771,12.774149
40.597682,26.458187,25.482941,0.239793,15.647650
40.601923,26.468597,22.272530,0.165059,11.535654
40.604555,28.649719,21.793503,0.119127,13.610926
40.607379,27.992504,24.376427,0.143353,13.172873
40.609911,27.131140,23.925133,0.171791,13.177730
40.612714,27.965355,24.941317,0.184078,14.598989
40.615291,27.950949,25.325962,0.194952,12.935680
40.621147,27.569275,23.656418,0.117013,10.268902
40.624068,27.661701,24.691875,0.210270,13.902906
40.626653,26.600132,22.694319,0.134373,12.655371
40.629259,29.002176,26.276031,0.237247,17.159309
40.633565,29.620169,25.880653,0.243533,20.669628
40.641147,32.781231,31.418657,0.449805,20.708565
40.643688,35.246098,31.647535,0.467438,20.794069
40.646286,33.609684,31.615688,0.471162,18.770632
40.648894,34.288963,29.619007,0.340114,17.821558
40.651482,33.609329,23.014418,0.246670,12.994111
40.657405,32.813927,23.808048,0.184884,10.836262
40.663012,29.961430,20.482246,0.144638,10.002014
40.666388,27.841888,16.893330,0.077067,1.815010
40.670316,25.632416,10.434614,0.026465,-0.927380
40.672945,21.791521,9.446119,0.081446,-8.769243
40.677720,17.754990,0.430898,0.118527,-10.014398
40.680304,15.077478,0.479355,0.141635,-14.767123
40.682890,9.948780,-7.495664,0.430385,-16.021902
40.690001,9.948780,-9.559657,0.581793,-19.997187
40.692605,9.948780,-11.702168,0.661728,-20.566767
40.695331,9.948780,-10.273663,0.723154,-22.313602
40.697968,9.948780,-12.465172,0.751938,-26.682047
40.701304,9.948780,-16.370150,0.683642,-24.479712
40.704535,9.948780,-16.836555,0.818700,-29.371784
40.707285,9.948780,-19.642145,0.976388,-33.416416
40.710915,9.948780,-22.940929,1.198905,-32.654984
40.713916,9.948780,-23.529329,1.261584,-33.868713
40.716489,9.948780,-25.271156,2.143566,-41.153694
40.726289,9.948780,-29.620058,1.991438,-42.007065
40.728957,9.948780,-31.186968,2.457389,-43.236450
40.733308,9.948780,-32.250538,2.529766,-43.598518
40.736042,9.948780,-32.245354,2.395131,-41.292084
40.739018,-19.145765,-30.683901,2.569327,-42.286953
40.742453,-27.461761,-32.076260,2.620142,-41.526737
40.745030,-28.559351,-31.107595,2.738407,-43.420650
40.747626,-28.394758,-33.424568,2.763560,-44.144115
40.750555,-28.997831,-32.794434,2.613750,-43.214413
40.753311,-28.447643,-29.333797,2.347610,-40.789680
40.760573,-26.669813,-31.902439,2.387027,-36.037708
40.763289,-26.664268,-26.840990,1.885897,-37.210758
40.767580,-24.614017,-25.528057,1.650620,-29.076139
40.778770,-19.507107,-20.484081,1.207818,-27.203880
40.785088,-17.722881,-19.311804,0.971077,-25.408575
40.789839,-16.521395,-17.486832,0.978836,-24.997412
40.792393,-15.416615,-16.057457,0.708197,-20.749121
40.797460,-13.638089,-13.764303,0.586413,-19.312050
40.800020,-12.670418,-12.229588,0.614249,-19.066078
40.802605,-10.968884,-10.496175,0.502305,-14.426020
40.805183,-10.968884,-7.965302,0.330247,-13.114233
40.808333,-10.968884,-7.034992,0.317135,-11.770072
40.813851,-10.968884,-5.734473,0.318651,-12.026203
40.816441,-10.968884,-6.581001,0.356371,-12.732958
40.819000,-10.968884,-6.388194,0.336827,-12.704202
40.822101,-10.968884,-6.777619,0.303492,-11.987278
40.827690,-10.968884,-6.830986,0.410749,-13.099751
40.830278,-10.968884,-7.310621,0.391597,-11.818863
40.832837,-10.968884,-5.717383,0.327626,-11.058303
40.835405,-10.968884,-6.049115,0.283083,-11.023201
40.840400,-10.968884,-3.700377,0.225263,-9.302266
40.844793,-10.968884,-2.757327,0.157900,-9.175515
40.847356,-10.968884,-3.545485,0.134204,-7.746902
40.849956,-10.968884,-3.612740,0.201831,-9.195765
40.854178,-10.968884,-3.521066,0.224156,-9.109632
40.856724,-10.968884,-3.572085,0.235803,-9.646837
40.860420,-1.427084,-6.351122,0.333487,-13.057070
40.864898,-2.536222,-7.318817,0.383148,-12.656775
40.868305,-3.148283,-8.913991,0.513581,-15.376661
40.870910,-3.364834,-9.538675,0.422232,-13.148591
40.873938,-4.234327,-8.699461,0.494810,-14.328061
40.876669,-4.217906,-8.974554,0.497227,-14.270798
40.879713,-4.101357,-7.451633,0.415064,-12.712719
40.883408,-4.170406,-7.340383,0.466311,-13.265295
40.885970,-4.020416,-6.783254,0.390333,-12.025608
40.888571,-3.799283,-5.731520,0.354377,-10.745285
40.891305,-2.923715,-5.654417,0.479143,-12.119358
40.893899,-2.644823,-7.146904,0.484168,-12.374429
40.896415,-3.525445,-4.866370,0.500958,-12.345855
40.900077,-4.039162,-8.380821,0.613637,-13.706907
40.902687,-4.039162,-8.924402,0.652262,-15.834639
40.907638,-4.039162,-11.187457,0.914061,-16.782507
40.910189,-4.039162,-11.334034,0.974431,-16.961191
40.912725,-4.039162,-12.750936,1.190159,-18.598879
40.919779,-4.039162,-12.916349,1.169847,-17.873211
40.923937,-4.039162,-11.329538,1.030671,-15.202194
40.929628,-4.039162,-10.768264,1.140394,-16.109201
40.932186,-4.039162,-11.172743,1.199916,-15.091324
40.934902,-4.039162,-9.754951,1.076570,-14.382888
40.937593,-4.039162,-8.653729,1.177055,-14.868977
40.943122,-4.039162,-9.530993,1.514559,-15.009340
40.950749,-4.039162,-10.054247,1.479918,-14.451977
40.953290,-4.039162,-9.052941,1.676450,-15.888252
40.955857,-8.576799,-11.249504,1.891374,-17.062679
40.958312,-8.289760,-9.669780,1.578365,-14.527928
40.961006,-8.425953,-9.317734,1.529787,-14.235658
40.967322,-7.893486,-9.100811,1.177644,-12.689761
40.971973,-7.893486,-7.946208,1.129270,-12.698120
40.974600,-7.893486,-6.697648,0.895285,-11.105803
40.980761,-7.893486,-6.408254,0.854282,-9.743059
40.984162,-7.893486,-4.523911,0.602445,-8.564648
40.986704,-5.146137,-5.244981,0.712850,-8.167174
40.989600,-5.146137,-3.536468,0.515619,-7.421618
40.992280,-5.146137,-3.671516,0.533511,-8.236446
40.994884,-5.146137,-4.217516,0.560599,-7.734275
40.997510,-5.146137,-2.943904,0.503393,-6.781332
41.000340,-2.430276,-3.048429,0.552441,-6.663881
41.003423,-1.882149,-2.897210,0.490245,-6.284955
41.006067,-1.283291,-2.233251,0.440114,-6.115354
41.009062,-1.601114,-2.345586,0.398486,-5.131791
41.011998,-1.002844,-2.327021,0.449448,-6.002110
41.014589,-0.950329,-2.187914,0.512701,-4.618797
41.017204,-1.126093,-1.067142,0.437062,-5.585579
41.019764,-0.975619,-1.498587,0.414070,-4.820767
41.022871,-1.239665,-1.261563,0.411707,-6.047267
41.025416,-0.998333,-2.325878,0.482474,-6.171918
41.031480,-0.840681,-2.209677,0.611927,-6.280496
41.036985,-1.342437,-2.525908,0.666579,-6.009342
41.041711,-1.342437,-2.345002,0.718837,-6.134120
41.044729,-1.342437,-1.324759,0.683497,-6.489084
41.049005,-0.831288,-2.598282,0.610175,-5.238026
41.051615,-1.078903,-1.846955,0.719609,-5.704594
41.055620,-0.895563,-1.362420,0.673885,-5.001954
41.058691,-1.080237,-1.764573,0.719484,-4.489842
41.067746,-0.475860,-1.103975,0.651848,-4.517080
41.070938,-0.056522,-0.961791,0.535478,-3.974572
41.073583,-0.225572,-0.677002,0.628816,-4.169846
41.076411,-0.009302,-1.415881,0.854202,-4.603189
41.078989,-0.000074,-0.999067,0.618922,-3.986430
41.081520,-0.187443,-0.392779,0.594905,-3.819083
41.084198,-0.007498,-0.636744,0.793101,-4.234811
41.087575,0.232526,-0.046809,0.676648,-3.538601
41.090360,0.039348,0.026231,0.677576,-3.566585
41.093334,0.420180,-0.062924,0.720361,-3.305065
41.097748,0.505688,0.290509,0.793909,-3.282781
41.100314,0.745802,0.440919,0.726510,-2.764495
41.104765,1.160322,0.907183,0.677455,-2.767159
41.107316,1.168465,0.824274,0.897304,-2.781162
41.110142,1.168465,1.293825,0.690781,-1.862790
41.113335,1.168465,1.557636,0.932323,-2.136106
41.115980,1.168465,1.496763,1.005910,-2.242524
41.118611,2.033347,1.662830,0.726734,-1.494805
41.121468,2.092190,1.949148,0.718004,-1.263924
41.124049,2.291238,2.280509,0.759090,-1.193221
41.127037,2.151570,2.320755,0.863545,-1.228600
41.132733,2.608976,2.558815,0.822634,-0.818837
41.136042,2.955395,2.884280,0.802339,-0.618721
41.138637,2.955395,3.049888,0.751717,-0.199380
41.141186,2.955395,3.201446,0.711740,-0.072722
41.144454,2.955395,3.441196,0.702769,0.131699
41.147026,2.955395,3.543032,0.753544,0.189308
41.149650,2.955395,3.725329,0.776909,0.250498
41.152319,2.955395,3.819901,0.819336,0.358941
41.155087,2.955395,3.927964,0.889958,0.456627
41.157608,2.955395,4.170780,0.876403,0.745402
41.162044,2.955395,4.494130,0.911532,1.100794
41.167402,2.955395,4.971416,1.038382,1.224066
41.170523,5.280520,5.202644,1.108850,1.521291
41.174752,5.952708,5.599165,1.158154,1.949168
41.177394,6.049422,5.750619,1.116969,2.129879
41.179933,6.255645,6.313825,1.299995,2.288870
41.182735,6.255645,6.604071,1.493788,2.447971
41.185333,6.255645,6.725010,1.554169,2.672401
41.187961,7.223609,7.179653,1.528515,2.914186
41.190698,7.928631,7.595831,1.703305,3.317336
41.193294,7.938700,8.141094,1.749420,3.793329
41.198459,8.660433,8.705397,1.872495,4.318428
41.201500,9.462500,9.271717,2.266551,4.509901
41.204043,9.922827,9.720377,2.135943,5.017137
41.207429,10.479229,10.071345,2.440351,5.418025
41.210020,10.953393,10.298697,2.060363,5.438884
41.212656,11.994935,10.386612,2.047365,5.574805
41.216567,11.884710,10.328292,1.961795,5.535134
41.220778,11.424663,9.606242,1.469159,5.356360
41.224912,11.234747,9.434259,1.368961,4.878246
41.229951,11.372430,8.414762,0.930347,3.448026
41.237678,10.313440,6.348437,0.368911,3.079185
41.240645,8.912377,5.875703,0.273843,2.602704
41.243293,8.912377,5.719946,0.120872,1.932200
41.245779,8.912377,3.711579,0.042303,0.627442
41.249983,8.912377,3.486933,0.022826,0.550344
41.252746,4.910511,2.782197,0.081402,-0.939806
41.255842,4.531302,2.144366,0.102352,-0.870254
41.258393,3.615428,2.129716,0.134196,-1.517799
41.260946,3.522686,1.569310,0.191369,-2.357931
41.266561,2.437425,0.988829,0.387032,-2.992820
41.270416,2.112505,0.546539,0.582603,-2.615603
41.280985,1.373186,0.824428,0.571755,-2.817772
41.289339,1.401561,0.678272,0.328867,-1.468648
41.294958,1.403452,1.611632,0.521388,-2.073267
41.304722,1.402615,1.408491,0.514415,-1.867993
41.309169,1.138475,1.489921,0.615541,-1.937673
41.311698,1.162095,1.410522,0.659864,-2.008944
41.314320,1.166819,1.487323,0.473630,-1.974110
41.316985,1.168753,1.408311,0.859948,-2.324098
41.319674,1.543031,1.367855,0.712879,-2.103426
41.322290,1.429886,1.592991,0.552984,-1.772457
41.324903,1.628332,1.630908,0.708644,-1.806139
41.327996,1.820706,2.022715,0.476092,-1.194789
41.331039,2.016380,2.182477,0.424509,-1.000910
41.333604,2.086636,2.272443,0.164718,-0.354594
41.339520,2.513468,2.654211,0.069290,-0.130756
41.342385,2.371494,2.596870,0.048422,-0.192471
41.344957,2.598860,2.554183,0.010788,-0.003688
41.349457,2.575452,2.732452,0.003955,0.079481
41.353061,2.572531,2.939067,0.101833,0.181141
41.359967,2.572531,2.872231,0.134077,0.058196
41.362823,2.572531,2.991842,0.205525,0.270059
41.365413,2.572531,3.257500,0.309044,0.474582
41.367930,2.572531,3.574178,0.321982,0.534803
41.370838,2.572531,3.618344,0.331589,0.683500
41.373458,2.572531,3.804286,0.467230,0.721117
41.376328,2.572531,3.959008,0.502720,0.743230
41.378948,2.572531,3.920629,0.351742,0.784797
41.381538,2.572531,4.050918,0.342828,1.007941
41.385023,3.913893,4.139493,0.356173,0.927499
41.387609,4.154348,3.748396,0.210940,0.881852
41.391823,4.022460,4.172441,0.406715,1.032299
41.394353,4.053838,4.171849,0.439701,0.833119
41.397086,4.173359,3.845425,0.231252,0.676824
41.399754,4.427495,3.866204,0.302726,0.823076
41.402298,4.393174,4.122149,0.439114,0.853875
41.407334,4.211976,3.959212,0.421903,0.840289
41.412103,4.242520,4.456164,0.741238,0.992438
41.414621,4.206309,4.371445,0.842840,0.709290
41.418954,4.669654,4.379615,0.969482,0.809007
41.421643,4.857106,4.743892,1.097492,0.922871
41.425631,4.663147,4.595440,1.096052,0.768981
41.428295,4.640057,4.736650,1.155134,0.847234
41.430781,4.665602,4.766543,1.192126,0.861564
41.433376,4.927984,4.785234,1.043193,0.883439
41.436397,4.865763,4.681647,1.048448,0.816952
41.442025,5.099922,4.494412,0.868034,0.884391
41.444577,5.135869,4.196764,0.600489,0.923364
41.447119,5.095403,4.252588,0.678872,0.964944
41.449919,4.941880,4.087218,0.480593,0.867871
41.452514,4.907816,3.944649,0.370651,0.600451
41.455300,4.530073,3.750733,0.425423,0.552412
41.457839,4.268415,3.496659,0.299733,0.458074
41.460338,4.402883,3.355115,0.230419,0.318750
41.462979,3.837395,3.337755,0.259116,0.165474
41.465598,3.756279,2.986776,0.129894,0.284286
41.468917,3.550699,3.112756,0.140274,0.314283
41.471866,3.512140,2.677344,0.075643,-0.210733
41.477883,3.137540,2.680705,0.061772,-0.296748
41.481912,3.039582,2.359409,0.072927,-0.451528
41.484515,3.036703,2.388024,0.026652,-0.335791
41.487321,2.842236,2.424182,0.029826,-0.310594
41.489936,3.027977,2.388591,0.042796,-0.382532
41.492627,2.766662,2.220873,0.104813,-0.678868
41.495900,2.570297,2.159846,0.114926,-0.685562
41.498605,2.576905,2.092945,0.178850,-1.008785
41.501303,2.382779,2.013650,0.279398,-1.007107
41.504126,2.336214,2.081612,0.214915,-0.860409
41.506728,2.373385,2.107040,0.249628,-0.943927
41.509305,2.298923,2.118800,0.324833,-0.820191
41.512027,2.297429,2.315899,0.282697,-0.569873
41.515293,2.139426,2.373605,0.229876,-0.577790
41.517816,2.328137,2.335509,0.248560,-0.585794
41.523347,2.530368,2.336808,0.185670,-0.526011
41.525938,2.344301,2.255785,0.240734,-0.697561
41.528632,2.747468,2.328274,0.151521,-0.365172
41.531971,2.376668,2.471717,0.070637,-0.362998
41.534883,2.575961,2.437613,0.108812,-0.271921
41.542617,2.568103,2.644583,0.089569,-0.143714
41.551638,2.606990,2.644848,0.108351,-0.166886
41.554531,2.762998,2.680751,0.080693,-0.034564
41.557041,2.801400,2.714881,0.035104,-0.022455
41.559579,2.801880,2.723581,0.039018,-0.020118
41.562582,2.803147,2.754250,0.044522,0.009732
41.565758,2.616310,2.766843,0.056153,0.008731
41.568353,2.765822,2.755366,0.060630,-0.034867
41.571370,2.765822,2.751018,0.100810,-0.064872
41.573948,2.765822,2.758674,0.099599,-0.044870
41.576563,2.765822,2.780060,0.084385,0.039459
41.579096,2.765822,2.814058,0.067719,0.045427
41.582040,2.765822,2.807564,0.062168,0.042026
41.584628,2.765822,2.824980,0.054005,0.098385
41.587202,2.765822,2.846687,0.034570,0.122403
41.589819,2.765822,2.912899,0.038358,0.172094
41.592587,2.795725,2.917235,0.039729,0.171018
41.595682,2.795725,2.925263,0.046791,0.176946
41.598328,3.072248,2.859169,0.060426,0.094942
41.604543,3.072248,2.838023,0.086755,0.160039
41.609578,3.072248,3.031455,0.164792,0.166646
41.612193,2.858929,3.002924,0.184737,0.118641
41.614734,3.030101,3.033371,0.279549,0.039379
41.618027,3.405431,3.020392,0.296239,0.004108
41.621056,3.269228,2.978807,0.300291,-0.013316
41.623618,3.046097,2.995240,0.328972,-0.037961
41.626300,3.224254,2.991790,0.306997,0.058458
41.628860,3.455434,3.046976,0.229920,0.134966
41.631789,3.494287,3.101115,0.212734,0.183403
41.634373,3.494287,3.134767,0.235378,0.179716
41.639685,3.317418,3.087525,0.267090,0.077114
41.645719,3.317418,3.030832,0.265444,0.104292
41.649957,3.466684,3.102285,0.238411,0.203440
41.653009,3.653193,3.127003,0.255405,0.140105
41.657300,3.723279,3.131124,0.234883,0.242542
41.666584,3.280137,3.203754,0.213200,0.244026
41.672054,3.083910,3.120466,0.219390,0.125098
41.674817,3.636701,2.998363,0.217135,0.092680
41.679307,3.062876,2.998335,0.193870,0.089922
41.683311,3.262099,3.024409,0.178656,0.143031
41.686294,3.268740,3.021101,0.184801,0.149021
41.688856,3.310430,3.010144,0.162422,0.180013
41.692052,3.278406,3.013716,0.126646,0.187645
41.694597,3.270720,3.015108,0.110061,0.188540
41.699620,3.233116,2.924090,0.069003,0.150911
41.702300,3.079989,2.899173,0.072622,0.094148
41.707425,3.036997,2.866972,0.124117,0.009700
41.710146,3.037218,2.834424,0.122398,0.026197
41.712819,3.038967,2.828542,0.096077,0.043303
41.715753,3.038967,2.852010,0.116621,0.033027
41.718562,3.046878,2.864263,0.118861,0.013863
41.721550,2.994570,2.830274,0.152244,-0.023778
41.724131,2.984590,2.844584,0.224216,-0.080772
41.728484,2.842786,2.836578,0.250948,-0.114417
41.730998,3.029039,2.861777,0.235551,-0.032299
41.735198,2.842460,2.874290,0.188287,-0.006393
41.737765,2.625932,2.862865,0.152528,-0.012849
41.741576,2.945965,2.839010,0.150744,-0.059113
41.744933,2.998255,2.787206,0.146055,-0.079639
41.747524,2.842211,2.766902,0.139533,-0.080753
41.750102,2.811002,2.774446,0.129412,-0.047613
41.752996,2.841304,2.780746,0.135527,-0.070709
41.758922,2.805886,2.770429,0.162429,-0.123637
41.761533,2.805657,2.701657,0.191813,-0.191167
41.764080,2.805657,2.702033,0.189985,-0.188885
41.766781,2.805657,2.741908,0.187568,-0.055517
41.771034,2.805657,2.808882,0.133569,-0.068514
41.779110,2.805657,2.774079,0.139753,-0.056626
41.781865,2.803692,2.799761,0.137434,-0.036474
41.784457,2.616419,2.809177,0.143893,-0.025792
41.787087,2.798033,2.839695,0.154249,0.006680
41.791194,3.029745,2.847650,0.148732,0.007218
41.793726,3.037469,2.841586,0.163966,-0.012546
41.797941,3.039323,2.844659,0.161207,-0.014501
41.800521,3.039323,2.852269,0.158954,0.025948
41.808962,3.039323,2.885832,0.155814,0.033856
41.811574,3.039323,2.903660,0.165111,0.041071
41.814525,3.074725,2.912812,0.176625,0.044800
41.817126,3.040813,2.905052,0.157745,0.056387
41.820002,3.226035,2.914405,0.146807,0.069314
41.822795,3.040477,2.917778,0.139986,0.085445
41.826052,2.853923,2.915530,0.124290,0.092040
41.828797,3.002305,2.915574,0.118604,0.076493
41.831300,3.223903,2.872061,0.104769,0.073464
41.834075,2.853753,2.894405,0.110299,0.083189
41.836633,3.031558,2.887964,0.108875,0.081402
41.839543,3.261545,2.883904,0.117821,0.061884
41.842845,3.218419,2.892070,0.131467,0.046246
41.850881,3.002592,2.889990,0.176359,0.003797
41.855565,2.999618,2.895091,0.203967,-0.003177
41.861205,3.038999,2.894228,0.206510,0.008789
41.864575,3.041399,2.922065,0.209525,0.019794
41.868929,2.899179,2.952299,0.220023,0.040179
41.877035,2.851296,2.965110,0.219117,0.048083
41.880324,3.001779,2.970725,0.220448,0.047643
41.884391,3.073223,2.979555,0.240024,0.034728
41.887031,3.190001,2.983924,0.255442,0.025589
41.889596,2.695440,2.974044,0.250200,0.033695
41.894975,2.877692,2.975075,0.227980,0.053304
41.898009,3.004978,2.983373,0.223802,0.079452
41.902038,3.260231,2.981662,0.178819,0.104526
41.904646,2.896681,2.979108,0.159811,0.131473
41.907314,3.008776,2.971927,0.124633,0.134651
41.909862,3.073503,2.952611,0.121803,0.130687
41.912370,3.042844,2.921903,0.132413,0.072996
41.918307,3.041098,2.914272,0.143691,0.077412
41.920843,3.189046,2.910288,0.151820,0.038877
41.924944,3.012751,2.887830,0.150399,0.044513
41.927771,3.047169,2.909049,0.163431,0.047999
41.932595,3.039878,2.891918,0.152294,0.041346
41.935183,2.854284,2.901499,0.159614,0.042836
41.937752,3.031995,2.900440,0.166787,0.036112
41.941920,3.000484,2.892637,0.173899,0.021303
41.944622,3.260849,2.894595,0.171407,0.025755
41.947329,2.808858,2.897846,0.173601,0.053260
41.953013,3.411066,2.914324,0.159886,0.066090
41.956440,3.266821,2.930161,0.155175,0.083147
41.958973,3.273149,2.932796,0.151643,0.085956
41.961629,3.198382,2.933322,0.158012,0.077062
41.964712,3.419424,2.921418,0.160182,0.052586
41.967302,3.054601,2.912575,0.169197,0.046698
41.969903,2.855400,2.921390,0.171892,0.050963
41.972978,3.032456,2.924551,0.177076,0.030919
41.976043,2.850971,2.900790,0.197313,0.006069
41.980202,3.031863,2.899914,0.198843,0.003664
41.982771,3.263547,2.905885,0.200155,0.020190
41.987308,2.860910,2.922311,0.212754,0.032297
41.989943,2.860910,2.926982,0.207053,0.019064
41.992938,2.860910,2.954874,0.231252,0.013239
41.995957,2.860910,2.935223,0.226743,0.010934
41.998557,2.860910,2.960041,0.260084,-0.017936
42.001204,2.860910,2.938714,0.253216,-0.025475
42.003774,2.860910,2.937402,0.264310,-0.024382
42.006580,2.860910,2.957493,0.272694,0.000487
42.009360,2.860910,2.958675,0.257808,0.011062
42.015374,2.860910,2.998473,0.261354,0.023708
42.017960,2.860910,3.005907,0.279087,0.028404
42.021716,2.860910,3.014439,0.297563,0.019453
42.024313,2.860910,3.016822,0.305447,0.014604
42.027411,2.860910,3.016940,0.307513,0.010796
42.029947,2.860910,3.017025,0.299318,0.020134
42.032662,2.860910,3.024494,0.287029,0.049966
42.037359,2.860910,3.026986,0.268234,0.060797
42.041831,2.860910,3.013479,0.243688,0.070801
42.044368,2.860910,3.012446,0.229562,0.072620
42.048984,3.377782,3.013240,0.248710,0.040193
42.055985,3.091574,2.999509,0.262217,0.039842
42.058788,3.078447,2.999426,0.269670,0.039046
42.061394,3.224097,2.996414,0.270460,0.029422
42.063984,3.040378,2.995687,0.273846,0.034330
42.067079,3.271338,2.985364,0.248209,0.039139
42.070409,3.273096,2.997398,0.255182,0.056058
42.073033,3.235791,3.001888,0.250222,0.058823
42.075884,3.047256,3.013266,0.228141,0.086850
42.081460,3.084661,3.011988,0.218970,0.094689
42.084317,3.048452,3.011550,0.209510,0.107863
42.087032,3.077170,3.009792,0.180745,0.109778
42.089636,3.233994,2.996745,0.178835,0.119691
42.092238,3.263119,2.988817,0.172820,0.111141
42.094881,3.050428,2.982640,0.176928,0.099004
42.097664,3.228646,2.949250,0.167943,0.076609
42.102148,3.084378,2.931010,0.154069,0.078508
42.106157,3.228239,2.932421,0.153302,0.080718
42.108723,3.009930,2.905783,0.134444,0.078083
42.113316,3.009930,2.899982,0.120463,0.070291
42.115911,3.009930,2.859719,0.104436,0.056021
42.118561,3.009930,2.844755,0.094417,0.024443
42.121123,3.009930,2.817999,0.090224,-0.005130
42.123673,3.009930,2.765275,0.092185,-0.030848
42.126941,2.844546,2.762148,0.089037,-0.028611
42.129778,2.844546,2.793664,0.085532,0.008874
42.132655,2.844546,2.805758,0.088037,0.010423
42.135305,2.844546,2.801619,0.097066,0.002732
42.138411,2.844546,2.789802,0.107536,-0.032026
42.141490,3.000429,2.772312,0.122383,-0.047956
42.144138,3.000429,2.769523,0.125389,-0.053786
42.146745,2.844566,2.772992,0.118907,-0.038452
42.149507,3.032022,2.787241,0.112681,-0.022990
42.152113,2.665441,2.795929,0.107078,-0.008582
42.154686,3.026847,2.801826,0.104762,0.007082
42.157339,2.849849,2.803050,0.096185,0.009997
42.159951,2.849849,2.804767,0.096049,0.011137
42.162814,2.849849,2.805002,0.097805,0.008274
42.167698,2.849849,2.800946,0.104231,-0.007812
42.171120,2.849849,2.797935,0.110411,-0.016325
42.176078,3.022637,2.793461,0.109469,-0.012712
42.178923,2.851689,2.794904,0.105034,-0.004813
42.181947,2.816738,2.800323,0.105895,-0.000306
42.184957,2.656414,2.801799,0.101781,0.003152
42.187742,2.964882,2.803325,0.101377,0.001911
42.192321,3.036835,2.801506,0.102837,0.001182
42.198115,2.846855,2.802308,0.104042,-0.003674
42.201076,2.994290,2.801348,0.108064,-0.005909
42.203602,3.032458,2.799261,0.107613,-0.005773
42.206406,3.038012,2.799826,0.106972,-0.003488
42.209312,2.814896,2.800598,0.106323,-0.002439
42.211901,2.992419,2.801979,0.104579,0.000000
42.214830,3.032084,2.802456,0.123199,-0.037374
42.221534,3.032084,2.778147,0.135575,-0.054939
42.224094,3.032084,2.784544,0.136270,-0.049223
42.226781,3.032084,2.793419,0.135781,-0.031482
42.232032,3.032084,2.812087,0.126402,-0.011723
42.234622,3.032084,2.824350,0.130462,-0.004147
42.239133,3.032084,2.827840,0.142715,-0.012538
42.245604,3.032084,2.827869,0.139862,-0.009411
42.248313,3.032084,2.831426,0.144998,-0.009161
42.250855,3.037937,2.832093,0.143839,0.005442
42.253399,2.814940,2.834986,0.127048,0.017092
42.259179,2.814659,2.842848,0.122678,0.019999
42.262054,3.220106,2.837895,0.122030,0.018417
42.264662,3.009220,2.835574,0.118324,0.021169
42.267337,2.994192,2.833560,0.105044,0.021757
42.269962,2.850552,2.825560,0.108205,0.019915
42.272601,2.852852,2.819450,0.105828,0.011024
42.275502,2.996610,2.810413,0.103282,0.009711
42.278307,3.190930,2.808289,0.108262,-0.005374
42.280975,2.808682,2.798398,0.106321,-0.011922
42.291581,2.807929,2.803773,0.113114,-0.006752
42.296116,2.807929,2.804996,0.112949,-0.005360
42.298658,2.807929,2.806242,0.108842,0.001338
42.302990,2.807929,2.807301,0.109002,0.001349
42.305624,2.807929,2.807923,0.108386,0.000000
42.312869,2.807986,2.804908,0.107508,0.000000
42.316416,3.032639,2.804471,0.107071,0.000000
42.319507,2.993031,2.803166,0.105766,0.000000
42.324791,2.852841,2.802734,0.105334,0.000000
42.327375,2.815048,2.802303,0.103512,0.001116
42.330214,2.994530,2.801279,0.103879,0.000000
42.334718,2.807111,2.800460,0.103060,0.000000
42.337326,2.807822,2.800035,0.102212,0.000000
42.339928,2.807964,2.799341,0.100849,0.001092
42.342592,2.807964,2.799246,0.100257,0.001101
42.345473,2.807964,2.798121,0.100721,0.000000
42.348043,2.807964,2.796980,0.101392,-0.001814
42.350617,2.807964,2.796106,0.100471,0.000000
42.353320,2.807964,2.796118,0.098452,0.000000
42.357554,3.008006,2.795178,0.096606,0.001074
42.365106,2.849104,2.794613,0.096594,0.000000
42.368064,2.621129,2.792881,0.097251,-0.001772
42.370597,2.612557,2.792356,0.094957,-0.002241
42.373315,2.835702,2.792285,0.095201,-0.001184
42.375954,2.809108,2.787090,0.099750,-0.010065
42.378661,3.182409,2.785352,0.096481,-0.003104
42.381490,3.182694,2.790780,0.096712,-0.003067
42.384058,2.825589,2.789972,0.093810,-0.001240
42.386610,2.843807,2.791272,0.095114,-0.001249
42.389206,2.805906,2.790946,0.094474,-0.001253
42.392105,2.807906,2.789972,0.095557,-0.002989
42.394664,2.807996,2.789215,0.094535,-0.002956
42.397748,2.620416,2.788751,0.094312,-0.002964
42.400376,2.770483,2.788844,0.092717,0.000000
42.402987,2.798577,2.789150,0.091818,0.000000
42.405640,2.991235,2.790026,0.094437,-0.001812
42.408331,2.844647,2.788494,0.092863,-0.001778
42.412862,2.994586,2.787435,0.091219,0.000000
42.415511,2.994586,2.788216,0.090090,0.000741
42.419967,2.994586,2.788837,0.092507,-0.001072
42.422630,2.994586,2.787260,0.090894,-0.005092
42.426946,2.994586,2.788785,0.095164,-0.005009
42.429606,2.994586,2.788516,0.096220,-0.005120
42.432205,2.845317,2.789361,0.099122,-0.007178
42.436805,2.845317,2.790291,0.105166,-0.014597
42.439687,2.845317,2.784801,0.095926,-0.008529
42.442717,2.845317,2.789995,0.096355,-0.007158
42.445550,2.845317,2.793608,0.097184,-0.005083
42.448057,2.845317,2.791039,0.098726,-0.005088
42.450605,2.845317,2.793241,0.095841,0.000000
42.453151,2.845317,2.793878,0.096065,0.000000
42.456443,2.845317,2.792644,0.095244,0.000000
42.460330,2.845317,2.791827,0.094020,0.000000
42.465942,2.815786,2.791015,0.093615,0.000000
42.468646,2.656542,2.790611,0.093211,0.000000
42.472005,2.801942,2.789806,0.092406,0.000000
42.474707,2.656016,2.789405,0.092006,0.000000
42.477464,3.375789,2.788608,0.088745,0.000000
42.482976,2.996093,2.788625,0.087661,0.002296
42.487034,2.815789,2.785841,0.086133,0.002272
42.492735,2.657493,2.783831,0.084189,0.002205
42.497681,2.850941,2.781797,0.084398,0.000000
42.500328,3.039780,2.781556,0.086369,-0.002949
42.503811,2.815351,2.780162,0.085680,-0.002922
42.506369,2.807675,2.778656,0.081256,-0.001784
42.509100,2.815402,2.782002,0.084849,-0.001742
42.511758,2.808296,2.779130,0.083247,-0.001518
42.514333,2.806082,2.779927,0.083997,-0.001476
42.520496,2.995184,2.778555,0.082620,-0.001467
42.524320,3.040127,2.778563,0.082666,-0.001509
42.526902,2.629701,2.778275,0.080880,0.000000
42.529443,2.585140,2.778280,0.080990,0.000000
42.531954,2.763428,2.778026,0.080626,0.000000
42.534498,2.797165,2.775282,0.082840,-0.008334
42.537033,2.656047,2.772420,0.080848,-0.004884
42.539816,2.777609,2.773824,0.081348,-0.004925
42.542670,2.801922,2.773633,0.078412,0.000000
42.547139,2.801922,2.776473,0.078718,0.000000
42.549732,2.801922,2.775764,0.078012,0.000000
42.554179,2.801922,2.775060,0.077660,0.000000
42.556800,2.801922,2.775795,0.078617,0.003151
42.561403,2.801922,2.774886,0.075960,0.000000
42.567897,2.801922,2.773132,0.076698,-0.000968
42.570408,2.801922,2.772522,0.076041,0.000000
42.573017,3.032397,2.772310,0.074889,0.000000
42.576074,2.815424,2.771947,0.077739,-0.002565
42.579723,3.000667,2.771640,0.077849,-0.003616
42.582315,2.665509,2.771816,0.078288,-0.003866
42.585336,2.806783,2.771793,0.077034,-0.002704
42.587960,2.845391,2.773023,0.078403,-0.002785
42.590423,2.992958,2.773369,0.078776,-0.002839
42.593459,3.189128,2.772267,0.074867,0.000000
42.596240,2.810665,2.774374,0.076974,0.000000
42.598890,2.843210,2.774019,0.076266,0.000000
42.601494,3.180365,2.773666,0.075914,0.000000
42.604053,2.988541,2.772963,0.075563,0.000000
42.608784,2.854698,2.772265,0.074865,0.000000
42.611335,2.987701,2.771918,0.074172,0.000000
42.615672,2.592198,2.770884,0.073484,0.000000
42.618330,2.764839,2.770541,0.073141,0.000000
42.620928,2.808231,2.770200,0.072460,0.000000
42.623890,2.993166,2.769521,0.072121,0.000000
42.626430,2.843113,2.769183,0.071783,0.000000
42.628962,2.809021,2.768847,0.071112,0.000000
42.631624,2.808204,2.768178,0.070778,0.000000
42.634335,2.993161,2.767845,0.070445,0.000000
42.637359,3.037966,2.767514,0.069783,0.000000
42.640122,3.037033,2.766854,0.069454,0.000000
42.642688,2.817161,2.766526,0.069126,0.000000
42.645255,2.809832,2.766199,0.068473,0.000000
42.647840,2.619406,2.765549,0.068149,0.000000
42.650443,2.770281,2.765226,0.067826,-0.000825
42.653040,2.619291,2.764826,0.067664,-0.000779
42.655616,2.955378,2.763889,0.067932,-0.001447
42.658410,2.624551,2.763596,0.066954,-0.000797
42.661042,2.771310,2.763492,0.065897,0.000000
42.663610,2.798742,2.763255,0.065855,0.000000
42.672592,2.807926,2.762001,0.064601,0.000000
42.675193,2.806065,2.761691,0.063982,0.000000
42.679601,2.963749,2.760462,0.063062,0.000000
42.686443,2.843505,2.759854,0.062454,0.000000
42.689090,3.000892,2.759251,0.061851,0.000000
42.692235,2.614855,2.758952,0.061552,0.000000
42.695066,2.767095,2.758653,0.060956,0.000000
42.697746,3.031003,2.758060,0.060660,0.000000
42.700329,2.846731,2.757766,0.060072,0.000000
42.703940,2.958070,2.757180,0.059780,0.000000
42.706527,2.988912,2.756889,0.059489,0.000000
42.709216,2.584730,2.756598,0.061127,-0.001346
42.711817,2.799069,2.756058,0.059961,-0.001305
42.714348,3.023000,2.753042,0.060238,-0.004548
42.716971,2.809336,2.753140,0.057795,0.000000
42.719466,2.808053,2.755195,0.058445,0.000000
42.722082,2.882882,2.755560,0.058160,0.000000
42.725008,2.846039,2.754992,0.057593,0.000000
42.728420,2.813872,2.754711,0.057311,0.000000
42.731000,2.807970,2.754430,0.056751,0.000000
42.735495,3.182400,2.753873,0.056196,0.000000
42.738072,3.070080,2.753320,0.055920,0.000000
42.743052,2.808177,2.752772,0.055099,0.000000
42.745585,2.995235,2.752229,0.054559,0.000000
42.752604,2.959557,2.751423,0.054023,0.000000
42.755338,3.213831,2.751156,0.053491,0.000000
42.757892,3.263566,2.750628,0.053228,0.000000
42.760964,3.013038,2.750365,0.052704,0.000000
42.763639,2.660048,2.749843,0.052443,0.000000
42.766513,2.800162,2.749584,0.051670,0.000000
42.776196,2.852900,2.748307,0.050907,0.000000
42.779618,2.809796,2.748529,0.052263,-0.001136
42.782677,2.806152,2.747581,0.049506,0.000000
42.785692,2.996166,2.747605,0.049956,0.000000
42.790341,2.848079,2.747108,0.049707,0.000000
42.793154,2.785856,2.746861,0.052018,-0.005014
42.797805,2.845412,2.745260,0.048363,-0.000505
42.800672,2.658539,2.746050,0.048982,0.000000
42.805254,3.189458,2.745632,0.048232,0.000000
42.808386,2.810668,2.745392,0.047754,0.000000
42.813180,2.770490,2.744917,0.047282,0.000000
42.816483,2.842804,2.744448,0.049098,-0.004403
42.819804,2.657456,2.739638,0.049640,-0.007406
42.822435,2.834827,2.741225,0.049169,-0.005347
42.825026,2.813782,2.741093,0.049209,-0.005359
42.827606,3.030375,2.743522,0.047113,-0.000993
42.830338,2.847219,2.744437,0.048035,-0.001007
42.833334,2.853241,2.744454,0.049271,-0.001790
42.836331,2.993482,2.744073,0.047670,-0.001038
42.838994,3.032044,2.744684,0.048350,-0.001045
42.841492,2.854402,2.744707,0.048381,-0.001052
42.847094,3.001411,2.744109,0.047388,0.000000
42.849627,3.040584,2.744550,0.047150,0.000000
42.852396,2.817303,2.744314,0.046914,0.000000
42.854992,2.845514,2.744079,0.046445,0.000000
42.857638,2.626543,2.743612,0.045981,0.000000
42.862071,2.800742,2.743151,0.045751,0.000000
42.864691,3.032349,2.742922,0.045294,0.000000
42.869186,2.852078,2.742467,0.044617,0.000000
42.876403,2.815840,2.741572,0.044172,0.000000
42.879001,2.809568,2.741351,0.043732,0.000000
42.881684,2.993433,2.740914,0.043514,0.000000
42.885758,2.845087,2.740481,0.043081,0.000000
42.888459,2.809483,2.740266,0.042866,0.000000
42.891335,2.809483,2.740053,0.042440,0.000000
42.896879,2.853807,2.739031,0.042432,-0.000803
42.900596,2.800620,2.738649,0.041251,0.000000
42.903922,3.032504,2.738667,0.041267,0.000000
42.906769,2.996996,2.738463,0.041063,0.000000
42.909391,2.846952,2.738260,0.040658,0.000000
42.911968,2.846998,2.737857,0.040457,0.000000
42.916137,2.840651,2.737459,0.040059,0.000000
42.919468,2.809306,2.737066,0.039666,0.000000
42.924090,2.994620,2.736678,0.039278,0.000000
42.927044,3.040104,2.736485,0.038705,0.000000
42.931560,2.847309,2.735916,0.038516,0.000000
42.934070,3.000982,2.735728,0.038328,0.000000
42.938834,3.003111,2.735357,0.037957,0.000000
42.941379,2.815804,2.735173,0.037590,0.000000
42.944239,2.815804,2.734809,0.037409,0.000000
42.947203,2.815804,2.734628,0.037049,0.000000
42.949792,2.815804,2.734272,0.036871,0.000000
42.953210,2.815804,2.734095,0.036519,0.000000
42.955841,2.620601,2.733745,0.036345,0.000000
42.958475,2.768600,2.734013,0.036399,-0.000676
42.963810,2.768600,2.733515,0.036829,-0.000715
42.966741,2.768600,2.733449,0.037031,-0.001232
42.969365,2.806424,2.733301,0.036934,-0.000929
42.972014,2.807685,2.733445,0.036114,-0.000239
42.981242,3.004190,2.733008,0.035491,0.000000
42.984346,2.660038,2.732545,0.035145,0.000000
42.988715,2.805088,2.732374,0.036913,-0.004071
42.991643,3.067883,2.728941,0.035535,-0.003996
42.996123,2.859977,2.729438,0.036048,0.002546
43.000927,3.034144,2.732518,0.035060,0.000000
43.003643,2.666028,2.731740,0.034340,0.000000
43.006206,2.986576,2.731579,0.034179,0.000000
43.008992,2.854357,2.731420,0.033861,0.000000
43.011794,3.182014,2.731104,0.033704,0.000000
43.014434,2.816560,2.730947,0.033548,0.000000
43.017337,2.628356,2.730793,0.033239,0.000000
43.019941,2.613614,2.730487,0.033087,0.000000
43.022618,2.841549,2.730021,0.033696,-0.000957
43.025433,2.618924,2.729704,0.032854,-0.000500
43.027990,2.798517,2.729729,0.032329,0.000000
43.034355,2.885620,2.729583,0.032183,0.000000
43.037011,2.811297,2.729439,0.031896,0.000000
43.039572,2.808659,2.729155,0.031755,0.000000
43.042261,2.806212,2.729014,0.031614,0.000000
43.044803,2.805722,2.728875,0.031475,0.000000
43.049662,2.815470,2.728464,0.031064,0.000000
43.053125,2.846699,2.728197,0.030664,0.000000
43.058124,2.959308,2.727933,0.030534,0.000000
43.060643,2.836341,2.727804,0.030275,0.000000
43.064708,2.836341,2.727548,0.030148,0.000000
43.067354,2.836341,2.727422,0.029897,0.000000
43.069993,2.836341,2.727174,0.029773,0.000000
43.072584,2.836341,2.727051,0.029651,-0.000804
43.082926,2.836341,2.726884,0.029622,-0.000381
43.085981,2.836341,2.726806,0.029825,-0.000420
43.088568,2.836341,2.726782,0.029808,-0.000435
43.091557,2.836341,2.726502,0.029102,0.000000
43.094773,3.000868,2.726722,0.029323,0.000000
43.097435,2.846574,2.726479,0.029079,0.000000
43.101099,2.996743,2.726358,0.028839,0.000000
43.106120,3.038110,2.726005,0.028605,0.000000
43.109000,2.854022,2.725890,0.028375,-0.000039
43.113474,2.817059,2.725600,0.028118,0.000008
43.116384,2.845802,2.725409,0.027953,0.000000
43.120575,2.625926,2.725096,0.027590,0.000000
43.126073,2.960620,2.724823,0.027457,0.000011
43.128843,2.816325,2.724758,0.027345,0.000007
43.131334,3.003452,2.724647,0.027133,0.000003
43.133984,3.002634,2.724429,0.027029,-0.000002
43.136550,2.667285,2.724322,0.026877,0.000000
43.139655,3.008960,2.724142,0.026742,0.000000
43.142236,3.034247,2.724045,0.026645,-0.000358
43.149071,2.816806,2.725262,0.025997,-0.000304
43.151885,2.994881,2.723334,0.026257,-0.000325
43.154378,2.843456,2.723360,0.025960,0.000000
43.160716,3.212844,2.717684,0.029272,-0.003655
43.163341,3.011394,2.720074,0.027409,-0.003732
43.165984,3.035878,2.722922,0.025523,0.000000
43.168573,2.666376,2.723604,0.026204,0.000000
43.171179,2.987455,2.723523,0.026043,0.000000
43.173828,3.226602,2.723287,0.025887,0.000000
43.184178,2.808578,2.722988,0.025588,0.000000
43.186923,2.995223,2.722916,0.025632,-0.000113
43.190959,2.846445,2.722636,0.025236,0.000000
43.196346,2.815689,2.722622,0.025222,0.000000
43.198955,3.032947,2.722552,0.025083,0.000000
43.201479,3.040189,2.722445,0.025192,-0.000148
43.204344,2.855398,2.722315,0.024944,-0.000091
43.207479,2.817480,2.722255,0.024967,-0.000130
43.210012,2.817480,2.722192,0.024927,-0.000137
43.212570,2.817480,2.722101,0.024814,-0.000158
43.217748,2.997096,2.721973,0.024573,0.000000
43.220960,2.997096,2.721993,0.024522,0.000000
43.223458,2.845819,2.721922,0.024597,-0.000235
43.226070,2.815564,2.721546,0.024596,-0.000455
43.228606,2.845500,2.721610,0.024374,0.000000
43.231251,3.002988,2.721639,0.024007,0.000141
43.233965,2.853239,2.721582,0.023993,0.000188
43.236534,2.845802,2.721489,0.023754,0.000170
43.242058,2.994051,2.721304,0.023904,0.000000
43.246720,2.660074,2.721080,0.023622,0.000000
43.250178,2.816666,2.720966,0.023566,0.000000
43.252698,2.808347,2.720911,0.023511,0.000000
43.256024,3.039654,2.720804,0.023404,0.000000
43.259455,2.847293,2.720752,0.023302,0.000000
43.262467,2.995437,2.720653,0.023253,0.000000
43.265070,2.854427,2.720604,0.023158,0.000000
43.267919,2.898227,2.720512,0.023112,0.000000
43.270449,2.812569,2.720468,0.023068,0.000000
43.272987,2.808183,2.720424,0.023067,-0.000163
43.275626,2.808036,2.720022,0.022780,-0.000166
43.278355,3.182407,2.720262,0.022629,0.000000
43.292098,2.554640,2.719880,0.022480,0.000000
43.294578,2.570128,2.719843,0.022444,-0.003501
43.297117,2.836885,2.718117,0.024798,-0.003426
43.303085,2.810115,2.717761,0.023915,0.000000
43.309356,3.002321,2.720291,0.022863,0.000000
43.312001,2.846864,2.720237,0.022836,0.000000
43.315989,2.659794,2.718931,0.021323,0.000204
43.319138,2.592039,2.720920,0.022391,0.000166
43.321717,2.592039,2.719898,0.022386,0.000110
43.324353,2.592039,2.719831,0.022327,0.000000
43.327015,2.592039,2.719908,0.022333,0.000000
43.329611,2.592039,2.718835,0.021435,0.000000
43.332183,2.592039,2.720500,0.023100,0.000000
43.334663,2.592039,2.719512,0.022112,0.000000
43.337202,2.592039,2.719610,0.022192,0.000000
43.340925,2.592039,2.719574,0.022157,0.000000
43.343525,2.762888,2.719542,0.022142,0.000000
43.346072,2.762888,2.719527,0.022127,0.000000
43.348638,2.762888,2.719514,0.022114,0.000000
43.351183,2.762888,2.719502,0.022092,0.000000
43.353825,2.762888,2.719482,0.022083,0.000000
43.356658,2.762888,2.718913,0.021513,0.000000
43.359346,2.610018,2.720068,0.021986,0.000000
43.362666,2.582084,2.719451,0.022051,0.000000
43.367225,2.582084,2.719450,0.021062,0.000300
43.369743,2.995802,2.719756,0.021664,0.000322
43.374028,3.004107,2.719056,0.021089,0.000558
43.376623,2.815844,2.719183,0.020923,0.000701
43.379340,3.032954,2.719245,0.020255,0.000998
43.381901,3.040190,2.719252,0.021206,0.000000
43.387542,2.960657,2.718606,0.022971,-0.003311
43.390063,2.652212,2.716534,0.022394,-0.003261
43.392710,2.776842,2.718226,0.021495,0.000000
43.396047,2.844193,2.718901,0.021501,0.000000
43.399397,2.622247,2.718915,0.021516,0.000000
43.402648,2.801722,2.718925,0.021525,0.000000
43.405255,2.806744,2.718935,0.021366,0.000000
43.408002,2.805829,2.718983,0.021584,0.000000
43.412406,2.993033,2.719011,0.021611,0.000000
43.414997,2.845006,2.718964,0.021905,0.000000
43.417666,2.845006,2.719071,0.021569,0.000100
43.420271,2.845006,2.719156,0.021626,0.000000
43.423030,2.845006,2.719198,0.021748,0.000000
43.425688,2.845006,2.719174,0.021904,0.000000
43.429948,2.845006,2.719178,0.021778,0.000000
43.432496,2.845006,2.719161,0.020364,0.001387
43.436696,2.845006,2.719440,0.020855,0.001048
43.439356,2.845006,2.718868,0.020440,0.001063
43.443212,2.845006,2.718884,0.021509,0.000151
43.445840,2.845006,2.718438,0.020890,0.000146
43.448385,2.845006,2.718478,0.021078,0.000000
43.451024,2.845006,2.718554,0.021177,0.000000
43.454248,2.845006,2.718565,0.021165,0.000000
43.456915,2.845006,2.718595,0.021195,0.000000
43.460238,2.845006,2.718667,0.021267,0.000000
43.464139,2.816361,2.718705,0.021305,0.000000
43.466712,2.816361,2.719076,0.021676,0.000000
43.469582,2.816361,2.719424,0.021306,0.000255
43.473827,2.816361,2.719045,0.021487,0.000156
43.476683,2.816361,2.719269,0.021659,0.000314
43.479353,2.816361,2.719789,0.023325,-0.003167
43.482347,2.816361,2.717091,0.023916,-0.002337
43.488281,2.816361,2.718264,0.023312,0.000582
43.492842,2.816361,2.719854,0.021870,0.001692
43.495596,2.816361,2.720042,0.022036,0.000671
43.502991,2.816361,2.719965,0.021665,0.000200
43.510063,2.816361,2.720947,0.023101,0.000179
43.513070,2.816361,2.719466,0.022425,0.000281
43.519612,2.816361,2.721271,0.023871,0.000000
43.522405,2.810632,2.720357,0.022304,0.001060
43.525029,2.810632,2.720905,0.022470,0.000622
43.527780,2.810632,2.720911,0.022523,0.000673
43.533231,2.810632,2.721035,0.021325,0.001577
43.535850,2.810632,2.721655,0.021645,0.002599
43.538455,2.810632,2.720551,0.021686,0.002031
43.541027,2.810632,2.721988,0.021494,0.001730
43.544037,2.810632,2.720776,0.021586,0.001444
43.546935,2.810632,2.719773,0.021260,0.001684
43.549439,2.810632,2.720018,0.021619,0.000425
43.553928,2.995726,2.719775,0.022037,0.000228
43.557295,2.853157,2.721342,0.022485,0.000335
43.562091,2.772366,2.719636,0.022008,0.000226
43.564749,2.620515,2.721907,0.022969,0.000351
43.569137,2.843889,2.721163,0.022882,0.001060
43.571934,2.994748,2.721212,0.022235,0.001573
43.574634,2.845014,2.721277,0.021085,0.002203
43.577585,2.771422,2.722036,0.024284,0.000340
43.580198,3.002629,2.717144,0.022641,0.000624
43.582828,2.815977,2.720629,0.022588,-0.000269
43.585520,2.613305,2.719554,0.020834,0.002047
43.591712,2.993680,2.721075,0.021588,0.002075
43.594438,2.657936,2.721540,0.021491,0.001237
43.599364,2.799311,2.720490,0.022786,0.001571
43.601983,2.806262,2.718923,0.021117,0.000373
43.604549,2.807652,2.721244,0.020827,0.002057
43.607158,2.807986,2.718868,0.020035,0.002655
43.609713,2.621677,2.719076,0.019305,0.002329
43.612208,2.957935,2.719950,0.018609,0.002682
43.617125,2.837987,2.718540,0.019510,-0.000843
43.619760,2.958959,2.716521,0.020339,-0.002060
43.623945,2.855096,2.714994,0.019716,-0.002137
43.626634,2.622684,2.715579,0.018811,-0.001643
43.629782,2.771897,2.715214,0.019410,-0.001605
43.632367,2.800779,2.714461,0.018673,-0.000930
43.635042,2.771231,2.716106,0.016668,-0.000554
43.637653,2.613446,2.714872,0.014900,0.002528
43.640385,2.769089,2.715007,0.015062,0.002212
43.643004,2.806635,2.713965,0.014385,0.002096
43.645644,2.806635,2.711851,0.013279,0.001087
43.648350,2.806635,2.710940,0.013037,0.000023
43.651412,2.806635,2.710513,0.012947,-0.000013
43.653980,2.806635,2.709982,0.012963,-0.000450
43.656489,2.770505,2.709815,0.013011,0.000091
43.659011,2.806692,2.710374,0.013034,0.000000
43.661729,2.808949,2.710188,0.013178,-0.000542
43.665424,2.770245,2.710048,0.013241,-0.000597
43.670532,2.620903,2.710150,0.013494,-0.000683
43.673164,3.029063,2.710545,0.014355,-0.000835
43.675779,3.004042,2.710969,0.013796,0.000377
43.679991,2.668627,2.711286,0.013179,0.000692
43.682679,2.620565,2.711880,0.013879,0.000274
43.687224,2.960695,2.710601,0.014062,0.000623
43.692967,2.810807,2.711782,0.014018,-0.000229
43.695840,2.621792,2.710493,0.013093,0.000000
43.698636,2.851480,2.711788,0.014133,-0.000272
43.702702,2.996356,2.711349,0.014226,-0.000295
43.705365,2.815534,2.711549,0.013559,0.000317
43.708108,2.808493,2.711144,0.012769,0.001399
43.711391,2.846420,2.711958,0.013352,0.001202
43.714239,2.815684,2.712460,0.014216,0.000842
43.716760,2.845331,2.712174,0.014774,-0.002196
43.720067,2.628266,2.710729,0.015468,-0.002140
43.722669,2.772053,2.710977,0.015714,-0.002137
43.727198,2.613611,2.711495,0.015345,-0.001253
43.730257,2.613611,2.712262,0.016605,-0.001204
43.733451,2.613611,2.712805,0.016583,-0.001235
43.736365,2.613611,2.714021,0.015717,0.000904
43.739018,2.762784,2.714606,0.017414,0.000000
43.743353,2.768751,2.714653,0.017494,0.000000
43.745997,2.987350,2.715141,0.017996,0.000000
43.750718,2.843870,2.715657,0.018525,0.000000
43.753715,2.843870,2.716199,0.019081,0.000000
43.757756,2.809435,2.716769,0.019369,0.000000
43.760392,2.621087,2.717063,0.019664,0.000736
43.762970,2.621087,2.716772,0.018560,0.001211
43.765947,3.025163,2.717629,0.018970,0.001253
43.768557,2.839724,2.718016,0.019809,0.000775
43.773980,2.816758,2.718415,0.021015,0.000000
43.777399,2.822900,2.717957,0.020245,0.000695
43.780018,2.998180,2.718886,0.020377,0.001105
43.782675,2.846036,2.719382,0.021204,0.000744
43.785382,2.846036,2.719643,0.019829,0.002544
43.789172,2.771040,2.720639,0.022286,0.001159
43.791672,2.843961,2.720810,0.022578,0.001129
43.797717,2.843961,2.720728,0.022402,0.000924
43.800275,2.815192,2.720765,0.021835,0.000970
43.805961,2.815197,2.721483,0.023109,0.000000
43.809015,2.995680,2.722374,0.024419,0.000000
43.813644,3.229135,2.722718,0.024502,0.000866
43.817785,2.808175,2.723792,0.025901,0.000869
43.822071,2.620835,2.724470,0.027188,0.000000
43.825664,2.800513,2.725039,0.027640,0.000000
43.828262,2.619303,2.725498,0.028098,0.000000
43.830930,2.575812,2.725963,0.029034,0.000000
43.833714,2.949802,2.726912,0.029513,0.000000
43.836264,2.837321,2.727398,0.029998,0.000000
43.838881,2.810325,2.727889,0.030988,0.000000
43.841974,2.808465,2.728893,0.031493,0.001216
43.844880,2.583555,2.729925,0.031852,0.001255
43.854213,2.987545,2.730057,0.030038,0.003468
43.857654,3.031109,2.732127,0.033285,0.001440
43.860544,2.852622,2.730935,0.032562,0.001409
43.864071,2.852622,2.730489,0.035759,-0.002539
43.869830,2.852622,2.731972,0.036007,0.000000
43.876784,2.852622,2.734972,0.038157,0.000000
43.879948,2.852622,2.736148,0.038748,0.000000
43.883484,2.852622,2.736747,0.039952,0.000000
43.887620,2.996789,2.738583,0.041182,0.000000
43.890175,2.772070,2.739208,0.041808,0.000000
43.892761,2.769299,2.739840,0.043724,0.000000
43.899642,2.798967,2.741793,0.041596,0.005362
43.903380,3.040155,2.744775,0.041970,0.005398
43.906720,2.840977,2.744131,0.043500,0.001605
43.914827,2.816937,2.744410,0.046150,0.000000
43.917819,2.995557,2.744231,0.046831,0.000000
43.921066,2.988204,2.744919,0.047432,0.000104
43.927361,3.033259,2.747159,0.050446,0.000130
43.932753,2.840957,2.749104,0.052184,0.002819
43.940023,2.845739,2.751599,0.051251,0.001818
43.942859,2.809510,2.752459,0.052404,0.001788
43.946636,2.995260,2.751866,0.052674,0.001793
43.949370,3.032652,2.752139,0.053218,0.001795
43.951982,2.853890,2.752692,0.053493,0.000000
43.955015,2.772396,2.754313,0.055967,0.000000
43.957740,2.801839,2.754139,0.056739,0.000000
43.960587,2.807945,2.754918,0.057518,0.000000
43.963222,2.995189,2.755704,0.059096,0.000000
43.965809,2.845438,2.757296,0.059896,0.000000
43.968381,2.809690,2.757567,0.061222,-0.002757
43.971188,2.808338,2.757267,0.063606,-0.003631
43.973776,2.806148,2.759511,0.062309,0.001560
43.979364,2.957783,2.763203,0.064841,0.001528
43.982354,2.626791,2.764506,0.063676,0.003107
43.985030,2.771758,2.765664,0.067004,0.001980
43.987895,2.964999,2.766572,0.067223,0.001947
43.990402,2.816978,2.767311,0.067961,0.001950
43.994782,2.800546,2.767273,0.065576,0.005392
43.997678,2.996411,2.769736,0.069213,0.002112
44.003457,2.957948,2.768727,0.069537,0.002115
44.006029,3.188590,2.769381,0.070190,0.002119
44.009686,2.846565,2.770043,0.070520,0.002121
44.012651,2.875960,2.770377,0.070851,0.002126
44.015389,2.996784,2.771050,0.071520,0.002128
44.018476,3.032957,2.771389,0.071857,0.000000
44.021560,2.779558,2.772205,0.074805,0.000000
44.025136,3.038626,2.773127,0.076655,0.000000
44.027732,3.043113,2.774991,0.077591,0.000000
44.030252,2.997273,2.775933,0.078533,-0.000800
44.033395,2.817044,2.776469,0.079182,0.000979
44.036020,2.613576,2.779547,0.079323,0.001805
44.040593,2.801161,2.781268,0.082093,0.001774
44.043165,2.583519,2.782144,0.081437,0.002277
44.045717,2.987453,2.781860,0.080675,0.003780
44.048449,3.035154,2.783266,0.082039,0.004508
44.051036,2.803289,2.784370,0.082112,0.004530
44.053671,2.805892,2.784289,0.084569,0.002321
44.057978,2.843946,2.784137,0.084412,0.002323
44.061501,2.847838,2.784780,0.080978,0.005189
44.065656,2.847034,2.785422,0.084822,0.002645
44.068926,2.809753,2.783576,0.079298,0.005863
44.073750,3.032918,2.781998,0.077470,0.007103
44.076378,2.853944,2.780108,0.072793,0.011817
44.078944,2.623710,2.778528,0.064227,0.013671
44.081549,2.958342,2.770036,0.056921,0.015520
44.084110,2.838068,2.763632,0.049757,0.016137
44.086664,2.772899,2.758598,0.045606,0.013847
44.089388,2.801940,2.751924,0.038522,0.017616
44.091940,2.845197,2.739624,0.032696,0.008900
44.094508,2.666025,2.737026,0.035149,-0.005650
44.097119,3.028209,2.731650,0.043179,-0.025990
44.102760,2.809467,2.723245,0.055037,-0.037120
44.109140,2.957362,2.736246,0.089499,-0.043654
44.111717,2.963734,2.750710,0.098280,-0.045550
44.114364,2.615630,2.758024,0.095814,-0.021553
44.117050,2.807421,2.766965,0.087921,0.011392
44.123465,2.993642,2.780063,0.063971,0.016466
44.127660,2.851935,2.773596,0.057065,0.018836
44.130650,2.798944,2.770157,0.056814,0.012643
44.133169,2.808158,2.763959,0.049859,0.010572
44.135765,2.808006,2.757289,0.050465,0.009321
44.138392,2.995201,2.754809,0.052425,0.003651
44.141178,2.997930,2.750781,0.047753,0.003250
44.144392,2.658786,2.747281,0.042647,0.001506
44.150087,2.658786,2.742992,0.043925,0.000280
44.153029,2.966397,2.742742,0.045752,-0.001216
44.155677,2.839679,2.742249,0.049406,-0.004741
44.158610,2.810227,2.742121,0.049354,-0.001613
44.161248,2.882898,2.744003,0.053938,-0.000569
44.163871,2.586532,2.742999,0.045340,0.000257
44.166454,2.838165,2.747358,0.049217,0.000537
44.169383,2.846647,2.746771,0.049077,-0.000319
44.172092,2.988213,2.746537,0.049457,-0.001188
44.175255,2.777945,2.746330,0.050392,-0.001072
44.177869,2.990229,2.747071,0.051011,-0.001408
44.180384,2.815289,2.748363,0.051674,-0.000000
44.185502,2.658739,2.749074,0.052139,-0.000256
44.187985,2.965348,2.750086,0.052867,0.001763
44.192947,2.589654,2.750659,0.049643,0.004801
44.195815,2.589654,2.752919,0.053960,0.002260
44.199936,2.951530,2.752385,0.055602,0.006103
44.206115,2.846447,2.750680,0.046637,0.006625
44.208691,3.026535,2.761832,0.058099,0.002466
44.212089,2.966996,2.760181,0.062343,0.000433
44.214669,2.959208,2.754893,0.057292,0.000104
44.217370,2.855306,2.750701,0.057450,0.000181
44.220003,3.034740,2.754985,0.057795,-0.000211
44.222978,2.765494,2.755122,0.058141,-0.000000
44.225694,2.845138,2.756179,0.059778,-0.000000
44.231683,3.145070,2.757687,0.060287,-0.000000
44.234371,3.047163,2.764501,0.066864,0.000064
44.236866,2.669513,2.754803,0.063058,-0.000000
44.239435,2.953436,2.760458,0.062686,-0.000000
44.242260,2.649887,2.760632,0.063232,-0.000000
44.246859,2.987714,2.761745,0.064911,-0.000000
44.249424,3.032183,2.762311,0.065484,-0.000000
44.253687,3.004167,2.760125,0.060160,0.002949
44.257401,3.041735,2.767167,0.063701,0.006122
44.261678,2.781397,2.775451,0.072336,0.005709
44.264256,2.781397,2.763919,0.063282,0.003427
44.266864,2.781397,2.769375,0.075208,0.003257
44.269472,2.781397,2.764067,0.066164,0.000502
44.272180,2.990919,2.777009,0.078873,-0.000000
44.274812,3.040164,2.765104,0.071945,0.001034
44.278868,2.780023,2.770696,0.073360,0.000673
44.281685,2.803365,2.771120,0.072743,0.000972
44.284285,2.807073,2.771905,0.073486,0.000662
44.286837,2.806235,2.772645,0.074464,0.000961
44.289699,2.995887,2.773423,0.074892,0.001125
44.292299,2.845577,2.773989,0.075532,0.001249
44.294858,2.996895,2.781933,0.071732,0.000868
44.297428,2.659459,2.770003,0.079517,0.000410
44.299993,2.778292,2.776278,0.078484,-0.000000
44.302802,2.845212,2.784442,0.078511,0.005041
44.311008,2.838219,2.789767,0.076659,0.002893
44.316893,2.837468,2.782515,0.084837,-0.000000
44.319487,2.815381,2.782992,0.085592,-0.000000
44.323684,2.810892,2.784522,0.087122,-0.000000
44.326372,2.853911,2.785297,0.087897,-0.000000
44.329020,2.808108,2.786079,0.096082,0.000971
44.331698,2.993159,2.781702,0.082955,0.001835
44.337537,2.855667,2.791363,0.091547,0.001855
44.341043,3.073251,2.791135,0.092015,0.001551
44.343667,3.049290,2.791383,0.088974,0.005004
44.346375,2.857218,2.793040,0.088354,0.005451
44.349087,2.810929,2.802932,0.085975,0.004318
44.351698,2.996826,2.788632,0.086889,0.004543
44.357014,2.809462,2.796266,0.096999,0.000960
44.359627,2.996532,2.803218,0.104763,0.003964
44.363155,2.666661,2.789829,0.103979,0.006526
44.365726,2.666661,2.801332,0.099647,0.004282
44.368396,2.666661,2.794044,0.092557,0.004251
44.372832,2.666661,2.799438,0.101032,0.002565
44.375440,2.666661,2.793540,0.093196,0.003384
44.379990,2.666661,2.803693,0.103270,0.003012
44.382669,2.666661,2.805685,0.105214,0.003407
44.385288,2.666661,2.796395,0.100808,0.004412
44.388007,2.666661,2.801797,0.100764,0.003589
44.390996,2.666661,2.808173,0.100143,0.002954
44.393557,2.666661,2.800024,0.101151,0.001224
44.396020,2.666661,2.789524,0.095276,-0.007900
44.403396,2.666661,2.790936,0.110432,-0.006389
44.409601,2.666661,2.804359,0.105483,0.001449
44.412082,2.666661,2.805652,0.108119,0.001705
44.414859,2.666661,2.805514,0.106404,0.002854
44.417423,2.666661,2.812948,0.096612,0.007268
44.420044,2.967972,2.806847,0.100684,0.002426
44.425704,3.011418,2.805786,0.107652,0.000496
44.429689,3.003055,2.799929,0.102257,0.000108
44.432688,2.999919,2.807429,0.115340,0.003223
44.437791,2.818249,2.810224,0.110537,0.002189
44.440414,3.004002,2.818529,0.118215,0.002764
44.444742,2.660675,2.811191,0.112605,0.001692
44.447373,3.226149,2.813411,0.104710,0.004276
44.450040,2.824726,2.822720,0.116903,0.008340
44.452587,2.996465,2.806813,0.106270,0.003372
44.455151,2.853187,2.813143,0.111827,0.002402
44.457754,2.817037,2.820458,0.120323,0.002612
44.460278,2.997007,2.809129,0.107817,-0.000496
44.463027,2.776200,2.824168,0.111269,-0.000966
44.466113,2.802600,2.821803,0.126422,-0.002341
44.468880,3.070088,2.815895,0.123498,-0.003289
44.471827,2.860417,2.811358,0.111390,0.002541
44.474505,3.005683,2.820133,0.118937,0.000531
44.477106,3.004147,2.828553,0.115133,0.000932
44.479877,2.660029,2.822027,0.123559,0.000954
44.483174,2.615761,2.821374,0.131886,0.001266
44.485742,2.769552,2.825318,0.126961,0.000949
44.488409,2.988550,2.827434,0.129316,-0.000494
44.491201,3.039862,2.819376,0.129497,-0.001139
44.493754,3.041572,2.834193,0.138070,-0.001279
44.496317,2.667514,2.834189,0.129631,0.007152
44.500730,2.956636,2.835701,0.133868,0.005474
44.503253,2.837727,2.828016,0.121831,0.011573
44.508764,2.853207,2.835993,0.129190,0.005056
44.511970,2.818002,2.834129,0.132032,0.000726
44.515116,2.844128,2.833980,0.145324,-0.000000
44.517842,3.004027,2.839091,0.134841,-0.000000
44.525893,3.034405,2.840039,0.142639,-0.000000
44.528420,2.817056,2.849539,0.146267,-0.000000
44.532824,3.005697,2.836648,0.155085,0.001319
44.535508,2.825754,2.837427,0.138867,0.001155
44.538188,2.996102,2.858045,0.150903,0.009737
44.540767,2.846945,2.842659,0.133544,0.004265
44.543396,2.996590,2.863225,0.150114,0.004132
44.545982,2.853191,2.854372,0.152814,0.004156
44.548514,3.034655,2.844147,0.145974,0.001395
44.551101,2.845371,2.851190,0.163574,0.000997
44.553752,2.807767,2.854878,0.156575,0.000901
44.556307,3.047614,2.857660,0.159329,0.000850
44.558839,3.193105,2.848498,0.164497,0.007711
44.563248,3.013189,2.866095,0.161625,0.009017
44.572019,2.850194,2.870629,0.164144,0.004329
44.575949,3.005984,2.871225,0.169487,0.005535
44.578823,3.049200,2.865030,0.167629,0.001276
44.587126,3.081721,2.883618,0.175978,0.001976
44.589814,2.862744,2.868153,0.169545,0.001341
44.592804,2.818949,2.888362,0.180751,0.001262
44.595541,2.811150,2.882534,0.183842,0.001289
44.598383,2.808126,2.887095,0.180269,0.010852
44.603441,2.996265,2.889958,0.182162,0.013697
44.605971,2.996265,2.894300,0.183072,0.010948
44.608850,2.996265,2.894981,0.186628,0.010543
44.611398,2.996265,2.883013,0.184196,0.010827
44.614066,2.996265,2.903682,0.200160,0.001438
44.617132,3.003771,2.893402,0.185242,-0.000000
44.619956,2.847154,2.904988,0.207588,-0.000000
44.622636,2.988217,2.907346,0.207352,0.001557
44.627044,3.032283,2.899237,0.190317,0.001462
44.629647,3.032283,2.902865,0.199347,0.006115
44.634111,3.032283,2.907979,0.201402,0.009170
44.636684,3.042130,2.909808,0.206141,0.006248
44.639476,3.042005,2.911375,0.207704,0.006267
44.642759,3.034512,2.899876,0.196405,0.011337
44.645381,3.040502,2.923473,0.211008,0.015057
44.648387,3.040502,2.917141,0.209874,0.009877
44.651047,3.040502,2.917528,0.210782,0.011553
44.653870,3.040502,2.921565,0.212531,0.011629
44.656498,3.040502,2.922993,0.213938,0.006445
44.659580,3.040502,2.909509,0.204254,0.004861
44.663230,3.040502,2.933513,0.221110,0.002922
44.665739,3.040502,2.925029,0.219975,0.007648
44.668426,3.040502,2.914701,0.206916,0.014045
44.671007,3.040502,2.939899,0.215825,0.016550
44.673608,3.040502,2.932215,0.219912,0.014884
44.676158,3.040502,2.932892,0.217776,0.017690
44.678743,3.040502,2.920649,0.200875,0.028971
44.681257,3.040502,2.931992,0.218950,0.028956
44.684072,3.040502,2.933372,0.204151,0.038396
44.688713,3.040502,2.935159,0.189029,0.052843
44.691267,3.230021,2.920374,0.154765,0.067415
44.696385,2.862321,2.903893,0.139551,0.065192
44.699036,3.223133,2.902285,0.127732,0.054733
44.702668,3.078226,2.875556,0.128231,0.026364
44.705385,3.043449,2.840657,0.120923,0.016644
44.708011,3.042289,2.807851,0.120585,-0.038125
44.710856,3.005228,2.794883,0.131835,-0.053617
44.717171,2.861994,2.743975,0.164282,-0.142093
44.719907,3.005999,2.684707,0.181205,-0.199772
44.722633,2.848560,2.668599,0.189327,-0.163773
44.725148,2.848560,2.710701,0.142715,-0.084725
44.727967,2.848560,2.814789,0.107625,0.055060
44.731406,2.848560,2.833822,0.058335,0.079514
44.734033,2.848560,2.823776,0.040267,0.084606
44.736718,2.848560,2.781650,0.019401,0.025625
44.739381,2.848560,2.738410,0.020086,-0.027271
44.742161,2.848560,2.648485,0.025111,-0.080193
44.744731,2.848560,2.640035,0.028951,-0.087394
44.750696,2.574657,2.621821,0.032349,-0.188781
44.753407,2.807285,2.564921,0.075904,-0.273684
44.757885,2.824179,2.579171,0.047226,-0.170597
44.760978,2.809128,2.650052,0.023777,-0.049579
44.763568,2.808623,2.682073,0.026228,-0.042853
44.766430,2.996365,2.689020,0.023445,-0.029965
44.769013,3.032873,2.690865,0.022886,-0.031047
44.771592,3.032873,2.686048,0.024068,-0.036226
44.774389,3.032873,2.677509,0.027049,-0.070854
44.776971,3.032873,2.664803,0.039224,-0.074907
44.779539,3.032873,2.664783,0.039161,-0.073149
44.782379,3.032873,2.671137,0.035227,-0.051133
44.785070,3.032873,2.681532,0.026500,-0.023020
44.787696,3.032873,2.710737,0.014494,-0.000751
44.792140,3.032873,2.706815,0.013940,-0.005104
44.798251,3.032873,2.708315,0.014254,-0.002780
44.800852,2.853935,2.709294,0.013284,-0.001695
44.803469,2.853935,2.709294,0.013535,-0.003869
44.806061,2.853935,2.709697,0.013447,-0.001403
44.808681,2.853935,2.712126,0.013617,0.000954
44.811302,2.853935,2.712299,0.018940,-0.006744
44.815762,2.853935,2.712364,0.019382,-0.002714
44.825512,2.817187,2.714979,0.017280,0.002522
44.829711,2.817187,2.717962,0.017330,0.003226
44.832384,2.817187,2.717141,0.018440,0.002010
44.835071,2.809837,2.716910,0.017539,0.002369
44.837742,2.996607,2.717838,0.017777,0.002629
44.842150,2.996607,2.718338,0.019009,0.002181
44.846070,2.996607,2.721112,0.018096,0.007405
44.849619,2.996607,2.722276,0.021236,0.003632
44.852168,2.996607,2.721661,0.020857,0.003363
44.854968,2.996607,2.721716,0.021402,0.003329
44.857743,2.996607,2.721893,0.022226,0.002264
44.860385,2.659401,2.720858,0.024133,0.002147
44.863263,2.953032,2.722154,0.023763,0.000843
44.865858,2.813801,2.722425,0.023113,0.001903
44.868384,3.002734,2.723509,0.023995,0.002333
44.870983,3.191309,2.723904,0.025321,0.001964
44.873686,2.953514,2.725033,0.026549,0.001392
44.878390,2.854174,2.725954,0.027144,0.000463
44.881134,2.808561,2.728287,0.027420,0.002766
44.885395,2.815614,2.730751,0.030365,0.003073
44.891624,2.593414,2.732074,0.033967,-0.000000
44.895902,2.799417,2.731534,0.034135,-0.000000
44.898785,2.807243,2.732393,0.034993,-0.000000
44.901448,2.846370,2.733268,0.034165,0.001398
44.904044,3.002874,2.729880,0.031090,0.001385
44.906718,2.659775,2.740501,0.043102,-0.000000
44.909390,2.802263,2.734902,0.039218,-0.000000
44.911949,2.620533,2.737565,0.040165,-0.000000
44.914508,2.770506,2.738529,0.042110,-0.000000
44.918142,2.771468,2.741681,0.042344,0.000756
44.925058,2.807691,2.743799,0.042827,0.002562
44.927851,2.808898,2.744479,0.043726,0.003342
44.930441,2.995379,2.745507,0.046555,0.002747
44.936408,2.815687,2.746367,0.047296,0.001366
44.943563,2.815687,2.750491,0.051657,0.001432
44.948710,2.809537,2.751567,0.054167,-0.000000
44.951397,2.809537,2.753292,0.055892,-0.000000
44.955275,2.809537,2.754482,0.054467,0.002118
44.958004,2.809537,2.756727,0.057065,0.002256
44.961161,2.809537,2.758036,0.057417,0.003212
44.964440,2.808243,2.758967,0.058287,0.005446
44.967067,2.621690,2.758551,0.058836,0.004865
44.969660,2.994750,2.760747,0.059459,0.003882
44.972283,2.773052,2.761543,0.061128,0.001597
44.974916,2.844250,2.762486,0.063294,0.001604
44.977983,2.839237,2.764171,0.066192,0.000576
44.980525,2.846896,2.764008,0.064987,0.002711
44.983065,2.621972,2.766264,0.068716,0.001764
44.985694,2.806550,2.768708,0.067882,0.003419
44.988445,2.808949,2.770551,0.071971,0.001152
44.991028,2.808968,2.770882,0.074676,-0.000000
44.993905,2.464568,2.773064,0.075664,0.001640
44.996812,2.794263,2.773262,0.074219,0.001700
44.999567,2.844890,2.778100,0.078942,0.002853
45.006784,2.772314,2.779903,0.080345,0.005118
45.011239,2.808181,2.780565,0.081064,0.004941
45.013756,2.770567,2.783199,0.081938,0.004174
45.017660,2.853877,2.785069,0.084567,0.003099
45.020382,2.853877,2.786435,0.089035,-0.000000
45.029022,2.998075,2.794197,0.090724,0.006069
45.034558,2.846975,2.796299,0.092795,0.003100
45.037167,2.996759,2.794350,0.094855,0.003158
45.039737,2.845752,2.796196,0.095630,0.003162
45.042540,2.845752,2.796960,0.094360,0.006384
45.045115,2.996326,2.797472,0.095942,0.006558
45.047932,2.845665,2.799915,0.097218,0.005291
45.051159,2.996706,2.799987,0.096639,0.006792
45.053958,2.845741,2.804035,0.094559,0.014017
45.058262,2.660838,2.806278,0.097583,0.009138
45.061546,2.660838,2.806756,0.101411,0.007941
45.065694,2.660838,2.806693,0.102937,0.006353
45.068498,2.660838,2.805673,0.106295,0.001987
45.072664,2.660838,2.808581,0.111023,-0.000000
45.075524,2.660838,2.810175,0.112775,-0.000000
45.081038,2.660838,2.813731,0.118134,-0.000000
45.083725,2.660838,2.819437,0.117560,0.004475
45.086257,2.660838,2.822343,0.118683,0.007366
45.088794,2.660838,2.824650,0.119878,0.008685
45.091403,2.994253,2.826532,0.114574,0.013743
45.094399,2.659730,2.829162,0.122694,0.007506
45.097830,2.989461,2.826315,0.121408,0.007497
45.100301,3.004373,2.825487,0.119309,0.008816
45.102888,2.816815,2.826824,0.125447,0.005085
45.106041,2.808014,2.824920,0.121265,0.007466
45.108950,2.815805,2.825256,0.119161,0.008594
45.112402,2.779246,2.824912,0.120245,0.007052
45.120397,3.192843,2.828103,0.116000,0.011679
45.123022,2.849479,2.828172,0.122734,0.008032
45.130776,3.033898,2.828977,0.122786,0.006453
45.133395,3.192556,2.828703,0.130135,0.002075
45.137727,2.999547,2.831715,0.127420,0.006892
45.140254,2.847269,2.835763,0.133950,0.004909
45.144196,2.809571,2.836516,0.134234,0.007583
45.148270,2.809215,2.840926,0.135874,0.007664
45.151097,2.846448,2.842507,0.135336,0.009796
45.154033,2.815690,2.844495,0.135864,0.011223
45.156615,2.846916,2.844200,0.140425,0.007677
45.159134,2.442183,2.842843,0.142285,0.004947
45.161852,2.923077,2.845243,0.144216,0.003622
45.164426,2.831975,2.844881,0.143905,0.003576
45.167088,2.659407,2.845898,0.148408,0.002208
45.169728,2.779241,2.849675,0.152275,-0.000000
45.172306,2.989448,2.849618,0.152218,-0.000000
45.174846,2.816410,2.851644,0.156287,-0.000000
45.177551,2.997922,2.844172,0.146772,-0.000000
45.180410,3.035122,2.866065,0.168665,-0.000000
45.182986,3.042765,2.857374,0.163853,-0.000000
45.185645,2.781104,2.863374,0.165973,-0.000000
45.188197,2.807116,2.865985,0.164730,0.003992
45.192694,2.996737,2.871144,0.171262,0.002454
45.195290,2.891919,2.872605,0.176875,0.002468
45.200101,2.809631,2.878838,0.178961,0.002475
45.202709,2.816778,2.880600,0.184597,-0.000000
45.205968,2.839226,2.884279,0.185049,0.005122
45.209615,3.032690,2.890470,0.189874,0.003194
45.212176,3.073180,2.891725,0.191156,0.003167
45.214700,2.857007,2.893859,0.195426,0.003181
45.217397,2.854321,2.896010,0.197584,0.003188
45.220132,3.220457,2.900355,0.199758,0.003196
45.222809,2.825458,2.900509,0.200317,0.004650
45.225465,3.080692,2.910495,0.201268,0.015418
45.231092,3.042226,2.915440,0.208454,0.008476
45.233684,3.229209,2.914205,0.208380,0.008422
45.236412,2.859178,2.915716,0.209872,0.012002
45.239046,3.034687,2.918849,0.205830,0.019921
45.241608,3.041577,2.926641,0.209077,0.020149
45.244278,3.042955,2.928055,0.218650,0.011914
45.246838,3.230358,2.925825,0.216505,0.009133
45.249398,2.893432,2.927479,0.222189,0.009136
45.252055,2.825086,2.933218,0.226673,0.009141
45.256237,2.847291,2.935487,0.228939,0.009146
45.259214,2.995514,2.937806,0.228140,0.019099
45.263396,2.996738,2.945198,0.225948,0.024567
45.265968,2.846708,2.954147,0.223577,0.035279
45.269853,3.183948,2.961949,0.223407,0.041067
45.272448,2.861646,2.965894,0.224452,0.052682
45.275038,2.631529,2.975239,0.219311,0.058209
45.278284,2.960946,2.975873,0.214866,0.064616
45.280939,3.002358,2.977050,0.205364,0.070644
45.283954,2.846871,2.967486,0.197338,0.071792
45.286573,2.996755,2.958958,0.192367,0.055434
45.289057,3.032951,2.941865,0.188261,0.049439
45.291679,2.854438,2.919703,0.186858,0.033295
45.294318,3.026772,2.901660,0.190061,0.004364
45.297063,2.780271,2.889059,0.193767,-0.016232
45.300424,3.032456,2.848659,0.190037,-0.087778
45.303015,2.668098,2.721383,0.217524,-0.198192
45.308449,2.819144,2.729631,0.221886,-0.122838
45.311046,2.809406,2.788296,0.199620,-0.034132
45.314148,3.036453,2.900410,0.195566,0.003794
45.319930,3.005570,2.885346,0.210380,-0.071863
45.325404,2.845424,2.841840,0.216027,-0.046583
45.331977,2.816789,2.877045,0.211298,-0.032179
45.334519,2.812638,2.896555,0.200151,0.013079
45.338587,2.997002,2.908118,0.191165,0.015003
45.341061,2.853000,2.903144,0.183753,0.014554
45.344060,2.817000,2.889158,0.173213,0.017932
45.346727,2.995560,2.883248,0.162855,0.023473
45.349394,3.033752,2.876904,0.153029,0.024178
45.352071,3.041390,2.871276,0.149002,0.024332
45.355519,2.885746,2.865717,0.134700,0.033325
45.358148,2.847060,2.864239,0.136118,0.023941
45.361068,3.040440,2.855730,0.122303,0.026160
45.363695,3.035578,2.842130,0.123423,0.021019
45.366400,3.041951,2.838014,0.128225,0.009757
45.369008,2.960671,2.830805,0.125186,0.007006
45.372256,3.039995,2.829337,0.125224,0.002926
45.374815,3.004096,2.832293,0.132981,0.000258
45.377595,2.848179,2.830933,0.130386,0.003643
45.382525,3.034248,2.832402,0.126048,0.011235
45.385255,2.854210,2.838720,0.128082,0.015529
45.389307,2.623720,2.840145,0.127713,0.015966
45.391888,2.958344,2.841753,0.128931,0.015407
45.394462,2.839029,2.840454,0.136679,0.003869
45.397430,2.623113,2.837270,0.138413,0.001447
45.400127,2.801757,2.838015,0.136765,0.004587
45.403647,3.034175,2.841386,0.139461,0.000861
45.407414,3.005729,2.842782,0.145275,0.000106
45.410062,3.003301,2.844645,0.150678,-0.000763
45.413277,3.032998,2.844972,0.153125,-0.003444
45.416190,2.809800,2.847595,0.156705,-0.004269
45.419740,2.863525,2.851640,0.165121,-0.008707
45.424884,2.810221,2.853250,0.167307,-0.008142
45.427969,3.197439,2.859552,0.167508,-0.005359
45.433684,3.033219,2.872306,0.166048,0.008848
45.436493,3.013255,2.874645,0.168319,0.013484
45.439073,3.043018,2.876099,0.158305,0.011609
45.441808,2.840077,2.876865,0.175576,0.006616
45.451000,2.846931,2.880466,0.182263,0.001962
45.453607,3.002986,2.881261,0.181886,0.001973
45.456262,3.034197,2.882774,0.183387,0.001996
45.458845,2.818008,2.884294,0.184896,-0.000340
45.461405,3.184402,2.888774,0.192633,0.000707
45.463977,3.184402,2.891581,0.191820,0.002355
45.466536,3.184402,2.894348,0.199927,-0.003040
45.469295,3.184402,2.895584,0.204230,-0.003099
45.471898,3.184402,2.900486,0.204624,-0.001539
45.474449,3.184402,2.901793,0.202166,0.003762
45.477015,3.184402,2.905815,0.213976,-0.000000
45.479608,3.070480,2.908274,0.208576,0.002297
45.482156,3.048736,2.912102,0.212343,0.004872
45.485081,2.968606,2.915537,0.211723,0.008076
45.487754,3.028361,2.921206,0.216812,0.006989
45.490400,3.040312,2.922393,0.217872,0.006344
45.493002,2.893357,2.925776,0.222050,0.006338
45.497151,3.037094,2.927777,0.224598,0.004063
45.500421,3.042059,2.927671,0.224520,0.004243
45.503033,3.042059,2.931374,0.225291,0.010121
45.507981,3.035799,2.936213,0.230193,0.011361
45.511037,2.855512,2.937918,0.229959,0.011429
45.516780,3.079478,2.939680,0.230835,0.007009
45.519687,3.230870,2.942889,0.227240,0.018234
45.522700,2.894935,2.947286,0.231346,0.015209
45.525252,3.042071,2.948631,0.238639,0.012448
45.527850,3.080707,2.949194,0.239385,0.012402
45.530326,2.997420,2.951236,0.238710,0.008814
45.536711,3.116827,2.952530,0.249578,0.008860
45.540616,3.046241,2.956891,0.253048,0.007194
45.543451,2.856138,2.957646,0.254890,0.004533
45.546911,2.586342,2.958378,0.260896,0.002817
45.549713,2.764628,2.961223,0.261025,0.002796
45.552402,2.986526,2.963083,0.262874,0.002819
45.555000,3.190853,2.964951,0.266593,0.002831
45.557800,2.884571,2.970782,0.273381,-0.000000
45.561152,3.036951,2.970760,0.269723,0.007167
45.563744,3.040990,2.979156,0.274466,0.005436
45.573488,3.049489,2.987262,0.289218,0.005457
45.577774,2.856267,2.993966,0.294335,0.002228
45.580401,2.817653,2.996060,0.293188,0.005478
45.584504,2.817653,3.001483,0.298348,0.011215
45.587055,2.817653,3.005118,0.303293,0.009107
45.589777,2.817653,3.011623,0.309937,0.007769
45.595086,3.185451,3.013915,0.309058,0.011255
45.597846,3.185451,3.021826,0.310480,0.013940
45.600690,3.185451,3.025166,0.310653,0.014013
45.603407,3.185451,3.027792,0.312176,0.015892
45.606001,3.185451,3.029534,0.312757,0.036393
45.612437,3.185451,3.035486,0.295775,0.051077
45.615265,3.071730,3.031026,0.255108,0.083100
45.621820,2.853114,3.019094,0.240648,0.080217
45.624449,3.003282,3.005978,0.218083,0.081780
45.627077,3.222730,2.965809,0.201852,0.064847
45.633309,2.817326,2.967766,0.208952,0.043027
45.640413,3.229235,2.952569,0.219013,0.025507
45.643220,3.050529,2.945522,0.215470,0.026357
45.645902,3.416741,2.935638,0.209033,0.029133
45.648479,3.007791,2.933073,0.202177,0.042461
45.651161,3.041934,2.929339,0.159087,0.064234
45.656578,2.855005,2.920606,0.136495,0.080927
45.659633,2.847320,2.908270,0.120955,0.089308
45.662257,3.191384,2.897540,0.102843,0.093799
45.664800,3.072917,2.873849,0.081609,0.101810
45.667316,3.043444,2.884401,0.061496,0.094812
45.669978,3.042289,2.834066,0.047363,0.087231
45.672740,3.043098,2.807802,0.032349,0.054266
45.675851,2.817404,2.766882,0.032665,0.033348
45.678548,2.998121,2.745306,0.032611,0.006295
45.681156,2.815605,2.741795,0.030140,-0.013623
45.683681,2.815605,2.677444,0.031340,-0.055527
45.686302,2.815605,2.629344,0.047557,-0.203611
45.688905,2.815605,2.565736,0.081316,-0.257487
45.691654,2.815605,2.549345,0.079051,-0.234088
45.695710,2.815605,2.658621,0.048380,-0.089925
45.698414,2.815605,2.684782,0.040080,-0.018452
45.702968,2.763168,2.715714,0.032485,-0.005075
45.705459,2.987273,2.724976,0.028219,0.003138
45.708057,2.843855,2.735535,0.021876,0.016092
45.712408,2.810970,2.730280,0.022646,0.003007
45.715123,2.584535,2.723652,0.021812,-0.002994
45.717766,2.766187,2.705956,0.023044,-0.015389
45.720409,2.957304,2.682036,0.040675,-0.086127
45.723877,2.837861,2.635564,0.046151,-0.110688
45.727043,2.846885,2.636856,0.052021,-0.112030
45.729512,2.810708,2.654816,0.050496,-0.095137
45.732098,2.583644,2.689750,0.034624,-0.043157
45.734777,2.836400,2.714175,0.018738,0.003618
45.737545,2.807445,2.704137,0.022834,-0.028919
45.744061,2.771674,2.700346,0.027645,-0.020364
45.750052,2.849721,2.705298,0.025671,-0.018417
45.752653,2.586085,2.708940,0.021348,-0.001359
45.755234,3.002186,2.719200,0.024630,-0.008081
45.759417,2.958187,2.717191,0.031382,-0.017095
45.762077,2.846888,2.710507,0.034830,-0.021272
45.766653,2.863189,2.713707,0.034043,-0.010719
45.770172,2.765037,2.727617,0.031197,0.001944
45.773698,2.769801,2.732193,0.029829,0.005826
45.777138,2.816184,2.733968,0.033555,0.002298
45.780089,2.809256,2.731989,0.032657,0.001859
45.782751,2.816500,2.732219,0.033132,0.000635
45.785338,2.659668,2.731776,0.035740,0.000678
45.787930,2.966573,2.733695,0.035672,0.000552
45.790423,3.027955,2.736697,0.032073,0.009324
45.793188,3.042686,2.740736,0.037277,0.006664
45.795767,2.854937,2.739692,0.033353,0.008908
45.798423,3.005627,2.740838,0.034475,0.007274
45.801159,2.817057,2.741423,0.036846,0.007086
45.803693,2.810771,2.741438,0.036459,0.007566
45.806685,2.809647,2.742215,0.036289,0.007440
45.809225,2.809289,2.741896,0.038213,0.006740
45.814528,2.818612,2.742068,0.038657,0.006201
45.818574,2.622297,2.741072,0.040368,0.000606
45.822997,2.764268,2.746805,0.038757,0.000631
45.825632,2.989574,2.742349,0.044415,0.000532
45.830536,2.854422,2.750038,0.053270,0.000693
45.833422,2.818244,2.746794,0.046545,0.003530
45.838111,2.818244,2.750162,0.050221,0.000785
45.845255,3.068644,2.751479,0.053318,-0.000650
45.849114,3.043273,2.752385,0.055828,-0.000000
45.851724,3.035600,2.754599,0.057199,-0.000000
45.854405,2.795837,2.757012,0.060844,-0.000000
45.860072,2.810805,2.761120,0.062847,0.000871
45.864454,2.845709,2.762351,0.064072,-0.000000
45.866919,2.773204,2.763507,0.068465,-0.002643
45.870002,2.808720,2.764104,0.069337,-0.002634
45.872519,3.043504,2.766801,0.069401,-0.000000
45.875075,2.781110,2.768713,0.072694,-0.000000
45.877836,2.781110,2.770195,0.075501,-0.002706
45.880416,2.781110,2.769896,0.073517,-0.000979
45.884826,2.808076,2.771837,0.073362,0.001185
45.887417,2.808975,2.774451,0.073195,0.005579
45.890000,2.808975,2.779818,0.072813,0.009592
45.894284,2.808975,2.780858,0.075542,0.003847
45.897420,2.809155,2.778488,0.076751,0.003831
45.899992,2.996471,2.777470,0.075329,0.004773
45.902833,2.815731,2.778622,0.076434,0.003815
45.905419,2.809546,2.779622,0.076815,0.004865
45.910233,2.808254,2.780220,0.077912,0.004888
45.912849,3.033898,2.780570,0.078633,0.004879
45.915734,2.854140,2.781997,0.081890,0.002702
45.918412,2.817228,2.783184,0.078948,0.005893
45.921259,2.660113,2.785547,0.084384,0.001633
45.924111,2.592103,2.783534,0.084488,0.001656
45.926839,2.802436,2.784575,0.085518,0.001668
45.929337,2.995127,2.785624,0.088709,0.002001
45.931894,2.846385,2.788733,0.089186,0.002142
45.934418,2.628477,2.790100,0.092488,0.001344
45.938495,2.628477,2.792719,0.093966,-0.000000
45.941103,2.959295,2.794054,0.097758,-0.000000
45.944098,2.965028,2.796769,0.100996,-0.000000
45.948988,3.033963,2.800041,0.104302,-0.000000
45.952327,2.799610,2.805074,0.107674,-0.000000
45.956809,2.996731,2.806786,0.109386,-0.000000
45.959305,2.638403,2.810259,0.112859,-0.000000
45.962150,2.775041,2.812021,0.114620,-0.000000
45.965128,2.846383,2.813799,0.118194,-0.000000
45.967847,2.966813,2.816020,0.112710,0.005906
45.970419,2.801818,2.819449,0.112281,0.007620
45.975748,2.846637,2.822717,0.120777,0.004537
45.978418,3.191247,2.825428,0.118808,0.009295
45.981649,2.698329,2.828378,0.121652,0.009321
45.984288,2.698329,2.827132,0.125117,0.002257
45.986849,2.698329,2.827255,0.127909,0.002268
45.989522,2.787026,2.832764,0.130631,0.004732
45.992216,2.787026,2.833422,0.131227,-0.000000
45.994841,2.787026,2.832952,0.136469,-0.000000
45.997805,2.787026,2.838065,0.135883,0.004780
46.000493,2.787026,2.842344,0.137021,0.004880
46.003274,2.787026,2.843381,0.142258,0.004851
46.006012,2.787026,2.846375,0.141878,0.005625
46.011015,2.787026,2.849115,0.150650,0.002612
46.013591,2.787026,2.851173,0.151221,0.002550
46.018238,2.787026,2.855317,0.153481,0.004497
46.020942,2.787026,2.857865,0.156731,0.008000
46.023686,2.787026,2.865809,0.158286,0.010154
46.027164,2.787026,2.867870,0.163842,0.006968
46.029779,2.787026,2.869145,0.166752,0.004992
46.032535,2.804765,2.870512,0.168111,0.005007
46.035132,2.804765,2.872585,0.172258,0.005015
46.037742,2.804765,2.876779,0.174355,0.005022
46.040420,2.997673,2.877783,0.180383,-0.000000
46.044162,2.997673,2.887197,0.189797,-0.000000
46.052275,2.997673,2.889873,0.190398,0.002131
46.054876,2.997673,2.892920,0.197536,-0.000000
46.057463,2.997673,2.894936,0.196492,0.005125
46.060096,2.997673,2.902439,0.199851,0.005187
46.062583,3.033134,2.902312,0.204912,-0.000000
46.065154,3.080349,2.903687,0.205919,0.002873
46.067801,3.030765,2.907299,0.201928,0.007965
46.070653,2.856538,2.914994,0.207940,0.009882
46.075708,3.041806,2.916920,0.210951,0.008564
46.078426,3.043288,2.921429,0.210958,0.016552
46.082793,3.073041,2.923749,0.209787,0.014329
46.085420,3.073041,2.923324,0.215191,0.010868
46.089728,2.861008,2.924401,0.216116,0.010879
46.092486,2.861008,2.925341,0.220821,0.003375
46.099282,2.861008,2.926532,0.225428,0.003354
46.101851,2.861008,2.927929,0.227161,0.003366
46.104666,2.861008,2.929680,0.228902,0.003389
46.107312,2.861008,2.931440,0.232404,0.003400
46.110014,2.861008,2.934979,0.234165,0.003412
46.112691,2.861008,2.936759,0.237710,0.003435
46.116754,2.861008,2.938661,0.232867,0.010350
46.120284,2.861008,2.942538,0.231003,0.012628
46.122871,2.861008,2.944077,0.234107,0.012553
46.126291,2.861008,2.942188,0.230264,0.014531
46.128871,2.861008,2.943548,0.229533,0.013745
46.131706,2.861008,2.938976,0.225984,0.015549
46.134318,2.861008,2.941534,0.219538,0.020863
46.139042,2.861008,2.940720,0.221405,0.022563
46.143899,2.861008,2.935824,0.214340,0.024046
46.146502,2.861008,2.934678,0.223011,0.014259
46.152155,2.861008,2.935465,0.223049,0.015060
46.155325,2.861008,2.935735,0.218890,0.024093
46.157955,2.861008,2.943413,0.226916,0.019085
46.160521,2.861008,2.944700,0.231285,0.013209
46.163070,3.006842,2.943397,0.231976,0.016697
46.166086,3.006842,2.947430,0.236764,0.013163
46.169058,3.006842,2.950885,0.240325,0.013152
46.172502,3.042258,2.957699,0.232938,0.027332
46.178199,2.850441,2.963884,0.235644,0.037029
46.180889,2.706413,2.967022,0.233649,0.040966
46.183431,3.234048,2.973874,0.228712,0.047647
46.186233,3.279069,2.978387,0.221940,0.068763
46.188776,3.090454,2.982637,0.216106,0.072977
46.191295,3.036186,2.985941,0.215564,0.072194
46.193814,3.041767,2.981507,0.211654,0.071647
46.196444,2.855713,2.975430,0.200743,0.060654
46.201046,2.891975,2.949340,0.198892,0.043201
46.204041,3.013035,2.910739,0.206031,0.004859
46.208528,3.037247,2.902669,0.196471,0.003299
46.211064,2.818322,2.905103,0.208617,-0.029331
46.213763,2.998304,2.845918,0.215516,-0.069779
46.216488,2.847021,2.781732,0.222266,-0.188466
46.219063,2.810713,2.746461,0.235805,-0.171868
46.222433,3.182943,2.821959,0.226260,-0.021571
46.225058,3.047845,2.893886,0.216786,0.001367
46.227818,2.856929,2.918710,0.218667,-0.012116
46.231167,3.038341,2.892308,0.228332,-0.034018
46.234433,3.041268,2.880030,0.232909,-0.047536
46.236936,3.042178,2.884466,0.223451,-0.030364
46.239474,3.043076,2.891130,0.225102,-0.022702
46.242074,2.855975,2.907622,0.226528,-0.016671
46.244737,3.037887,2.915179,0.229612,-0.001970
46.247590,2.854938,2.929780,0.228915,0.011079
46.253617,2.854938,2.936912,0.228052,0.011362
46.256656,2.854938,2.940697,0.237235,0.003582
46.260346,2.854938,2.942508,0.242385,0.001621
46.265187,2.854938,2.944110,0.247583,0.000150
46.267849,2.854938,2.945638,0.253085,-0.002467
46.272429,2.854938,2.950558,0.254649,0.004181
46.276984,2.811029,2.961336,0.261862,0.004672
46.279878,2.998536,2.963605,0.271951,-0.009583
46.285071,3.036989,2.962179,0.276314,-0.007155
46.287735,3.080503,2.970945,0.278961,-0.005458
46.290679,3.004909,2.976314,0.283426,0.001042
46.294905,3.005590,2.984194,0.288646,0.001429
46.298206,3.224545,2.990862,0.288399,0.005372
46.300834,3.090086,2.995277,0.298423,0.001547
46.303418,3.088621,2.999821,0.294964,0.007432
46.306718,3.006098,3.004473,0.298650,0.006635
46.309322,2.855681,3.006324,0.304857,0.005965
46.311898,3.221955,3.010225,0.303222,0.009576
46.314506,3.269465,3.014625,0.306012,0.012612
46.317144,3.090505,3.018221,0.313160,0.010787
46.320483,3.233198,3.023439,0.311950,0.016891
46.323687,2.999872,3.033420,0.318995,0.016999
46.328780,2.999872,3.031363,0.315315,0.018707
46.336299,3.275581,3.054147,0.334741,0.010808
46.342232,3.260095,3.145824,0.437319,0.011100
46.345234,3.239806,3.186625,0.521787,0.015265
46.348217,3.079481,3.290724,0.643866,0.037983
46.356430,3.459859,3.599723,0.826623,0.109258
46.359350,3.509195,3.714433,1.008298,0.128011
46.362146,3.509195,3.953467,1.088530,0.228463
46.365450,3.509195,4.231567,1.235491,0.297543
46.368457,4.072879,4.390251,1.321005,0.450498
46.371059,4.072879,4.549033,1.465879,0.532019
46.373860,4.072879,4.855348,1.533208,0.726878
46.377237,4.072879,5.011126,1.603130,0.863446
46.380278,4.072879,5.353580,1.666535,1.063984
46.382838,5.116496,5.490459,1.915250,1.513954
46.390884,6.248934,6.278796,2.152210,1.601136
46.394030,6.965275,6.771250,2.110620,1.937465
46.398297,6.974643,7.036992,2.232981,2.152146
46.400922,6.974643,7.169312,2.313549,2.180120
46.403741,6.974643,7.417022,2.436868,2.381740
46.407090,6.974643,7.728966,2.555926,2.653369
46.409732,7.748849,8.073039,2.515953,2.938000
46.412825,8.133331,8.314719,2.639222,3.049656
46.415310,8.548054,8.544785,2.698402,3.205525
46.418007,9.321921,8.650417,2.574363,3.622768
46.426122,10.134851,9.134091,2.379423,3.997004
46.428661,9.888114,9.261811,2.501058,4.091468
46.431297,10.269506,9.069672,2.179963,4.249818
46.433892,10.055901,9.108150,2.154141,4.173890
46.436679,10.409980,9.307563,1.954907,4.560582
46.440336,10.055280,9.250127,1.901175,4.600724
46.443017,10.256804,9.060956,1.863552,4.665966
46.445556,10.636801,8.828312,1.550089,4.466681
46.448137,10.712800,8.908627,1.477023,4.547984
46.452461,10.357760,8.745228,1.269010,4.778171
46.455123,10.044935,9.054244,1.163783,4.691637
46.459458,10.062870,8.415729,1.034395,4.494338
46.462745,9.995811,8.396043,1.010859,4.478728
46.467005,9.613289,8.238115,0.891441,4.578343
46.469485,10.127778,7.931028,0.754078,4.300516
46.472743,9.542632,7.837836,0.686766,4.351329
46.478183,9.153785,7.806293,0.632537,4.285682
46.480753,8.870855,7.558717,0.608364,4.441427
46.486286,9.090637,7.390565,0.470186,3.664308
46.489117,8.910447,6.948392,0.436097,4.453938
46.493001,8.184562,7.935672,0.435157,3.892876
46.495914,8.761524,7.277104,0.412579,4.120794
46.498909,8.370719,7.482082,0.460505,4.190674
46.501510,8.689734,7.046244,0.370110,3.730537
46.504210,8.669976,7.025387,0.404218,4.132439
46.508176,7.965642,7.788243,0.487249,3.831551
46.510789,8.194834,7.156200,0.369337,4.451807
46.515045,7.935692,7.863141,0.472263,4.428334
46.517712,8.484708,7.374767,0.351004,4.081027
46.522175,8.266685,8.552477,0.581634,5.012916
46.524721,8.393516,8.141006,0.527494,5.320345
46.529460,9.167628,8.674038,0.616831,5.084747
46.532112,9.665686,8.780034,0.657825,5.144875
46.534719,10.134737,9.266831,0.708891,5.558114
46.540258,10.134737,9.303944,0.717360,5.817296
46.543476,10.134737,9.552900,0.694238,5.913548
46.546062,9.855747,9.925575,0.748891,5.769686
46.549314,11.047118,9.438856,0.668863,6.180534
46.551944,10.845818,10.161075,0.790566,6.303497
46.554703,10.941286,9.409884,0.565086,6.651826
46.560464,11.572288,9.620945,0.541842,6.939533
46.563016,11.728521,10.763616,0.678197,6.583422
46.565540,11.345557,10.064978,0.576772,7.515341
46.569113,11.855882,11.447321,0.773874,7.250495
46.571675,12.205755,10.145926,0.537087,6.945328
46.574997,12.519335,11.287431,0.640232,7.035038
46.579689,11.816006,11.154581,0.605969,7.126276
46.586433,12.051941,11.531263,0.703344,7.210397
46.589038,12.094868,11.145227,0.618086,7.094074
46.593499,12.662174,10.748489,0.546314,6.944350
46.596517,11.857367,11.462836,0.624629,7.760586
46.599050,12.131223,11.634466,0.495053,7.014450
46.601621,13.018445,10.933782,0.496478,7.151860
46.604155,12.781908,12.358309,0.755294,8.348469
46.609073,13.655939,12.574314,0.763319,8.576591
46.612195,14.389978,12.455551,0.707203,9.250647
46.615171,14.191601,13.401405,0.943795,9.415046
46.617753,14.728672,14.035610,0.990859,10.294416
46.628532,16.078993,14.984024,1.127504,10.388675
46.631692,15.993544,14.798567,1.090978,10.817912
46.635638,16.533949,15.790802,1.121060,11.185179
46.638912,17.560637,15.455072,1.160226,11.537722
46.643767,17.444763,15.903984,1.077264,11.058393
46.648018,18.032831,15.414095,0.991945,10.925036
46.650562,17.903925,16.037296,1.032032,10.944863
46.655263,18.250368,16.116385,1.065055,11.522203
46.658724,17.542879,15.391562,1.021955,11.273759
46.665800,18.009848,16.002316,1.102752,11.307178
46.668502,17.695410,16.110241,1.225211,11.487371
46.671266,18.052521,16.421919,1.329111,11.273958
46.674477,18.062344,16.268480,1.378455,11.655220
46.677444,18.153854,16.628708,1.412924,11.554209
46.680505,18.550091,16.551941,1.481643,11.858150
46.687542,18.809803,16.714527,1.432707,11.535334
46.691100,18.316936,16.648586,1.239546,11.391584
46.693737,19.213467,17.571758,1.453194,12.363121
46.696370,19.406212,15.879422,1.090653,11.713983
46.703752,18.950052,16.062044,1.064450,11.170115
46.706858,19.529169,16.220217,0.933100,10.910164
46.711037,18.919922,15.549462,0.762365,11.062604
46.714013,18.671282,15.666332,0.860989,10.319012
46.718481,18.255690,14.010715,0.522867,10.565579
46.721107,17.428051,15.197987,0.695403,10.423560
46.723754,17.073536,13.625475,0.557033,9.104661
46.727899,16.809229,14.051086,0.618530,9.450605
46.730622,16.453936,13.995852,0.636407,9.370916
46.734289,16.567616,13.083879,0.653024,9.956441
46.736896,16.411505,14.662638,0.710556,9.387380
46.739456,16.504808,14.177958,0.905711,9.228915
46.742357,16.234335,16.229099,0.978183,9.424928
46.744966,16.312860,14.282982,0.868041,10.993846
46.752118,17.699877,16.445503,1.029551,11.906283
46.756161,18.589418,16.707731,0.991675,11.621143
46.758722,18.527483,17.561012,1.019659,12.863920
46.761294,19.911243,17.859608,0.862232,13.432089
46.773722,20.737118,18.474039,0.845524,12.895710
46.777341,20.786625,17.887341,0.683516,13.930931
46.781812,20.209738,17.574883,0.668993,13.750248
46.787205,20.209738,17.546530,0.639714,12.573980
46.790493,20.209738,18.705887,0.832826,13.664652
46.795216,20.209738,18.807533,1.031758,14.657200
46.797756,20.209738,17.991928,0.877640,14.447695
46.800803,20.209738,19.871403,1.049544,15.369728
46.803444,20.209738,20.039646,1.084891,14.825860
46.806871,20.209738,20.379019,1.305928,15.839955
46.809824,20.209738,20.791782,1.072427,15.258077
46.812441,20.209738,22.235628,1.117562,15.687849
46.817938,20.209738,22.177103,1.187631,16.391138
46.820954,24.183495,22.085690,1.200678,17.580395
46.823466,24.745598,23.341000,1.088187,16.899513
46.826024,25.817375,21.935894,1.165674,17.245047
46.830765,25.338245,22.918447,0.928661,16.579493
46.833678,25.556076,22.174364,0.879475,16.675545
46.838256,25.276684,23.092260,0.926148,17.196531
46.840935,24.825214,22.828522,0.848090,17.194847
46.845082,25.562078,22.851414,0.943404,17.329334
46.847934,25.277189,23.419319,1.033158,17.632301
46.850468,24.590288,22.768562,0.980774,16.239235
46.853823,25.396238,22.836931,1.254556,18.743452
46.857451,24.655148,24.805054,1.273137,18.713629
46.863005,27.564537,23.687109,1.192265,18.732756
46.870120,27.029184,25.324812,1.160433,18.055542
46.872814,28.080624,24.033611,0.870377,17.918457
46.875477,27.870445,25.280647,1.100011,19.127356
46.878049,26.908808,24.988346,1.079364,18.853073
46.880645,26.908808,23.918880,0.891061,18.252275
46.883161,27.626404,24.212027,0.913471,18.434593
46.886111,27.626404,24.441616,0.883717,17.960154
46.889666,27.626404,24.873016,0.897381,18.545547
46.894841,27.626404,24.379200,0.829392,17.532745
46.897545,27.626404,24.403103,0.977592,18.165148
46.902471,27.626404,23.342514,0.916367,16.992941
46.905098,27.626404,23.228828,0.910463,17.186449
46.907834,27.626404,24.629738,0.916559,17.977062
46.910887,27.626404,24.268215,0.970447,18.425888
46.913462,27.626404,24.761332,0.996481,19.502487
46.916125,27.626404,25.513163,0.947585,19.184902
46.918740,27.626404,24.490530,0.899995,18.568743
46.921772,27.626404,26.726299,1.025109,20.275627
46.924436,27.003935,25.598864,0.909665,17.330784
46.927112,28.932308,23.652075,0.720762,17.248425
46.929716,27.750191,23.537243,0.713677,17.563202
46.936026,26.965073,23.599155,0.668598,17.296751
46.938562,26.965073,24.172539,0.755478,16.335945
46.943572,26.965073,24.202929,0.858092,17.665804
46.946163,26.516214,23.534801,0.797411,15.540641
46.948814,27.102663,21.960329,0.654738,16.297380
46.951357,26.496887,22.793564,0.869211,18.138056
46.953933,28.659698,23.850037,0.732486,17.333706
46.958334,27.511654,25.353567,0.795099,19.688580
46.960962,28.705330,27.209639,0.959712,19.742931
46.965288,30.365589,26.434395,0.998462,19.370468
46.971094,29.841595,26.126465,0.875114,18.741020
46.973733,29.810303,26.039309,0.962172,19.126637
46.976488,30.029181,26.173294,0.975364,20.087313
46.979136,29.173794,27.084049,1.103818,20.541378
46.982077,30.003719,27.024525,1.051121,19.352858
46.986096,30.287546,27.439356,1.222451,20.115929
46.990447,30.433750,28.133945,1.300207,20.313625
46.993874,31.775991,28.346376,1.140064,21.045597
46.996484,31.831120,30.134623,1.310316,22.625385
47.002677,34.342205,30.651249,1.168157,22.705963
47.007109,34.706585,30.071909,1.122639,22.860676
47.010170,34.007557,29.969645,1.130430,22.531775
47.012809,34.364273,31.027203,1.157901,21.993971
47.020086,34.320332,29.321508,1.133964,22.002314
47.023019,34.949581,30.076248,1.226330,21.331997
47.027455,33.483620,29.088398,1.218846,21.906265
47.030052,33.774807,30.161251,1.090449,22.472101
47.034535,33.047108,31.832832,1.158750,23.501644
47.037200,36.693882,31.176662,1.025535,23.248310
47.040694,35.823818,31.328789,1.012997,25.276510
47.043232,33.854900,33.005981,0.979797,23.077431
47.045710,36.155029,29.288700,0.903450,21.624737
47.048321,36.924862,31.253586,1.005735,24.203016
47.051113,34.960091,32.011181,1.046523,23.446091
47.053745,35.123169,30.989765,1.111079,23.088095
47.056458,35.653812,30.580208,1.123458,23.009071
47.059109,34.797371,31.051460,1.229458,23.763191
47.061839,33.705017,29.328651,1.039974,21.315306
47.064749,34.720169,29.350178,0.936001,20.762087
47.067365,32.446903,28.796703,0.857711,23.930792
47.073060,33.765671,31.973867,1.187618,25.925356
47.075812,35.622898,32.763336,1.044634,24.720287
47.078470,37.064419,33.107994,1.169080,24.332651
47.082800,37.068924,32.520187,1.160428,24.898642
47.085687,38.043545,34.512836,1.246491,24.682022
47.090648,38.354500,31.888262,1.161164,26.240574
47.093303,34.862274,31.253246,1.191410,23.192331
47.097290,36.009853,34.680000,1.345070,23.684185
47.100984,36.763626,32.261280,1.098770,24.145023
47.103559,37.070885,33.516994,1.107153,24.950836
47.106147,36.741940,32.934418,1.015265,25.174250
47.108868,38.980797,33.608582,1.154873,26.965260
47.111744,38.399040,33.818584,1.026189,25.312662
47.114467,38.788128,33.693417,1.008368,25.661224
47.122191,38.901913,35.350113,1.105673,24.261843
47.126098,38.047661,34.845482,1.266263,25.943258
47.128718,38.702644,34.487644,1.101051,25.438889
47.131471,38.848850,34.427704,1.139397,25.525604
47.134079,38.150410,32.166607,0.929615,23.369156
47.136765,38.738403,33.894928,1.024638,27.333961
47.139451,39.065441,35.923409,0.971914,27.095045
47.142130,39.765816,33.846931,0.879945,25.013990
47.146358,38.925335,32.151749,0.751194,26.243095
47.149452,39.926579,34.545479,1.036372,26.405197
47.154914,39.281487,35.473072,1.097694,25.091969
47.157465,40.749477,35.452324,1.229066,26.171892
47.160230,38.691349,36.893314,1.191176,26.254595
47.162807,39.571846,35.477867,1.098052,25.584259
47.165459,40.114189,34.862358,1.272844,28.935316
47.168141,40.489872,37.389378,1.127946,29.940424
47.170938,40.489872,36.515724,0.966323,28.820385
47.176946,41.806286,38.203625,0.876925,25.009003
47.179543,42.738136,37.740334,1.133928,28.217215
47.182282,39.820351,38.835278,1.312460,27.255207
47.184830,42.664890,36.953789,1.037690,29.269636
47.192983,41.617153,38.991646,1.084256,27.783426
47.195577,42.630714,37.032520,0.930025,27.457724
47.198456,44.072701,41.107277,1.182987,29.979427
47.201041,41.459339,39.698643,0.796296,26.663094
47.203702,41.459339,39.333187,0.961942,29.469193
47.208180,41.459339,40.765907,1.119634,26.864437
47.215059,42.357468,36.737923,1.132311,30.353718
47.217852,42.357468,39.496323,1.133114,29.496553
47.221752,42.357468,39.716133,1.036702,29.680019
47.224342,42.357468,43.715603,1.398697,32.075108
47.228013,42.357468,41.895378,1.086713,31.843672
47.230772,42.357468,41.585213,1.174193,32.182987
47.236141,42.357468,42.419941,1.198906,32.912251
47.238777,42.357468,43.233650,1.051454,30.542309
47.241551,42.357468,40.976093,1.037296,30.682404
47.244118,42.357468,42.663338,1.273792,32.148239
47.246664,45.338371,40.253605,1.058921,30.990139
47.249482,45.392395,41.480846,1.230886,32.107868
47.252094,45.961678,42.141228,1.077914,31.671898
47.254719,47.419350,44.066284,1.235066,33.017170
47.257457,47.981663,42.537189,1.063568,31.996391
47.260349,49.509430,44.100616,1.176995,31.951328
47.262872,46.121372,42.533684,1.016324,31.560196
47.265449,46.816223,41.717834,1.034796,31.039690
47.268104,46.359287,43.335629,1.137372,31.203358
47.272910,46.293968,42.971344,1.217491,34.526924
47.279805,49.310257,44.391087,1.086363,33.535915
47.282374,49.001457,45.499508,1.168917,34.931221
47.286081,50.307255,45.543575,1.105019,34.599369
47.288761,50.110249,46.087639,1.172515,35.983395
47.291340,49.608894,47.060616,1.218547,35.680500
47.294189,50.097462,45.232510,1.167692,34.430374
47.296864,50.159492,45.636009,1.050349,32.951935
47.299459,50.159492,44.521255,1.139960,34.854218
47.305241,50.159492,46.144943,1.171094,36.031769
47.307867,50.159492,47.713158,1.165069,36.353050
47.310513,50.159492,46.855564,1.109008,35.433113
47.316299,50.159492,46.016487,1.090308,31.718597
47.318849,50.159492,43.140869,1.060425,32.731232
47.321459,50.159492,44.296738,1.117901,35.038662
47.324129,50.159492,45.036751,0.997836,34.272606
47.326870,49.974140,45.891655,1.070226,34.944302
47.329458,49.974140,48.237686,1.202821,37.212963
47.334024,49.974140,49.569893,1.211043,37.808025
47.336679,49.974140,48.367115,1.125567,37.459862
47.341036,49.974140,49.304073,1.153771,36.557053
47.343662,49.974140,47.073318,1.045759,35.224030
47.347710,49.974140,47.251698,1.036092,35.316273
47.350363,49.974140,46.229736,0.953449,34.898186
47.354111,52.900112,48.015362,1.006322,37.486412
47.356889,52.900112,49.564651,1.126629,37.681652
47.360113,52.900112,48.010994,1.008396,36.314583
47.363467,52.965622,48.412888,0.941809,33.897774
47.366019,52.656963,49.003616,1.143457,34.614029
47.368756,52.656963,46.819794,0.856814,32.461327
47.371462,52.656963,44.806496,0.885541,32.529949
47.374140,52.656963,44.125671,0.864666,31.812359
47.376784,52.656963,46.394955,1.000904,35.268688
47.379761,52.656963,50.275238,1.087976,37.844696
47.382367,52.656963,50.351955,1.110431,35.952461
47.384922,52.656963,48.385288,1.007748,36.122639
47.387506,52.656963,48.450958,1.020487,35.920170
47.390111,52.656963,49.000633,1.141476,36.192230
47.392770,52.916992,48.850437,1.059003,33.375626
47.397473,52.916992,47.850414,1.066788,35.040161
47.400164,53.507805,51.732510,1.197325,39.138924
47.406630,54.504444,50.052299,1.054810,39.238205
47.409363,56.059292,52.163895,1.057599,37.665764
47.411936,57.128021,51.662109,1.125531,38.650040
47.414488,57.300804,53.141430,1.346374,36.777958
47.417271,55.713409,49.940170,1.058801,34.560066
47.420096,55.623962,47.783592,1.053210,35.754612
47.423136,55.961220,49.046265,1.039287,35.214890
47.425780,56.431290,53.442078,1.213872,40.096008
47.428369,55.742405,54.350456,1.219290,39.812923
47.431094,57.029053,53.101631,1.171881,40.964680
47.435273,59.546764,53.354324,1.345483,41.586823
47.437834,58.459747,53.806515,1.258283,40.286522
47.440454,58.063309,50.209164,1.062089,34.541706
47.443051,56.424324,48.066277,0.894275,34.206589
47.445654,56.424324,48.524029,0.951814,34.879025
47.448457,56.424324,50.282654,1.048575,36.587605
47.451624,56.424324,53.542145,1.097677,39.840298
47.454174,56.424324,55.780396,1.205539,39.901222
47.456783,56.424324,53.646637,1.223033,40.623356
47.461048,56.424324,54.527588,1.128540,37.541458
47.463564,56.424324,50.083313,1.029078,36.515839
47.468024,56.424324,50.178860,1.007970,34.005032
47.475186,56.424324,49.848518,1.105679,39.268509
47.477854,56.424324,54.135475,1.257630,40.160282
47.484713,56.424324,51.846367,0.886046,32.730797
47.490272,56.424324,46.598885,0.823878,33.740643
47.492906,56.424324,48.222828,1.013898,37.344990
47.495584,55.149666,53.687080,1.067552,39.218063
47.498145,56.204449,55.459148,1.156935,40.953304
47.500740,58.427139,56.777809,1.235069,41.377739
47.503364,61.033230,53.978771,1.037385,37.041065
47.507638,57.448277,49.602356,0.929191,35.726044
47.513687,54.984047,48.466621,0.832836,33.703411
47.516283,59.222424,50.197407,0.874784,40.544964
47.518842,58.447891,55.389828,1.226688,45.172741
47.523501,61.808949,58.547703,1.280845,43.558617
47.526135,61.067623,55.599827,1.208395,39.554832
47.530475,58.910103,52.460350,1.006173,37.172421
47.533091,57.734806,52.306038,1.036710,38.773163
47.537669,58.517796,56.359238,1.144035,41.013226
47.540278,61.008202,59.780251,1.312411,46.680557
47.542925,62.534538,62.158485,1.471205,47.370792
47.545584,63.840034,62.879799,1.511915,47.276009
47.548453,65.217606,60.117905,1.416986,41.273129
47.551765,63.621502,55.382923,1.180277,39.630356
47.554546,61.452065,54.645241,1.110198,40.713406
47.557135,63.917377,56.597393,1.411859,44.307270
47.559742,65.720757,63.367195,1.471709,47.382782
47.562290,66.544151,65.779037,1.547608,47.490414
47.565942,65.996834,62.252876,1.400404,45.127052
47.568787,65.996834,61.233871,1.354149,45.468697
47.571475,65.996834,61.735954,1.322106,43.119743
47.574122,61.902569,57.409241,1.158614,44.783447
47.576804,65.852516,61.058380,1.433971,48.736973
47.579732,66.344666,64.499100,1.507269,47.449100
47.587134,69.268547,63.853241,1.422139,48.128441
47.589784,66.581604,59.942368,0.959078,40.748669
47.594003,66.581604,57.751881,0.961975,41.250336
47.596631,66.581604,60.275429,1.064049,47.340321
47.601288,66.581604,63.875023,1.107978,45.706795
47.603977,66.581604,65.456924,1.210893,48.838696
47.606590,66.581604,66.465378,1.347088,46.390415
47.609206,66.581604,60.492241,1.012866,43.851101
47.612286,66.581604,57.882431,0.905671,40.413689
47.615264,66.581604,56.334030,0.818008,39.544319
47.618218,66.581604,61.294220,0.962288,44.871708
47.621114,66.581604,61.739960,0.974785,44.792011
47.623660,66.581604,65.971054,1.180528,49.022484
47.626232,66.581604,66.122574,1.247194,49.132130
47.628709,66.581604,61.587315,0.988973,42.193542
47.631248,66.581604,59.146961,0.842451,40.886749
47.633750,66.581604,58.672424,0.890874,41.544365
47.636301,66.021515,57.811256,0.822212,47.336555
47.638837,66.030075,64.590614,1.143248,48.887207
47.641462,64.578651,65.142487,1.077927,47.927582
47.644112,68.504532,68.763588,1.279790,51.400898
47.646616,69.611183,63.345787,1.067511,43.653656
47.651305,67.308014,61.090874,1.016773,44.568668
47.656629,68.246979,65.511330,1.112596,51.443970
47.659186,68.098915,69.217316,1.146932,48.494751
47.662257,68.098915,67.258614,1.124478,49.044403
47.665793,71.084427,64.528137,1.027959,46.690895
47.668727,66.360725,64.020035,1.041658,42.122452
47.671374,66.360725,60.066719,0.908990,43.044628
47.674270,68.633430,64.387543,1.021762,49.180511
47.676982,70.598404,67.325920,1.021767,46.992203
47.679546,70.342804,65.451302,1.062713,47.296200
47.682145,70.342804,72.473068,1.041151,46.792763
47.688711,68.204071,64.196899,1.030796,45.927795
47.691229,67.808815,67.049644,1.127661,48.553169
47.694486,71.136200,69.493439,1.215415,52.288895
47.697140,70.925690,70.820839,1.166830,50.546944
47.699680,72.779945,68.810249,1.165336,50.195461
47.702249,72.403831,70.561104,1.274310,49.080002
47.704928,71.729309,67.770821,1.011279,45.383942
47.709076,70.141716,65.625458,1.160656,49.260792
47.713654,73.294182,67.785828,1.083940,48.857964
47.716679,74.449638,72.541313,1.448634,51.037140
47.721908,72.151443,68.568199,1.199453,47.489830
47.725735,69.782249,63.673920,1.009335,44.416313
47.728581,73.300476,65.112450,1.107667,46.104267
47.731239,71.994003,65.540024,1.207103,50.069145
47.733782,74.347694,76.252937,1.513673,56.660309
47.736317,74.754715,77.107681,1.635113,53.630562
47.738816,76.300545,73.215897,1.258336,49.977612
47.741481,75.349373,69.565132,1.121920,46.514709
47.744129,75.005081,62.909729,1.004321,43.138313
47.746633,73.645493,64.871414,1.033351,47.840393
47.749273,71.569984,67.795540,1.083739,46.517731
47.751792,71.569984,69.082382,1.077061,49.237709
47.754572,75.784714,70.501846,1.271271,50.543251
47.758318,72.326431,64.945808,1.009826,43.115532
47.760881,70.132576,63.122608,0.911334,43.519432
47.763365,70.451241,63.548817,0.870483,46.371380
47.769130,72.561775,72.543976,1.162403,52.389992
47.772226,72.626915,69.075882,1.063980,48.985752
47.776277,71.933380,66.732513,0.950949,43.677490
47.778823,71.070770,63.853973,0.777592,43.089645
47.783049,70.405792,63.450119,0.872889,43.996342
47.785824,70.894226,69.759079,1.033330,48.213348
47.795472,71.830795,68.826950,0.943225,45.354679
47.798105,72.075119,66.182747,0.932221,45.416401
47.800737,73.408279,67.443108,0.997582,49.176807
47.803302,76.713066,70.102036,1.466879,55.016800
47.807025,74.666267,75.937958,1.180386,51.924461
47.809764,76.125854,74.161415,1.296625,52.996460
47.812399,78.981354,72.629684,1.238631,51.265762
47.818714,81.461975,75.581184,1.526066,58.750687
47.821555,81.481300,83.293045,1.610958,61.777725
47.824222,81.562630,80.151558,1.467530,58.653305
47.826746,81.475861,78.392563,1.300435,55.989395
47.829717,81.121437,74.464539,1.179463,52.762512
47.832550,81.676041,74.555634,1.352056,55.814198
47.838197,83.993042,83.115341,1.504172,61.125092
47.840703,81.818405,83.108521,1.409014,55.347401
47.844741,79.664124,75.567696,1.060711,52.631741
47.847551,78.705154,73.163429,0.996542,51.064484
47.850047,83.535324,78.356354,1.133646,56.193977
47.854718,85.142120,81.130920,1.218055,62.208427
47.857468,81.332291,80.756546,1.184790,58.581875
47.860599,81.854858,74.407661,0.920627,52.504574
47.863217,79.696777,74.799072,0.847923,50.116188
47.865761,80.400879,71.187714,0.829450,48.777622
47.868465,79.249252,72.605484,0.919235,53.464241
47.871043,77.586304,75.941940,1.069139,57.576813
47.873557,78.173264,77.734055,0.979278,55.298798
47.876486,78.937050,72.190063,0.772504,49.893280
47.879124,77.174599,72.451263,0.796995,47.875778
47.884283,77.559113,77.481453,0.979387,60.916382
47.891623,78.068954,76.906517,0.999497,54.134109
47.894266,80.966751,78.715599,1.058645,54.162033
47.897128,79.008194,77.212936,0.941718,57.477757
47.901657,83.670151,84.194580,1.331667,60.836334
47.904501,82.946098,81.789680,1.038064,54.392479
47.912744,84.199142,74.563339,0.969259,52.985481
47.915469,85.153854,78.247101,1.094888,62.022682
47.919690,88.800323,89.274033,1.362958,65.475555
47.922386,85.440498,85.387505,1.272708,55.780632
47.925032,84.278114,79.568199,1.020349,55.638451
47.928246,84.086128,80.055901,1.084353,52.973488
47.931476,84.916351,81.869949,1.272472,57.593452
47.933954,85.377296,82.423965,1.187608,58.232834
47.936490,85.770393,83.550194,1.215197,59.343426
47.939067,82.945145,83.603020,1.163492,58.643524
47.941906,83.460396,78.706223,0.978994,54.401642
47.944471,84.805733,76.854973,1.003894,54.349930
47.947091,84.432991,78.909691,0.982173,52.676437
47.949616,88.145393,82.407234,1.118394,57.806190
47.952251,82.361656,86.012444,1.193254,59.154442
47.955270,85.802910,83.727905,0.970027,53.637932
47.957941,87.402390,76.129425,0.913466,51.427498
47.961143,85.726646,76.242989,1.021493,57.632732
47.965214,89.916695,82.631432,1.368328,62.197342
47.967883,88.519630,83.738564,1.183494,55.451931
47.972221,89.513847,79.605347,1.183408,52.118248
47.974770,90.254791,77.403801,1.119428,48.375046
47.979321,88.851860,73.876274,1.265047,52.310783
47.981892,87.261253,79.742607,1.206929,54.212189
47.984487,84.904251,78.365005,1.104343,51.742691
47.987152,81.325134,77.296677,0.989354,47.471710
47.989798,81.965034,71.190063,1.175868,55.162552
47.995593,81.071327,88.059967,1.347377,62.330215
47.998215,81.071327,84.800232,1.172066,54.867790
48.000807,81.071327,80.517822,1.084718,55.759800
48.003867,81.071327,78.318893,0.948123,52.506882
48.006477,81.071327,77.416519,0.889630,57.377003
48.009220,81.071327,83.429413,1.178456,56.202354
48.011744,81.071327,82.354462,1.062882,56.331356
48.014270,81.071327,84.720749,1.111520,57.326065
48.017139,82.185890,83.492172,0.989969,53.809937
48.019754,82.952377,79.430573,1.065102,56.084549
48.024100,88.894867,89.679970,1.268358,63.226463
48.028347,87.654228,90.910408,1.264274,63.897980
48.031130,87.654228,86.171410,1.117641,56.292721
48.035382,87.654228,89.220123,1.313976,64.234131
48.040744,87.654228,89.367630,1.348730,64.953468
48.043503,87.654228,95.000008,1.471217,67.984268
48.046133,87.654228,92.927200,1.438656,62.106377
48.049166,91.616852,89.357986,1.381304,65.080215
48.051744,91.616852,94.575043,1.571165,67.022163
48.054315,99.311508,92.358917,1.483838,66.132767
48.056903,97.103859,93.448578,1.346281,67.640221
48.059488,91.162796,95.000008,1.466403,67.324028
48.062358,90.587776,94.571953,1.320703,65.669693
48.066027,101.030571,88.314896,1.220500,62.655525
48.070169,91.230247,95.000000,1.247440,67.147606
48.076773,94.565926,95.000000,1.286876,65.596977
48.079330,94.081146,93.533173,1.243626,66.449471
48.082585,94.147995,94.783203,1.190303,64.819092
48.085492,96.880157,93.017838,1.115249,64.853844
48.090022,94.383179,94.418571,1.189822,66.061256
48.092518,91.923035,94.999992,1.170194,66.225380
48.096735,101.121437,90.282753,1.068935,61.287441
48.099378,99.075012,89.419937,0.997993,62.411041
48.103752,90.184929,95.000008,1.127237,66.209068
48.111907,96.238388,93.058342,1.124145,64.295784
48.114487,95.818428,92.269493,1.020596,64.326439
48.117322,92.002655,93.237518,1.154383,65.837532
48.120206,93.881821,94.675751,1.151750,65.694702
48.123323,95.931984,95.000008,1.080222,64.235802
48.126235,99.179123,90.879158,0.963236,61.913452
48.128739,97.218285,88.815392,0.886438,65.826942
48.131311,90.519501,95.000000,1.066236,65.682220
48.133896,93.433212,94.996071,1.126943,65.704948
48.136476,96.825363,90.840958,1.032082,62.321552
48.139140,98.751465,91.726334,1.113180,64.862549
48.141891,93.599426,94.647377,1.082832,65.109291
48.144472,93.594620,94.245125,1.096277,62.891949
48.147103,95.203667,92.453094,1.028397,63.433563
48.149774,93.895004,92.153824,1.040113,62.423859
48.154749,98.245605,90.674103,0.974925,63.072563
48.157378,90.934700,95.000000,1.062150,64.991028
48.161949,94.187439,95.000008,1.072840,64.899361
48.164500,94.600639,94.184540,1.030102,62.806820
48.167759,95.509178,93.452057,1.002863,63.078163
48.170535,95.371185,93.388680,0.985336,64.705589
48.173089,91.736923,95.000008,1.036300,64.532326
48.175717,93.058006,95.000000,1.068511,64.513107
48.178235,94.162399,94.811691,1.074949,64.148499
48.180761,94.209602,94.811272,1.097835,62.283527
48.183374,95.297150,92.912025,1.027015,63.125362
48.186821,91.656960,95.000015,1.070334,63.976379
48.189494,92.561073,95.000008,1.092094,63.951519
48.192510,95.349503,94.219040,1.064830,61.853237
48.195180,96.115173,95.000000,1.091611,63.756317
48.203880,95.320312,93.851898,1.059533,62.651897
48.206513,98.088470,91.139038,1.000643,60.759666
48.209171,96.444412,91.867462,0.977234,61.128559
48.212137,93.971283,94.660248,1.073680,63.528404
48.216371,94.954292,93.987389,1.059828,62.768002
48.219487,97.325455,91.328987,0.875475,57.494045
48.223645,96.565285,91.572815,0.942863,60.158745
48.226681,90.164169,94.796799,1.094281,63.174255
48.230499,96.316948,92.178017,1.004035,59.122520
48.234807,100.156288,90.818436,0.810323,55.359825
48.237479,97.212051,89.950836,0.911071,58.451210
48.240128,92.561691,95.000008,1.059305,63.040264
48.243002,90.309563,95.000000,1.067295,62.997368
48.245588,95.071030,93.594887,1.020606,61.590324
48.248123,98.200958,89.283348,0.866399,57.399380
48.250635,95.423424,91.559746,0.926192,62.922264
48.253198,90.035362,95.000000,1.037456,62.731842
48.256148,91.122856,95.000000,1.061848,61.177448
48.258930,96.526138,93.491760,0.726277,53.241676
48.261711,98.983727,87.456909,0.777789,55.476215
48.264367,89.350525,95.043747,1.002024,62.656395
48.266958,88.199341,95.000015,0.997048,62.537708
48.270189,90.064430,95.000015,0.980076,62.463810
48.272843,90.064430,95.000000,0.979689,62.392170
48.275558,90.064430,95.000015,0.957404,62.320045
48.279664,93.902527,95.000000,0.960567,62.247883
48.282178,95.518967,94.081215,0.936184,60.550308
48.286736,100.712509,84.051918,0.775101,56.548134
48.289826,90.795410,95.000000,0.923350,62.108341
48.293639,89.843712,95.000000,0.933515,61.978466
48.296600,93.950272,93.241562,0.912553,61.401943
48.311317,96.636406,94.999992,0.737212,55.617908
48.313874,98.849945,85.813690,0.650364,61.544373
48.317552,90.231827,95.000000,0.869909,61.385941
48.321031,92.743683,94.999985,0.876813,61.370083
48.323998,94.148727,95.000000,0.866914,61.343124
48.326564,93.989326,94.999992,0.859437,61.208923
48.329192,92.090820,95.000000,0.840856,61.122108
48.331901,91.537445,95.000000,0.831731,61.002617
48.334549,98.658028,95.000000,0.830595,52.390305
48.337132,99.786972,86.150436,0.533591,49.026119
48.339791,90.289078,88.229744,0.823354,61.080589
48.343911,86.930138,95.000000,0.818155,60.874607
48.349522,94.417381,94.999992,0.830739,60.927990
48.352519,96.434563,92.220963,0.665942,54.976200
48.356642,89.224922,94.999992,0.816582,60.717598
48.359268,88.861923,94.999992,0.807604,60.612373
48.361849,93.742676,95.000000,0.799490,56.899265
48.364807,96.480255,91.248405,0.706654,60.664810
48.367492,94.464272,95.000000,0.804885,60.603451
48.370051,90.663811,95.000000,0.795463,60.427502
48.372628,91.816376,95.000000,0.786844,54.819019
48.375163,98.275192,89.419083,0.531606,49.664448
48.377763,96.046669,94.999992,0.794091,60.624966
48.380343,86.881958,95.000000,0.777376,60.319149
48.384173,89.622993,95.000000,0.780380,60.155472
48.386785,90.373932,95.000000,0.778075,60.099228
48.389331,96.320099,94.999985,0.764624,60.128590
48.391855,97.170486,94.999985,0.767198,59.958313
48.397987,90.935593,94.999992,0.756194,56.168076
48.405153,89.680412,90.794304,0.762544,60.100040
48.408232,88.558731,94.999992,0.760344,59.848526
48.412380,91.170883,95.000000,0.754241,59.804276
48.415010,95.368767,95.000000,0.734036,59.904247
48.421145,90.771194,95.000008,0.751542,59.745926
48.423827,93.184006,94.999992,0.747922,59.732796
48.426515,97.031685,89.289139,0.609905,49.773464
48.429179,94.110199,84.628693,0.743722,59.849819
48.431853,88.750610,95.000008,0.736932,59.535046
48.435372,87.112282,94.999992,0.729069,59.459156
48.437925,87.112282,94.999985,0.734116,59.571239
48.441998,87.112282,94.999985,0.727874,59.520405
48.444551,92.049103,95.000000,0.721525,59.236149
48.447164,91.982300,95.000000,0.714354,59.139759
48.449748,95.577255,93.342010,0.676779,57.665115
48.452392,95.780983,93.127632,0.675797,56.873112
48.455006,92.449150,92.540192,0.707966,59.111217
48.457528,89.524956,95.000008,0.709282,59.038029
48.460133,88.940117,94.915314,0.705993,58.998016
48.462735,88.940117,95.000008,0.710614,59.104111
48.465253,88.940117,94.999985,0.696961,58.986893
48.469925,90.806267,95.000000,0.695156,58.641869
48.475017,90.806267,95.000000,0.689476,58.757618
48.477680,90.806267,94.999992,0.679128,58.587997
48.482396,90.806267,95.000000,0.675009,58.498203
48.487960,90.806267,95.000000,0.676375,58.354382
48.492281,91.859444,94.999992,0.665646,58.225086
48.496078,91.519020,95.000008,0.658596,58.090126
48.498746,93.058487,94.999985,0.658522,58.001923
48.501353,93.653061,95.000015,0.657146,57.967003
48.507823,94.677826,94.999992,0.652798,57.918182
48.513936,92.708374,95.000000,0.647209,57.976082
48.516373,92.634720,95.000000,0.643938,57.696468
48.519506,92.634720,94.999992,0.643795,57.710423
48.522561,92.634720,94.999985,0.644062,57.761566
48.525389,92.634720,94.999985,0.645295,57.716156
48.528136,92.634720,95.000000,0.636066,57.346004
48.537762,92.634720,95.000008,0.627367,57.391159
48.540505,92.634720,95.000008,0.626645,57.245243
48.545158,92.634720,94.999985,0.626803,57.315990
48.547774,92.634720,94.999992,0.624456,57.290836
48.550369,92.634720,95.000000,0.622625,57.267277
48.552955,92.634720,95.000000,0.616068,57.112263
48.555813,92.634720,94.999985,0.615729,57.087860
48.558499,93.582001,94.999992,0.612573,57.001293
48.561961,94.162796,95.000000,0.613977,57.122948
48.564595,91.144264,94.999985,0.611525,57.031685
48.567147,93.085815,95.077713,0.553282,54.379856
48.569745,94.942551,94.916199,0.610192,56.976673
48.572363,92.873749,94.999985,0.610209,57.012703
48.575770,94.300476,94.999985,0.610087,57.044041
48.578509,94.014519,95.000000,0.609361,56.920887
48.590165,89.148659,95.000000,0.608937,56.759571
48.594643,93.719978,94.999992,0.603713,56.862778
48.597226,95.246811,94.999992,0.601208,56.861279
48.601888,93.136215,94.999985,0.596055,56.616474
48.610342,91.339020,94.999992,0.593041,56.541267
48.613377,92.142639,95.000015,0.590269,56.530556
48.616078,92.001007,95.000000,0.590552,56.493439
48.618822,93.881401,95.000000,0.587565,56.506939
48.622071,93.881401,95.000000,0.586131,56.606731
48.625122,93.881401,95.000000,0.591203,56.630352
48.627761,93.881401,95.000000,0.584253,56.474869
48.630357,93.881401,94.999992,0.583409,56.294178
48.633363,93.881401,94.999985,0.578452,56.240177
48.635918,93.881401,94.999992,0.574742,56.144520
48.638543,93.881401,95.000000,0.569347,56.016319
48.641138,93.881401,94.999985,0.566472,55.927483
48.643756,93.881401,94.999992,0.565662,55.948925
48.646504,93.881401,94.999985,0.569982,56.071503
48.649115,93.881401,94.999985,0.570984,56.101864
48.652517,93.881401,95.000000,0.566953,55.814262
48.656749,93.881401,94.999992,0.559682,55.670643
48.659345,93.881401,94.999985,0.554754,55.721794
48.661873,93.881401,94.999985,0.552550,55.478561
48.666516,92.069237,95.000000,0.556142,55.621811
48.669127,92.069237,95.000000,0.559045,55.647739
48.671800,92.069237,95.000000,0.562806,55.729496
48.674520,92.069237,94.999992,0.557786,55.529705
48.677145,92.069237,95.000000,0.554238,55.390831
48.679839,92.069237,95.000000,0.550272,55.431068
48.682979,92.069237,94.999992,0.558048,55.586765
48.685627,92.069237,94.961517,0.560813,55.545452
48.688407,92.069237,95.000000,0.560847,55.288544
48.690998,92.069237,95.000000,0.556511,55.236328
48.693625,88.183701,95.000000,0.555247,55.234409
48.696217,93.080803,95.000000,0.554896,55.239433
48.698813,89.955307,94.999992,0.555355,54.941750
48.703880,94.432091,94.776260,0.554649,54.841713
48.706502,94.858467,94.999992,0.559581,54.983013
48.712980,91.629181,94.999985,0.555666,54.780293
48.715705,93.978806,95.000000,0.555100,54.921703
48.720400,93.809402,95.000000,0.558677,54.850540
48.722999,90.091667,94.999992,0.554114,54.731258
48.727028,94.110832,95.000000,0.440799,48.735004
48.729751,96.968796,93.203445,0.562590,54.862297
48.736123,89.238808,95.000000,0.557953,54.728542
48.739277,95.045670,94.999992,0.558210,54.781799
48.741990,94.946243,94.999985,0.566520,55.002228
48.744545,90.177773,94.999985,0.567887,54.777500
48.747099,92.427750,94.999985,0.552158,54.731270
48.749669,91.778503,94.999992,0.551706,54.664471
48.756755,87.339958,95.000000,0.545754,54.422344
48.759500,88.329437,94.999969,0.537958,54.434097
48.762521,94.207611,94.999985,0.543369,48.685314
48.766844,89.647552,95.000000,0.538081,54.537811
48.769497,88.508553,95.000000,0.532704,54.420475
48.772170,86.890038,95.036606,0.523331,54.270504
48.774754,93.302902,95.000008,0.524994,54.318638
48.777352,92.372581,95.000000,0.525997,54.467709
48.780504,93.189827,95.000000,0.518034,54.356808
48.785146,93.645882,94.999985,0.519383,54.395370
48.787786,91.388748,94.999985,0.517515,54.376484
48.791953,89.486549,94.999992,0.512048,54.148270
48.794518,88.991577,94.999992,0.501850,53.970921
48.798373,89.057953,94.999985,0.500482,54.000114
48.801245,89.057953,94.999977,0.500523,53.974705
48.804195,89.057953,94.999977,0.496868,53.998180
48.807206,89.057953,95.000008,0.502382,54.087833
48.813006,89.057953,94.999992,0.491534,53.828373
48.815604,89.057953,94.999985,0.489637,53.650501
48.818585,88.846718,94.999985,0.490223,53.604450
48.821502,89.081062,95.000000,0.482335,53.494099
48.824092,91.431892,95.000015,0.485660,53.598129
48.826641,89.862015,94.938103,0.485331,53.545090
48.830300,93.488899,94.999992,0.487248,53.761307
48.832881,92.054138,95.000000,0.490562,53.701672
48.835516,89.533325,94.999969,0.486372,53.672890
48.838584,88.686081,95.000000,0.483136,53.499233
48.841353,97.178001,94.999985,0.362044,46.111542
48.843975,89.344627,94.999985,0.491200,53.715107
48.848391,89.251411,94.999985,0.487670,53.509323
48.850962,86.437317,95.000000,0.486321,53.561745
48.855227,88.378189,94.999985,0.484142,53.410866
48.860014,88.378189,94.999985,0.487522,53.528728
48.863220,88.298286,94.999985,0.484719,53.403671
48.865835,88.298286,95.000008,0.488400,53.440304
48.869333,88.298286,94.999992,0.479130,53.208557
48.871854,88.298286,95.000015,0.478384,53.082104
48.874359,88.298286,94.999985,0.479337,53.202953
48.876967,88.298286,95.000000,0.478114,53.268791
48.879526,88.298286,94.999992,0.478064,53.156948
48.883941,88.298286,95.000008,0.476988,53.050041
48.886952,88.298286,94.999992,0.476594,53.134243
48.889500,88.298286,94.999985,0.478208,53.140133
48.892010,88.298286,95.000000,0.473817,53.009365
48.894909,88.298286,94.999985,0.470304,52.929146
48.897883,88.298286,94.999985,0.469480,52.967224
48.900521,88.298286,95.050079,0.472343,52.866451
48.906974,88.298286,94.999985,0.469268,53.017933
48.911210,88.298286,94.946289,0.465998,52.848812
48.917405,89.937363,94.999985,0.471462,52.914806
48.920014,89.937363,94.999992,0.468219,52.870243
48.923165,90.084106,95.000000,0.469244,53.001015
48.925876,89.089592,94.999992,0.470521,52.823280
48.929184,92.562073,95.000000,0.467907,52.899868
48.932142,92.562073,94.999992,0.469034,52.689186
48.934775,92.562073,95.000015,0.464110,52.603153
48.937344,92.562073,95.000000,0.457128,52.333065
48.942605,92.562073,94.999985,0.450379,52.460457
48.945114,92.562073,95.000000,0.453750,52.480007
48.947770,92.562073,94.999992,0.451560,52.404877
48.950415,92.562073,95.000008,0.443088,52.117931
48.954220,92.562073,94.999992,0.442675,52.191597
48.956741,92.562073,95.000000,0.440677,52.054531
48.965190,92.562073,95.000000,0.442375,52.076035
48.968134,92.562073,95.000000,0.441097,52.156590
48.972505,92.562073,95.000000,0.435488,51.837223
48.975156,92.562073,94.999992,0.428406,51.715927
48.980089,92.562073,94.999992,0.432061,51.756283
48.982618,92.562073,95.000000,0.430980,51.747391
48.986658,88.409378,95.000000,0.430302,51.798454
48.989821,87.546356,95.000000,0.433577,51.787510
48.992510,88.777481,95.000000,0.429481,51.704384
48.995197,86.974777,95.000000,0.434423,51.679298
49.001525,90.529686,94.999985,0.432306,51.739346
49.004132,89.202965,95.000000,0.435388,51.546432
49.007948,91.344994,94.999985,0.427947,51.519554
49.010499,90.915802,95.000000,0.432251,51.570053
49.013506,89.883125,94.999985,0.428800,51.497021
49.019706,86.046371,94.999985,0.428706,51.357857
49.022388,83.989052,95.000000,0.423478,51.259705
49.025537,87.302933,95.000000,0.423709,51.124798
49.028142,85.734360,94.999985,0.422599,51.053833
49.031617,88.860542,94.999992,0.413286,51.188416
49.039048,93.592506,95.000000,0.419313,50.927528
49.043883,89.128113,94.999985,0.415504,50.842461
49.046867,89.598137,95.000000,0.412393,50.700626
49.050948,91.570518,95.000000,0.413814,50.772083
49.053688,91.570518,94.999992,0.416860,50.857143
49.056923,91.570518,95.000000,0.409014,50.858234
49.059502,91.570518,94.999977,0.412720,50.897732
49.062112,89.893303,94.999992,0.412502,50.797192
49.065751,89.893303,94.999985,0.408144,50.700367
49.068748,89.893303,95.000008,0.410968,50.751701
49.073819,89.893303,95.000000,0.406927,50.653191
49.076524,89.893303,95.000000,0.407470,50.534767
49.079108,89.893303,95.000000,0.405676,50.501465
49.081720,89.893303,94.999985,0.403223,50.581440
49.084224,89.893303,95.000000,0.402136,50.445553
49.087758,89.893303,94.999985,0.396687,50.328625
49.090332,89.893303,95.000000,0.396503,50.444889
49.092983,89.893303,94.999992,0.395922,50.272987
49.098747,89.893303,95.000000,0.396586,50.267357
49.102284,89.893303,95.000000,0.391788,50.172001
49.106407,90.248703,95.000008,0.394057,50.149178
49.110066,93.484573,95.000008,0.394281,50.340443
49.116519,87.250610,94.999992,0.392323,50.156246
49.123529,85.032860,95.000000,0.392309,50.098701
49.126302,89.304878,94.999985,0.391785,49.926849
49.128882,91.412041,95.000000,0.389520,49.897724
49.131507,89.655975,95.000000,0.388645,49.914345
49.134235,93.465157,94.999985,0.392945,50.303040
49.136806,91.976562,94.999985,0.395829,50.236095
49.140922,86.814590,94.999985,0.396743,50.178104
49.147844,87.544090,95.000008,0.395685,50.120995
49.150522,89.883362,94.999985,0.394675,50.070297
49.153324,90.880119,94.999992,0.395694,50.066956
49.156300,89.228455,95.000000,0.394968,49.938297
49.161820,86.265488,94.999985,0.395360,49.977047
49.164582,91.386421,94.999985,0.396654,49.931122
49.169849,87.894867,94.999985,0.398512,49.991631
49.172544,88.078751,94.999992,0.395008,49.626869
49.175146,90.686264,94.999985,0.392134,49.610920
49.177737,87.211182,94.999992,0.394163,49.696033
49.180650,86.807182,95.000000,0.387807,49.365917
49.186030,89.886749,94.999985,0.388660,49.442688
49.188631,90.144844,95.000008,0.389656,49.560383
49.191170,92.434731,95.000000,0.386931,49.499207
49.194404,89.011909,94.999992,0.386837,49.462208
49.197536,89.011909,94.999985,0.381928,49.344746
49.200536,89.011909,94.999985,0.389752,49.684196
49.203826,89.011909,95.000000,0.388492,49.639362
49.206521,89.011909,94.999992,0.383769,49.617901
49.212144,90.267036,95.000015,0.381021,49.452442
49.225168,84.686935,95.000000,0.384484,49.328224
49.231099,94.947708,95.000008,0.380408,49.536938
49.233994,91.468140,95.000008,0.381951,49.404961
49.239295,85.981491,94.999985,0.379664,49.397972
49.242705,90.307472,94.999985,0.379285,49.309971
49.245537,89.518158,95.000000,0.377574,49.407833
49.249807,88.633598,95.000000,0.376419,49.333279
49.252969,90.728905,95.000000,0.375410,49.405838
49.256180,89.328621,94.999992,0.376472,49.402676
49.258939,87.177391,95.000000,0.370922,49.200165
49.261501,89.253838,95.000000,0.372400,49.165565
49.264141,91.735687,95.000008,0.374528,49.387146
49.267535,90.372993,94.934525,0.371092,49.177044
49.270510,89.410011,95.000000,0.372279,49.118603
49.273071,88.474884,94.999992,0.370362,49.159225
49.275740,92.706306,94.999992,0.368118,49.184517
49.278394,90.006226,94.999985,0.371680,49.276043
49.281149,88.632690,95.000000,0.372190,49.248867
49.283747,90.913185,95.000008,0.372242,49.124989
49.288965,86.865074,95.000000,0.369675,49.103100
49.293886,91.409424,95.000000,0.370643,49.031181
49.296532,94.527405,95.000008,0.371130,49.255585
49.301171,88.452423,94.999992,0.370812,49.101582
49.304027,87.921844,94.999985,0.368480,49.043949
49.306748,87.921844,94.999992,0.372539,49.183960
49.309530,87.989578,95.000000,0.372312,49.078686
49.312152,87.307762,94.999992,0.369473,49.089958
49.314858,86.238838,95.000000,0.372529,49.127708
49.317409,86.238838,94.999992,0.372564,49.065750
49.320106,86.238838,95.000008,0.371718,49.139938
49.326301,86.238838,95.000000,0.372276,49.020523
49.329006,86.238838,95.000008,0.372558,49.125660
49.331629,86.262253,95.000008,0.372791,49.070431
49.334172,86.262253,95.000000,0.371845,48.989281
49.337317,86.262253,94.999992,0.374771,49.129063
49.339902,86.614609,95.000000,0.375247,49.056892
49.343183,87.463455,94.999992,0.375384,49.122906
49.351294,88.898468,94.999992,0.374403,48.982960
49.358183,89.635231,94.999992,0.376561,49.117664
49.363769,92.671967,94.991249,0.378775,49.292660
49.366599,91.482643,94.999985,0.379203,49.365479
49.369268,87.478027,94.999992,0.382930,49.349476
49.371917,90.617554,94.999985,0.382609,49.349590
49.374510,88.276329,95.000000,0.382290,49.349941
49.377074,90.261627,94.999992,0.382363,49.298561
49.381788,92.502373,94.999992,0.384093,49.563641
49.384378,90.234375,94.999992,0.383978,49.486305
49.386996,90.951797,95.000000,0.384965,49.391682
49.389892,89.986290,94.999992,0.383071,49.344082
49.394834,89.928940,95.000000,0.382552,49.277969
49.397520,87.727715,95.000000,0.381149,49.255005
49.400123,86.939621,95.000000,0.378960,49.209000
49.404122,91.238480,94.999992,0.377951,49.387657
49.406901,90.072708,95.000000,0.380844,49.481670
49.409422,91.133820,95.000000,0.379619,49.337685
49.413816,91.133820,95.000000,0.380383,49.310623
49.416513,87.794769,95.000000,0.374025,49.049370
49.420929,85.532471,94.999992,0.375771,49.051060
49.423563,85.345856,94.999992,0.370719,49.179764
49.429646,92.652451,95.025124,0.375370,49.292458
49.432229,89.912979,94.999985,0.376000,49.211742
49.434833,86.765068,94.999992,0.371863,49.055840
49.437408,86.630203,95.000000,0.371712,48.934971
49.442603,89.040070,94.999992,0.372033,49.007416
49.445542,89.322929,95.000000,0.371739,48.975761
49.448163,89.397308,94.999992,0.374702,49.106506
49.450837,89.721176,95.000015,0.375304,48.999783
49.454857,87.129784,94.999992,0.374868,48.956360
49.457817,88.734360,94.999985,0.376944,49.066128
49.461433,91.909531,95.000015,0.376935,49.101707
49.464519,90.910576,94.999977,0.377023,49.096851
49.467283,88.908096,95.000000,0.381254,49.176964
49.469855,90.379852,94.999985,0.379814,49.157597
49.472523,90.045738,94.999985,0.379266,49.068783
49.476797,87.737419,95.000000,0.381527,49.112400
49.479610,88.963776,94.999985,0.379314,49.041115
49.483707,88.895691,95.000000,0.384797,49.097500
49.487165,89.340309,94.999985,0.374170,48.909592
49.490696,89.050674,95.000000,0.373372,49.030331
49.495010,91.930412,94.999992,0.371731,48.911560
49.497801,88.552803,94.999985,0.373284,48.883816
49.500386,85.793121,94.999992,0.369178,48.807354
49.502942,89.879387,95.000015,0.370935,48.836552
49.505517,90.680763,94.999992,0.368409,48.811520
49.511873,88.411163,95.000000,0.370468,48.894093
49.514557,92.469360,94.999985,0.372480,49.163578
49.517315,90.678192,94.999992,0.369525,49.033184
49.520267,90.678192,95.000000,0.370471,48.924625
49.523021,90.678192,94.999992,0.371204,48.958046
49.525992,90.678192,94.999985,0.377690,49.112671
49.532212,90.678192,94.999992,0.373015,49.021206
49.534775,90.678192,94.999985,0.368876,49.101456
49.539193,89.972916,94.999985,0.369343,49.013916
49.541833,88.790749,94.999985,0.368036,48.843552
49.546081,86.147568,95.000000,0.362284,48.649525
49.548757,88.576866,94.999985,0.363036,48.536423
49.553040,85.976860,94.999985,0.352828,48.690399
49.559453,88.337151,95.000000,0.364695,48.747795
49.562176,85.398788,95.000000,0.357271,48.371117
49.564837,88.032852,94.999992,0.355351,48.406223
49.567422,87.049667,95.000000,0.356496,48.401512
49.569949,85.383209,94.999992,0.354523,48.353508
49.572534,85.583450,95.000008,0.352665,48.229797
49.575195,91.295944,95.028450,0.355217,48.656364
49.580711,88.292076,95.000000,0.356338,48.572880
49.583335,87.092232,94.999985,0.357978,48.554596
49.585958,85.656570,95.000008,0.357232,48.285679
49.588788,86.520737,94.999992,0.351549,48.199535
49.591321,88.490364,94.999985,0.356991,48.358028
49.593846,89.188316,94.999992,0.355222,48.401871
49.596406,89.294937,94.999992,0.353402,48.354404
49.599186,88.766312,95.000000,0.357915,48.457539
49.603379,84.238770,94.999992,0.359212,48.349277
49.610738,91.469635,95.000000,0.362828,48.618137
49.613359,86.983093,94.999992,0.366680,48.386383
49.617750,94.346451,94.851868,0.366393,48.458302
49.620747,90.389061,94.999992,0.375536,48.557133
49.626144,86.930321,95.000008,0.371627,48.452000
49.628970,86.872719,94.999985,0.377917,48.462765
49.631878,86.672859,94.999985,0.375570,48.356487
49.634526,88.626083,95.000000,0.374942,48.338844
49.637097,87.782745,95.000008,0.382090,48.485962
49.639948,92.135750,94.999985,0.386153,48.593105
49.642609,90.411888,94.999992,0.391496,48.639133
49.649350,90.349541,94.999992,0.383619,48.447941
49.651954,89.180305,95.000000,0.387535,48.563938
49.654530,89.773376,94.999992,0.387771,48.673374
49.657259,90.033432,94.999992,0.390123,48.628902
49.659971,89.576080,95.000000,0.394999,48.655945
49.667380,85.116287,94.999992,0.393537,48.603706
49.669956,91.910355,95.000000,0.397333,48.515942
49.674706,91.834236,95.000000,0.398539,48.663685
49.677266,88.903664,94.999992,0.397887,48.643959
49.681258,88.998627,94.999985,0.405548,48.657528
49.683812,89.454254,94.999985,0.405604,48.730629
49.686521,90.063759,94.999985,0.401712,48.423264
49.691585,84.090569,94.999992,0.391676,48.270561
49.697202,87.382278,95.000000,0.393849,48.376564
49.699782,86.792221,94.999992,0.392200,48.378555
49.702939,89.954056,94.999985,0.401104,48.429241
49.705423,88.504890,95.000008,0.402901,48.375126
49.708031,89.670746,95.000000,0.402166,48.383774
49.710682,91.053429,95.000000,0.407850,48.348572
49.713555,85.640846,95.000000,0.417050,48.217159
49.716159,88.510651,95.000000,0.420158,48.251823
49.721159,88.510651,95.000000,0.444733,48.112785
49.724520,88.510651,95.000008,0.453721,48.283932
49.729418,88.510651,95.000000,0.487039,48.025093
49.736128,88.510651,95.000000,0.555856,48.012608
49.738624,88.510651,95.000008,0.575882,48.142616
49.742045,88.510651,95.000000,0.672467,48.078503
49.744607,88.510651,94.999992,0.696075,48.001434
49.749851,90.720375,95.000008,0.897164,47.919407
49.752527,91.111954,95.000000,1.076552,47.591805
49.757159,91.111954,95.000000,1.325811,47.533146
49.759828,91.111954,95.000000,1.476840,47.461002
49.766202,90.541794,95.000000,2.338185,46.669479
49.770021,97.128334,92.845787,2.464059,42.719624
49.773597,93.873291,94.999992,2.974409,46.174507
49.776151,97.131310,92.700165,3.171547,43.678425
49.778673,94.205383,95.000000,4.429785,43.943497
49.781258,88.213242,95.000000,5.551253,43.581146
49.783854,86.876221,94.999992,7.486923,41.490185
49.786589,89.350601,95.086464,7.296986,42.121956
49.791724,81.424377,95.000008,9.135946,40.318707
49.794279,69.686813,92.417564,10.318663,36.794907
49.799190,76.959724,90.689667,7.973154,41.969765
49.802299,65.706100,76.212807,7.126297,23.975677
49.806156,72.785049,73.746063,6.520862,20.813192
49.811844,60.103413,63.250557,8.354712,-1.841829
49.814813,36.421547,51.110123,8.294874,-5.583007
49.817793,32.743511,52.546146,8.564624,-0.075123
49.820419,35.026382,50.950478,9.889474,-2.286089
49.824667,14.785151,43.584530,9.540654,-13.260597
49.827210,3.671590,39.043995,8.876962,-3.225554
49.829810,3.671590,63.836823,8.274814,13.484667
49.832528,3.671590,67.412056,8.533149,-2.715713
49.838280,3.671590,59.282139,7.978645,23.010849
49.840966,3.671590,72.055916,6.752086,26.861042
49.844220,3.671590,73.619530,6.227830,29.070839
49.847151,3.671590,76.176651,5.679912,36.781219
49.849818,3.671590,87.981445,5.537144,43.289345
49.854032,3.671590,92.155067,3.268138,51.460060
49.862873,67.490005,95.000000,3.583039,50.602322
49.865533,72.308716,95.045258,2.249845,53.303314
49.870869,92.784149,95.000000,1.871844,53.141895
49.873989,91.415581,95.000000,2.148737,52.802082
49.876628,109.635178,89.020447,1.708391,36.772758
49.879244,110.177361,77.651703,1.094791,39.493004
49.881856,102.507599,86.064537,1.474123,44.648098
49.884543,105.978058,82.002060,1.430928,39.328026
49.887169,101.090210,80.929199,2.627737,46.994411
49.889781,93.476204,94.649460,3.508374,50.985813
49.892350,85.918716,94.999992,3.752140,50.586151
49.894939,82.158386,95.000008,4.650240,50.012352
49.897438,81.958923,95.000008,4.665414,49.961147
49.900016,74.692902,95.000008,4.937074,49.600849
49.905638,85.806625,94.999992,4.642889,50.082912
49.908245,81.219048,95.000000,4.183395,50.439529
49.911274,72.896294,95.000008,5.371207,49.045979
49.914793,82.609085,95.000000,4.989013,50.046257
49.918964,82.241089,95.000008,4.974724,50.103825
49.923752,72.016975,95.000008,8.783735,45.577217
49.926315,72.016975,95.000015,9.199529,44.615341
49.929232,72.016975,95.000008,8.622094,45.706318
49.932157,72.016975,95.000023,8.825013,42.447445
49.934894,72.016975,95.000000,14.376991,35.019547
49.940752,72.016975,89.818481,12.866602,35.258644
49.943679,72.016975,87.301392,12.108706,34.795341
49.946147,72.016975,88.194283,11.469806,38.196365
49.949355,72.016975,89.439972,12.205386,27.669113
49.951959,72.016975,82.134850,12.345604,32.154099
49.954835,53.440838,84.100357,11.704483,37.389122
49.957533,53.440838,85.030304,10.371304,35.782730
49.960181,53.440838,79.981369,9.912230,36.446594
49.962809,53.440838,84.284584,9.620987,40.609352
49.965533,53.440838,90.785690,9.217294,43.347073
49.968107,53.440838,91.216438,9.227776,45.918442
49.975015,56.832966,90.656891,6.857008,44.154297
49.980083,53.936832,89.009155,6.591770,47.282471
49.982819,53.936832,91.893280,5.967302,51.173435
49.987028,66.500229,95.000008,5.703198,51.579205
49.989660,69.389282,95.000015,6.063439,51.204105
49.992350,77.424805,95.000008,7.003971,50.175419
49.995827,84.345284,95.000000,6.657709,51.978138
49.999182,86.009857,95.000000,5.081750,52.554287
50.001825,86.009857,95.000000,4.832962,52.849003
50.004410,109.457718,78.038399,2.357599,31.068649
50.006925,115.116196,69.483078,1.266341,29.029707
50.009431,113.223450,72.288712,1.759481,33.150948
50.012022,112.680992,66.931381,1.220433,28.290276
50.014522,117.913673,59.121826,0.687517,19.978672
50.017049,108.399551,58.018364,2.170948,36.405209
50.019602,89.310387,95.000000,5.265990,50.211170
50.024882,88.291519,93.041519,4.496856,48.936268
50.027544,89.948212,90.905792,4.462753,48.649380
50.030423,87.034073,94.486504,5.107736,51.379707
50.033161,90.048058,95.000008,5.340868,47.545174
50.035937,93.914139,88.333954,4.621846,45.649601
50.043061,100.781921,85.008736,3.384126,41.888363
50.046287,95.787994,86.231522,6.633227,49.217117
50.055059,91.822792,92.801041,6.226922,41.588097
50.059448,101.847153,84.881310,5.145061,42.584805
50.062993,97.711555,87.256790,6.975747,42.550751
50.065536,102.524719,84.127708,5.521709,40.236996
50.069089,104.013229,82.641617,5.982719,27.479786
50.077373,84.411926,78.697235,12.583557,31.875656
50.080577,62.743263,79.827789,11.929030,18.814369
50.083199,45.561455,67.805595,9.507643,8.783569
50.085835,48.554214,55.704102,9.249140,12.812874
50.088740,51.713043,60.618637,9.779053,10.421383
50.091657,30.765955,38.115307,8.368431,-7.823139
50.098188,45.517181,44.896149,8.519009,-5.322716
50.103432,14.339824,32.255535,7.178417,-11.545189
50.108032,35.929111,45.159767,7.322267,1.768738
50.112767,25.341652,44.659817,5.621449,6.896267
50.115906,42.302654,56.030430,5.946221,18.422832
50.120058,37.562263,51.774902,7.902992,-0.849609
50.130609,39.687008,60.276657,8.555325,7.019714
50.134011,39.687008,50.871136,9.945841,10.038216
50.138439,39.687008,50.046410,10.402842,-1.896599
50.141984,39.687008,56.264156,11.602192,22.276009
50.148087,39.687008,73.848015,11.450176,31.828617
50.152045,39.687008,77.257141,12.960505,30.854057
50.154693,39.687008,75.966492,11.656015,21.222816
50.160946,39.687008,66.165894,11.486841,22.817783
50.163750,39.687008,62.937138,10.780175,18.941177
50.166250,39.687008,69.449768,9.629659,26.633160
50.170281,39.687008,90.056335,10.465105,53.781071
50.173348,39.687008,95.000000,8.509308,55.490562
50.177345,39.687008,95.000000,7.197256,56.328617
50.179939,39.687008,94.999992,6.155481,57.919392
50.182827,39.687008,94.999992,6.113679,57.678879
50.186123,39.687008,95.000000,6.478864,56.928886
50.189214,39.687008,94.999992,6.775218,56.363373
50.191830,39.687008,95.000008,7.552759,55.365440
50.194542,39.687008,95.000000,7.427077,55.426094
50.197951,39.687008,94.999992,7.269586,55.659679
50.200638,39.687008,95.000000,8.197131,52.609089
50.203193,39.687008,95.000000,10.521719,44.692692
50.205849,39.687008,86.074944,10.606836,48.160828
50.209811,39.687008,91.852188,9.973395,40.686047
50.212770,39.687008,82.643555,9.866995,32.461258
50.215568,39.687008,63.792435,9.643386,21.551247
50.218784,39.687008,61.719864,9.601227,26.892879
50.222005,39.687008,81.430466,10.120283,39.931206
50.224942,39.687008,80.594009,9.049967,33.194130
50.227557,39.687008,67.905258,8.538712,24.098425
50.233385,39.687008,64.328888,8.357277,23.395502
50.236302,39.687008,66.112572,7.471393,20.269041
50.241162,39.687008,59.324547,7.646227,25.842772
50.246901,39.687008,65.110054,8.067900,26.389549
50.250714,61.265400,66.016953,8.377698,33.201263
50.253444,61.265400,70.962296,7.695720,29.318756
50.257934,61.265400,67.850922,8.002043,29.277512
50.260746,61.265400,71.756950,8.964283,33.605637
50.265925,61.265400,69.392632,9.021212,29.998482
50.268810,61.265400,65.605499,9.533351,31.215559
50.275190,61.265400,65.856400,10.549024,25.097876
50.278537,61.265400,62.864239,10.306515,26.474743
50.281251,61.265400,67.113625,10.664663,33.865921
50.283983,61.265400,78.902481,11.466455,40.657009
50.287043,61.265400,81.685707,10.410971,38.905491
50.289634,61.265400,75.496704,9.541558,36.059921
50.292553,61.265400,79.011673,8.963766,48.522366
50.296937,61.265400,86.946945,8.997433,43.173416
50.301782,120.906525,49.448647,1.430815,9.901911
50.305977,138.938904,39.599541,0.448592,16.339748
50.309076,96.134369,47.287670,3.140634,24.567499
50.312554,68.644844,64.788322,5.487134,31.238638
50.315555,53.415184,71.818527,11.591145,31.396709
50.318125,54.131275,70.007690,12.944579,24.018629
50.320801,57.519680,65.509308,12.709273,27.507013
50.323369,62.742226,68.046738,11.416150,37.318840
50.326335,72.794975,75.779282,10.588270,41.554432
50.328913,81.314751,79.351585,9.341400,45.617287
50.331539,79.517746,86.781837,8.668726,50.904266
50.334271,82.277023,90.778175,8.105823,57.681892
50.336798,85.373390,92.111450,7.406124,59.821526
50.339341,88.417343,94.369804,6.093246,61.959110
50.341852,90.892464,95.000000,5.028541,63.165867
50.344535,92.545372,95.000000,4.502823,63.854828
50.351406,90.912109,94.999985,4.043995,63.816772
50.353919,90.912109,95.000000,4.085702,63.073471
50.358089,90.912109,95.000000,4.275345,63.349735
50.361301,90.912109,95.000000,4.949165,62.402924
50.366070,90.912109,95.000000,5.394703,51.254192
50.372759,90.912109,76.541611,6.007351,37.676331
50.376572,90.912109,73.516060,6.784128,31.903852
50.379109,90.912109,54.603981,8.138921,18.291767
50.382205,90.912109,49.204395,8.452181,13.214346
50.384787,90.912109,50.284477,9.673911,16.388046
50.387541,90.912109,56.141846,10.883369,17.796986
50.390184,90.912109,54.582840,10.492172,10.379179
50.393103,90.912109,47.304886,8.761768,5.617023
50.395701,90.912109,46.772141,8.476974,10.980609
50.400400,90.912109,56.111877,8.715425,16.362419
50.403008,90.912109,51.365196,7.824463,10.710548
50.405575,90.912109,46.212852,7.876436,11.555870
50.408315,90.912109,50.737991,8.045198,14.801582
50.411551,90.912109,46.769878,7.420389,14.376009
50.417182,90.912109,47.613548,7.264870,18.768154
50.421580,52.203270,47.503582,8.157328,13.261808
50.424657,41.943855,42.070107,7.445221,11.256750
50.428730,39.160213,50.204414,7.248909,20.081064
50.431321,36.109886,52.826199,7.052996,22.591335
50.433851,34.755196,50.102852,7.245982,17.232279
50.436564,35.449734,48.854996,7.581403,19.384945
50.439205,41.005085,53.153053,8.336170,28.242584
50.441789,42.136795,67.560165,8.060230,34.473106
50.444381,49.426537,68.770111,7.816094,39.968479
50.446936,55.781334,72.754066,8.959444,55.493584
50.452540,71.300072,95.000023,8.813494,61.319798
50.455060,75.615692,95.000008,10.228074,60.420456
50.457567,84.481491,95.000015,9.772849,61.957123
50.460726,93.294006,95.000000,8.932177,61.075325
50.463274,99.381378,91.682190,5.514626,61.039616
50.465902,94.274117,95.000000,6.172188,65.297836
50.472183,92.248947,95.000000,5.926319,63.984947
50.475349,95.801933,93.719940,5.993484,65.312538
50.477897,90.977585,95.000015,6.079363,65.526093
50.480881,95.652832,95.000008,4.811094,61.010036
50.485452,95.674133,95.000000,4.676880,67.249954
50.488742,86.663773,94.999992,5.088785,66.235146
50.493450,93.514961,95.000008,4.946543,66.783745
50.496043,92.524513,95.000000,4.925136,66.963371
50.500057,90.063126,95.000015,4.791584,67.065758
50.502803,95.130646,95.000000,4.510813,67.328033
50.509705,92.584694,95.000008,4.442152,66.963249
50.515253,88.777191,95.000000,4.918491,66.848999
50.517897,92.854324,94.999992,4.712418,67.282104
50.520881,90.996078,94.999985,4.914422,66.969116
50.523551,87.780746,95.000000,5.224869,66.592010
50.526305,87.038513,95.000000,5.320394,66.203484
50.533389,88.253387,94.999992,5.613751,65.856384
50.536048,88.346725,95.203125,6.021595,65.343605
50.538725,91.384407,95.108604,6.906050,64.022842
50.541553,93.015030,95.000008,7.189941,64.225731
50.544247,95.101357,95.000000,7.771910,63.724918
50.548347,88.000969,95.000000,8.514659,54.649513
50.554210,87.432281,77.990906,10.428032,36.686554
50.557164,86.611145,71.340775,9.966929,34.641022
50.561051,88.740021,68.632484,9.494213,31.376060
50.563574,81.076920,64.049927,9.644416,30.203354
50.566131,69.817169,56.707634,8.957567,23.514854
50.568660,67.109665,48.758560,8.381672,8.253368
50.571251,58.615334,40.615974,6.798134,1.894279
50.573828,46.551056,32.240833,4.740110,-20.517746
50.580971,27.246058,9.339573,4.952518,-25.574005
50.583566,22.645348,6.693359,4.567684,-23.627453
50.587053,19.790056,5.126530,4.158617,-26.624344
50.589584,15.634483,1.892567,4.375372,-26.712269
50.592246,9.675428,3.259747,4.718503,-28.424320
50.594825,9.146029,0.386021,5.351846,-32.463161
50.597563,8.746321,-0.682999,5.629141,-30.140408
50.600185,6.053905,2.457527,5.883909,-24.166996
50.603087,10.474797,5.894638,6.751827,-23.905138
50.605657,14.661360,12.791981,6.773715,-17.369980
50.609967,14.661360,26.195583,7.335976,-4.137709
50.612543,14.661360,25.170364,7.373897,-1.774591
50.616787,14.661360,39.854630,8.131932,11.892391
50.619551,14.661360,40.667168,7.653222,26.803257
50.625030,14.661360,57.443218,8.836807,38.180428
50.627652,14.661360,72.188080,8.231224,42.312458
50.630203,14.661360,72.258194,7.831235,41.224289
50.632766,14.661360,70.330917,8.014433,46.919918
50.635585,14.661360,84.492302,9.055403,53.858547
50.638222,14.661360,91.084694,8.905585,62.293785
50.640943,14.661360,92.146866,8.464949,58.039547
50.643657,14.661360,93.948807,8.962753,66.007599
50.648809,92.327156,95.000000,7.752345,65.812744
50.651460,92.327156,95.000008,9.051649,64.266541
50.654210,92.327156,94.999992,7.746422,56.243092
50.659932,103.836975,85.631531,7.177790,56.695549
50.662580,103.836975,85.103287,6.525357,57.340183
50.665196,103.836975,84.876045,6.456248,57.295086
50.670582,103.836975,85.619827,6.707265,57.337696
50.674861,103.836975,85.302063,5.920648,57.609478
50.680073,103.836975,86.009895,6.928165,65.168701
50.684029,91.119034,95.000000,6.952378,62.689453
50.688176,110.745842,80.424629,3.666542,59.576550
50.690749,99.603081,84.247864,3.708742,69.433243
50.693250,89.626770,95.000008,5.305378,68.710686
50.695884,87.960144,95.000015,5.327257,68.558609
50.698549,98.100891,90.530190,4.928852,59.203976
50.701336,100.651863,83.984367,4.906686,65.594269
50.704223,81.875618,95.000008,6.050951,67.041908
50.707859,86.634895,95.000008,7.320320,65.977852
50.710541,86.862984,95.000000,7.259448,65.542183
50.713181,105.270767,93.746841,4.666810,57.086662
50.715882,105.419594,82.570358,4.660103,56.466930
50.718648,91.482101,90.118500,6.454030,65.234200
50.721209,91.589371,95.000008,7.593303,65.398697
50.724172,99.586197,88.837921,6.218144,60.815819
50.726704,102.455887,81.956779,5.166274,57.603802
50.729302,95.417259,85.254250,7.788244,62.077816
50.731863,87.797379,94.999992,9.692292,63.318485
50.736051,97.356361,90.988113,8.078095,56.657078
50.738997,100.994011,87.927994,9.418184,58.781776
50.743080,100.530426,88.260345,9.593205,55.499077
50.746309,112.504005,81.012848,7.067749,48.369289
50.750090,101.496635,85.920380,8.891032,54.105114
50.752729,85.212547,88.612846,11.158314,51.811764
50.755305,97.979782,85.474442,9.531471,56.475784
50.761557,87.919930,79.818710,8.672961,47.839504
50.764262,90.605095,68.147446,7.866008,29.152454
50.766930,86.320389,61.717846,9.148811,25.314259
50.769725,75.197723,55.537045,9.006166,22.558064
50.772292,68.652626,46.506454,8.138645,9.816349
50.775577,72.951149,47.041019,8.089968,21.305458
50.779547,65.816147,56.578171,8.653745,26.349564
50.783889,60.843525,54.078503,8.287720,22.888496
50.789091,64.197327,54.157246,8.516952,28.388462
50.791846,63.541630,68.649261,9.095379,36.872776
50.794584,62.990723,70.459686,9.241264,34.697117
50.798788,76.090424,75.546768,11.966354,58.674324
50.801349,83.025253,93.615875,12.839832,58.342289
50.803926,90.149918,85.292206,11.623695,51.347565
50.810633,103.882782,89.826385,11.184556,57.089664
50.816393,97.000542,90.402206,11.929286,57.064159
50.819563,109.553421,82.086227,7.627013,52.772446
50.822128,108.587646,81.495110,7.191625,52.708576
50.824640,105.745743,80.563301,7.114472,53.046997
50.827896,97.216347,88.333595,9.636490,57.458645
50.830461,92.846146,91.846893,8.233982,60.968079
50.835948,100.899757,85.040161,7.074373,56.461250
50.838576,106.620392,77.448425,5.155375,51.179359
50.841224,95.421684,78.491493,8.711797,57.692265
50.843823,91.626740,91.005280,8.401266,61.203587
50.846491,97.791176,88.925865,7.196761,57.600597
50.849206,95.794395,85.584106,6.899729,58.859264
50.851774,96.983452,86.284744,7.256558,57.439819
50.854371,106.792114,83.072342,6.860693,50.312214
50.856929,102.752266,91.978561,8.767509,60.384109
50.866336,107.584549,75.683746,4.861985,49.803967
50.870351,93.916840,82.313240,5.863483,59.860706
50.873009,89.872017,88.466995,7.851346,55.374344
50.877405,102.536629,77.533508,6.221964,49.797230
50.880412,104.456863,76.025589,5.377323,48.196316
50.883273,103.989876,74.032608,5.326846,51.774719
50.887276,97.216324,78.746780,6.408475,51.749535
50.889847,101.919121,76.188889,5.942810,49.332718
50.893280,102.563568,76.665619,5.765330,49.174381
50.895852,92.343201,88.807571,8.078739,59.570736
50.898645,86.739189,90.310318,9.070086,53.131985
50.901569,101.632454,79.095558,7.505384,49.907360
50.904368,96.753960,82.793526,7.954417,46.394112
50.911237,103.500298,75.224556,7.963000,49.774460
50.913966,93.765205,83.904320,9.070008,54.955296
50.917306,92.606003,87.307358,9.402285,47.001778
50.919976,90.735260,73.223320,9.931297,40.930542
50.922563,88.076385,75.120850,8.863401,41.008125
50.926752,99.814568,71.511955,7.974428,40.771236
50.929586,90.193253,70.415527,9.896061,37.727493
50.933681,92.605911,70.376823,9.587576,38.034447
50.936400,93.999832,72.470062,9.997685,39.872334
50.939012,89.194695,73.110359,10.224822,34.220764
50.941860,89.194695,67.945381,9.314079,35.715614
50.944562,88.298782,71.384880,10.395123,48.025425
50.949933,88.298782,80.973495,11.403049,47.087944
50.952573,90.442238,79.174728,11.770559,41.671886
50.955176,93.912529,76.418472,11.683246,42.612495
50.957760,96.679237,74.720406,11.445648,40.538448
50.963438,76.770271,79.720428,14.225779,42.209221
50.966690,98.832466,88.149704,16.399248,49.787075
50.969255,97.899933,85.105621,11.557917,51.336819
50.971901,94.816299,87.809387,10.834346,54.210140
50.974570,101.349777,85.008545,9.175632,48.174911
50.977224,114.449554,77.364059,4.299442,41.140682
50.979845,107.745758,72.006645,4.982420,44.452465
50.982464,84.391205,86.014954,9.716306,62.623985
50.987774,87.803635,93.993637,8.889781,62.667332
50.990552,79.919571,95.000000,7.623372,53.449711
50.996234,103.624451,75.494400,4.551600,53.706524
50.999012,93.260536,80.510384,6.726651,60.807537
51.002698,89.784752,90.348808,7.214650,60.617172
51.005223,91.577087,86.904434,6.544832,59.051346
51.008072,97.487839,81.297653,5.613378,54.445942
51.010648,100.049942,77.795700,5.076438,60.932076
51.013214,86.232727,89.135162,7.916890,65.758575
51.015800,91.515022,88.483551,6.537768,60.884663
51.018656,101.955795,74.327087,4.288427,43.719711
51.021242,97.210518,67.703255,4.999855,53.376122
51.023882,85.766586,94.670509,7.807414,65.235092
51.026809,94.903625,93.432793,5.642443,56.921230
51.029713,103.707687,69.908005,3.478698,46.181732
51.032614,101.559624,72.039917,3.845320,56.879276
51.036824,85.673508,89.084702,7.560070,67.149864
51.041699,85.673508,95.000000,7.474995,67.334709
51.044327,100.365265,72.800133,3.898924,48.980366
51.046875,100.365265,72.670815,3.625206,48.834003
51.051299,100.365265,71.727890,3.223697,48.519547
51.054120,100.365265,71.433632,3.247997,48.317074
51.061962,100.365265,70.392700,3.083794,47.833080
51.067581,100.365265,69.944717,3.061564,47.725677
51.070214,100.365265,70.113350,3.208835,47.538292
51.072848,100.365265,69.651169,2.936710,47.442932
51.075387,100.365265,69.504166,3.027576,47.458298
51.078014,100.365265,69.196373,2.873833,47.225002
51.080632,100.365265,69.151939,2.859879,46.924000
51.085172,100.365265,68.088036,2.577569,46.713078
51.091206,73.036201,94.999985,6.159235,70.073318
51.093871,81.158279,94.999992,6.273334,69.641281
51.097949,92.869469,92.256386,5.331396,65.308838
51.100887,97.758224,89.531265,5.636859,69.920082
51.103889,92.232323,94.999985,5.372424,69.958984
51.106869,94.577438,87.499954,4.603203,70.426407
51.115784,88.766624,94.999992,4.794299,70.173134
51.118334,92.576927,95.000000,4.784397,69.515518
51.123177,92.133842,94.999985,5.043419,69.296318
51.125901,102.670105,83.253357,3.403147,57.901730
51.129981,85.449661,94.999992,5.204715,68.552628
51.135652,85.516373,94.999985,6.579844,67.206024
51.138286,97.071411,91.959007,6.085993,59.983688
51.140875,102.257103,86.217346,5.747519,59.374832
51.143745,93.440834,94.999992,8.444904,64.915512
51.146874,88.490211,94.999977,8.807373,65.039917
51.149561,90.687164,94.999985,7.937843,66.013184
51.152083,97.316475,91.510910,7.060609,63.398228
51.154711,86.900467,94.999992,7.330146,65.670937
51.161779,91.212051,94.999992,7.010014,67.798904
51.169705,87.251556,95.037125,6.638077,67.332489
51.172266,89.055756,95.000000,6.156174,68.277359
51.174974,92.798851,92.248505,5.368425,68.429604
51.179977,85.495293,94.999985,6.239519,67.772148
51.185123,89.722504,95.000008,5.650935,68.492874
51.187678,94.114029,94.999992,5.523142,68.850655
51.190266,86.176758,95.000000,5.877833,68.453667
51.193796,85.852188,95.000000,5.865698,68.314346
51.196429,86.250854,95.000000,5.736109,68.324722
51.199582,87.918335,95.000000,5.859288,68.288109
51.202195,92.016968,95.000000,5.920511,68.586960
51.205451,91.463562,95.000000,5.442468,69.002098
51.208204,92.390450,94.999985,5.465277,66.801903
51.210974,96.380081,92.414703,5.379442,69.074265
51.213586,88.125633,95.000008,5.559444,68.926735
51.216382,88.313271,95.000000,5.649017,68.659904
51.218956,92.358467,95.000000,5.364649,67.962494
51.221585,95.234467,95.000000,5.352331,69.471100
51.224215,90.090767,94.999985,5.506860,69.230331
51.227231,89.546150,95.000000,5.526984,69.109268
51.230588,94.891823,95.000000,5.409946,69.464912
51.234045,96.127647,92.767944,5.204402,67.533112
51.236637,92.908653,95.000000,5.733297,69.244583
51.241580,92.480049,94.999992,5.473105,69.550545
51.244197,93.524803,94.999985,5.474671,69.678200
51.248360,90.326996,95.000000,5.455571,69.440918
51.250863,91.817734,95.000000,5.641047,69.513931
51.254100,94.254745,94.999992,5.564878,69.457893
51.256925,89.449379,95.000000,5.576344,69.599365
51.259609,89.635078,94.999985,5.674420,69.436447
51.262215,92.714783,94.999992,5.641901,69.794373
51.264884,100.738838,95.000000,3.833992,69.847404
51.270962,83.916702,95.000000,5.834742,69.365089
51.275747,90.771950,95.197578,5.866649,69.364380
51.278354,95.288704,90.992996,5.623362,69.905838
51.284061,89.919044,95.000000,5.683337,69.605896
51.287809,92.732483,95.000000,4.406145,63.881046
51.292253,102.406174,76.762558,3.933100,69.853958
51.297438,79.739578,94.999992,5.950883,69.472687
51.299987,77.289040,95.000008,5.632300,69.840836
51.305296,94.609291,94.999992,5.433005,67.245995
51.310048,93.977188,95.000000,5.595458,69.485832
51.312808,83.751282,95.000000,5.851676,68.965195
51.316081,87.414948,95.000015,5.823550,68.947365
51.318629,94.658951,95.000000,5.831284,68.975601
51.323813,88.949577,95.000008,5.881539,68.718346
51.326406,87.285782,95.000000,5.974328,68.079353
51.329239,89.272400,95.000000,6.433465,67.660614
51.331969,93.343109,95.000000,6.599205,67.396912
51.334583,92.808823,95.000000,6.594678,67.164795
51.337332,95.343437,95.000000,7.074401,66.932861
51.340235,90.286987,95.000000,8.217772,65.293953
51.345959,94.567169,95.000008,8.674816,64.711708
51.348573,95.137497,94.757088,9.106470,63.280106
51.351315,95.172752,95.000008,10.227454,62.786545
51.353890,99.359207,87.942436,8.972149,56.966156
51.358288,96.402641,91.570465,10.882985,59.719173
51.361035,88.223083,94.999992,14.362782,58.269241
51.364016,90.547783,95.000015,12.666024,50.584419
51.373060,90.428757,95.000000,16.384109,55.962818
51.376513,97.635048,95.000000,12.669274,43.297791
51.380740,108.192261,72.339409,6.658323,44.130863
51.383571,100.623177,82.607788,9.604627,50.650246
51.386208,90.421684,95.000000,12.901204,59.980545
51.388934,90.437210,95.000008,12.031400,58.009838
51.394572,100.345085,89.537369,11.917093,60.821163
51.400133,90.698112,95.000000,12.786301,59.696930
51.404469,100.754387,87.091171,9.370550,52.681152
51.407707,100.549606,83.158539,8.064954,52.481750
51.410361,96.850716,84.960663,7.008561,51.814308
51.415722,101.579941,78.414948,6.058630,50.461590
51.418450,91.292992,94.429504,9.928346,62.540802
51.422631,91.054230,95.000000,9.921337,57.804836
51.425180,102.718781,87.787048,7.090827,54.405369
51.430313,91.531517,92.769623,9.034076,59.848663
51.432925,93.737595,89.742599,5.080873,49.431152
51.437095,95.385704,76.114952,6.888001,59.226547
51.439972,93.339569,88.654243,6.779455,55.179096
51.442933,99.727989,82.128006,5.054780,52.109531
51.446412,93.628723,87.658279,6.386923,59.730724
51.449873,93.628723,87.643387,6.840162,59.384029
51.452572,93.628723,87.451172,6.408105,59.513092
51.455230,93.628723,86.923187,6.333745,59.478542
51.458762,93.628723,86.685425,6.246205,59.485039
51.461272,93.628723,86.763580,6.257089,59.571526
51.463858,93.628723,86.880081,6.339663,59.478462
51.466684,93.628723,86.887756,6.279856,59.456566
51.469275,93.628723,86.712227,6.200020,59.541508
51.471837,93.628723,86.309616,5.504446,60.156094
51.484720,93.628723,86.322258,5.522768,60.127415
51.487314,93.628723,86.420059,5.640825,60.219898
51.489871,93.628723,86.437302,5.490942,60.309521
51.495174,93.628723,86.170120,6.868052,67.804909
51.500114,93.628723,94.999985,7.225454,66.825859
51.502886,93.628723,95.000000,6.898388,67.135216
51.506579,93.628723,95.000000,6.765573,67.321083
51.509139,93.628723,95.000008,6.913322,67.049660
51.511703,93.628723,95.000000,7.156513,66.528534
51.514246,93.628723,95.000000,6.803524,67.579079
51.518374,93.628723,94.999985,6.931201,66.966988
51.521044,93.628723,95.000000,7.602665,66.282539
51.523887,93.628723,95.472534,8.445955,64.911804
51.526883,93.628723,95.000000,8.005475,65.633713
51.530008,93.628723,95.000008,8.403637,65.313911
51.532694,93.628723,95.000000,9.345462,63.440002
51.535295,97.230713,95.000008,8.923836,60.867432
51.537849,97.230713,92.041107,8.923420,44.798733
51.541087,101.766991,71.908752,9.938290,58.061668
51.544139,81.424400,95.000000,12.059934,60.346519
51.546712,102.470428,83.949646,6.926723,44.332928
51.549387,105.576813,73.895889,9.264065,52.379749
51.551953,87.511322,94.999992,12.944748,53.517624
51.561789,100.274475,83.956009,9.565674,51.766315
51.564582,92.362465,93.334312,12.055795,59.114292
51.567472,90.990875,94.999985,13.992108,57.696133
51.570302,103.734657,80.875061,10.053005,46.506588
51.572916,97.219795,78.693649,14.228225,57.121555
51.579426,85.787163,95.000000,12.980296,58.569321
51.582000,85.787163,95.000008,12.256696,59.349918
51.584576,85.787163,94.999985,12.321939,60.151691
51.587443,109.778236,66.303413,4.079605,38.877728
51.590255,117.269493,55.663376,2.440994,34.226601
51.593201,111.491821,60.565559,4.354294,35.032005
51.595707,111.491821,63.418709,4.826914,35.468479
51.598296,111.491821,63.253685,4.486261,34.744232
51.603400,111.491821,60.113312,3.862760,34.214405
51.608942,111.491821,60.759602,4.704182,34.025097
51.611466,111.491821,59.717155,4.330159,33.705616
51.614080,111.491821,59.637547,4.343334,34.052692
51.618076,111.491821,60.502224,5.047485,60.240791
51.625421,72.722351,95.000000,15.543571,58.763416
51.628222,72.722351,95.000000,14.984353,50.213116
51.632726,117.141373,81.367355,9.922956,35.166847
51.635297,113.669464,59.624928,4.674455,36.798210
51.638273,91.532440,65.203712,5.597246,61.287479
51.642015,83.981873,95.000000,12.253181,62.285885
51.645177,96.467674,88.996185,10.215283,54.036160
51.647801,89.852150,91.742218,11.617073,59.195873
51.650825,102.438599,76.937973,3.072576,33.176826
51.653952,108.516357,68.268410,4.807773,43.265072
51.656657,80.214828,94.999992,11.128407,63.709625
51.659394,82.018730,95.000000,11.091381,63.481091
51.662421,100.820251,78.796326,6.843006,44.860497
51.665341,104.033005,70.183632,4.873213,46.757446
51.667904,96.724525,81.802361,7.144536,54.914047
51.670600,86.094666,94.999992,11.173160,63.820477
51.673313,95.379883,95.000000,8.288116,57.868561
51.675856,108.391174,65.707542,3.887620,35.183132
51.678889,100.086884,74.917084,10.649990,64.899620
51.683930,77.368462,95.000008,10.986148,64.945816
51.688066,101.303833,76.629311,6.175928,50.976273
51.690718,104.899002,70.480881,4.757037,49.059772
51.693188,102.050522,74.065033,5.795412,48.651363
51.695815,94.163071,85.440010,8.536601,57.497955
51.698770,89.647255,93.100624,9.970923,64.434608
51.702756,94.094894,86.873573,7.641840,59.621571
51.706784,94.094894,86.873718,7.735585,59.454803
51.709310,94.094894,87.005417,8.169002,59.431618
51.712571,94.094894,87.267815,8.295894,59.693707
51.715283,94.094894,87.291969,7.988527,59.526909
51.717891,94.094894,87.463493,8.137153,59.345585
51.720584,94.094894,87.481689,8.236477,59.002319
51.723239,101.912094,70.583115,5.265566,45.861103
51.727236,101.912094,72.016220,5.804940,45.970776
51.730255,101.912094,71.482056,5.243257,45.771809
51.732833,101.912094,71.387688,6.383137,45.193920
51.736486,101.912094,71.718224,7.147073,57.433838
51.739039,90.161301,89.198921,13.270911,56.477482
51.741583,90.161301,89.634232,15.449561,54.123863
51.745866,90.161301,89.612320,16.290827,53.342953
51.750815,90.161301,89.718376,15.740943,52.706429
51.758079,90.161301,89.817795,18.906151,50.692322
51.760654,90.161301,89.661552,18.571377,53.437035
51.763256,90.161301,89.634399,15.217928,54.476166
51.765877,90.161301,89.791519,15.092516,54.441498
51.768432,90.161301,89.549477,13.161496,56.372955
51.770987,90.161301,89.425919,12.456062,56.886379
51.778888,90.161301,89.205162,10.815553,6.082914
51.785104,110.782349,26.519449,0.190415,8.155746
51.787616,85.879433,83.169502,8.745992,54.199272
51.790134,52.206123,95.000000,12.347257,62.386333
51.792721,79.307091,52.187382,2.713800,29.664780
51.796025,81.699074,67.558411,5.367271,42.677906
51.798607,67.791008,88.025696,10.392671,53.676567
51.801282,82.941917,82.032402,3.922411,36.121178
51.803907,96.221939,53.050789,9.942345,56.624992
51.811630,74.436729,85.196716,9.431526,56.882294
51.816854,74.436729,84.928795,9.005749,57.083412
51.820370,74.436729,84.355125,8.681124,57.867962
51.822965,74.436729,58.809891,3.330063,37.412296
51.826001,93.292610,58.338787,3.208634,46.796455
51.831749,83.995636,73.927917,5.856034,60.358013
51.837414,78.393219,87.754089,8.457945,61.218197
51.840000,79.792244,87.294617,5.388509,29.251463
51.847272,94.116570,61.242310,3.148607,40.321468
51.850367,64.140060,94.999992,8.978236,67.783554
51.853175,78.671570,94.999985,9.334110,67.587555
51.855956,92.018036,75.550194,5.267354,38.234665
51.858939,99.875793,58.813251,3.720510,47.401085
51.861627,83.959259,90.381546,7.097939,65.644852
51.864250,74.228668,94.999977,7.926423,66.565216
51.866914,86.058884,91.836525,5.257464,43.154819
51.871137,95.958466,64.249924,3.673922,50.319157
51.873897,95.958466,71.742882,3.657757,50.212727
51.878178,95.958466,71.745216,3.622316,50.373085
51.880748,95.958466,71.867554,3.516010,50.106041
51.886417,80.759377,94.999985,6.674912,70.638054
51.888929,80.759377,94.999992,6.300177,70.918045
51.891600,80.759377,95.000000,6.312696,70.777596
51.894243,80.759377,94.999985,6.445808,70.314247
51.897042,91.459076,94.999985,3.386005,54.171833
51.899492,103.090988,58.167725,1.617428,45.033878
51.902914,90.737511,65.775543,4.932477,68.115112
51.905592,74.940865,95.000000,5.440470,70.930946
51.908308,74.642731,95.000000,5.509525,70.503189
51.910934,81.506592,95.000000,5.180772,70.323608
51.913435,92.474121,94.999992,4.908871,70.669647
51.916579,99.598030,83.784813,3.589701,54.371735
51.919142,102.710007,76.353897,2.978215,54.686211
51.924429,102.710007,77.798378,3.084486,54.787491
51.927375,102.710007,77.658279,3.143185,54.878891
51.929990,102.710007,78.296310,3.841090,55.095657
51.934685,102.710007,79.485458,4.156450,67.965248
51.937649,82.950562,94.999992,7.602656,66.225304
51.943194,82.950562,94.999985,9.229251,65.438889
51.946077,82.950562,95.000000,8.933829,65.954315
51.948808,87.981476,94.999985,8.332469,66.541840
51.951352,87.981476,94.999985,7.329679,67.138885
51.953920,87.981476,94.999992,6.670708,67.997688
51.956481,93.837425,94.447128,6.496976,67.889450
51.959217,85.530052,95.000008,6.911178,67.250679
51.961892,84.858498,94.999992,6.976216,66.896721
51.965362,92.896133,94.999985,6.072719,68.254288
51.968969,86.301254,95.000000,6.190778,68.058601
51.971522,86.359932,94.999992,6.237312,67.935890
51.974589,91.897949,95.000000,5.921327,66.577667
51.977275,92.570099,94.999992,5.671974,69.005974
51.982271,86.748970,94.999985,5.620443,68.821632
51.989520,94.012115,95.000000,5.608255,68.844986
51.992067,91.625900,94.999992,5.734283,68.744652
51.996059,89.845337,95.000000,5.674379,68.932915
51.998646,94.734589,95.061996,5.678743,69.117851
52.002797,89.020683,95.000000,5.530220,68.550362
52.008430,100.888191,82.809860,3.925411,69.648849
52.011292,89.874405,94.999985,5.593653,69.072861
52.017740,94.400856,95.000000,5.237921,69.535934
52.022586,96.229706,92.351303,4.904425,67.976952
52.025243,92.778633,92.654633,5.438398,69.857925
52.027820,87.816452,95.000000,5.690412,69.515770
52.030327,88.625046,95.000000,5.681353,69.645050
52.032931,92.186226,95.000000,5.524277,69.646164
52.036808,93.032234,95.000000,5.395812,69.860359
52.039867,97.338463,89.929268,4.761238,65.574066
52.042650,102.651558,76.967720,3.266286,54.590885
52.046193,92.043114,95.000000,5.830540,69.738884
52.050392,82.803711,95.000000,6.007815,69.533005
52.052950,92.039391,94.999985,5.712394,69.911842
52.055619,94.126587,95.000000,5.640147,70.402420
52.059739,90.510956,95.000000,5.891650,66.224152
52.067295,101.025574,90.718948,3.911106,57.463837
52.069827,92.811951,94.999985,6.153086,70.124924
52.074318,82.087654,95.000000,6.321118,69.628052
52.076919,89.691055,94.999985,6.014567,69.939781
52.079506,100.940712,80.616661,3.957549,57.725464
52.082812,95.169670,93.532341,5.789391,70.575325
52.085424,87.424988,95.000000,6.350231,69.515678
52.091130,89.625244,95.000000,6.147798,69.644852
52.093920,95.192757,92.645508,5.535461,67.941635
52.096875,94.492989,94.999992,5.799998,70.152092
52.099582,92.294525,95.000000,5.889861,70.067993
52.102239,93.578186,95.000000,5.925721,70.123779
52.104854,93.640007,95.000015,5.642993,70.045464
52.107518,93.598656,94.999992,5.630597,70.003319
52.110467,92.361000,95.000008,5.716958,69.756706
52.113928,90.555893,95.000015,6.054520,69.377953
52.117252,86.140427,95.000000,5.896051,69.101372
52.122086,95.243317,94.428589,5.756572,68.714890
52.124601,97.281952,89.622887,5.111925,67.065727
52.128804,91.925034,95.000000,6.228798,68.802322
52.131376,91.377892,95.000008,6.395428,68.488976
52.133922,90.249420,95.000000,7.016318,67.657959
52.138199,89.662292,94.999992,7.279263,67.324944
52.141845,87.193184,95.000015,7.524025,67.005249
52.144489,87.193184,95.000015,8.065080,65.535713
52.147066,87.193184,95.000015,8.563750,65.486053
52.149686,87.193184,95.000000,9.094974,64.969559
52.152308,87.193184,95.000015,9.670166,64.017868
52.154881,87.193184,95.000000,10.787713,63.311226
52.157939,95.327278,94.192024,11.282865,61.855988
52.160594,99.009338,92.069473,11.892118,54.962471
52.163680,97.853546,89.891815,13.499949,54.740604
52.166238,96.597748,91.604362,15.649266,55.071140
52.169134,90.928894,95.000000,16.916174,55.685707
52.171744,92.628021,94.999985,16.712078,55.721882
52.174330,114.412285,82.815178,11.362530,38.361988
52.177592,110.276062,77.814880,8.512648,47.308361
52.182668,85.135422,95.000000,13.055899,59.928577
52.187242,93.776566,95.000015,13.366927,58.083080
52.192973,94.975906,92.806198,9.151657,50.295002
52.195643,101.595726,80.564117,8.408395,49.884258
52.198217,95.903015,89.974472,10.664192,60.922802
52.200813,93.369896,94.999992,9.707869,54.025108
52.204020,101.704208,81.623955,8.225704,46.788193
52.207144,103.479797,75.126434,7.040329,51.897465
52.209714,94.863716,95.000000,10.254822,63.176842
52.212321,85.161858,95.000000,10.864480,61.901459
52.214936,89.536957,95.000000,11.548283,61.474930
52.217631,95.186798,87.363068,9.236627,55.997475
52.220222,110.014732,68.860413,4.831614,45.923439
52.223594,95.539581,95.000008,9.451889,63.987614
52.226233,82.351196,95.000008,9.802290,61.554958
52.229951,99.969139,83.022568,6.660690,54.576660
52.232601,100.220390,82.289749,6.231522,55.457798
52.235296,96.403717,84.418785,6.231803,56.704960
52.238992,95.876595,82.399811,7.222009,61.201576
52.242413,90.533150,94.999992,8.197475,61.529079
52.245132,97.969971,90.228310,4.983044,47.530239
52.249294,101.446060,72.989220,4.397666,50.398426
52.251913,96.383942,83.420090,8.347586,65.325645
52.256202,85.912605,95.000015,8.692192,65.339180
52.258865,87.717560,95.000000,8.625096,65.468475
52.261473,99.835999,79.187317,5.547439,52.781178
52.264052,106.271042,67.223473,3.512106,43.638512
52.267629,96.076385,82.181793,5.746312,55.952404
52.270218,86.576088,94.999985,8.260333,66.290237
52.273595,90.545532,94.152138,7.811368,65.825027
52.276253,99.347183,78.871346,4.988774,52.309765
52.278850,99.886642,77.370972,4.745729,52.341686
52.281621,99.886642,77.772789,4.731425,52.491703
52.284266,99.886642,78.197159,4.976037,52.386448
52.287373,87.840378,78.068008,7.634967,66.610504
52.289983,91.078644,94.999985,6.397650,62.038578
52.296244,96.803047,91.640678,7.180954,54.460506
52.298869,103.017029,80.153839,3.570167,47.367107
52.301479,99.984375,83.641335,5.361642,57.875610
52.304077,97.532791,83.721069,5.434062,57.968029
52.306692,87.102646,83.851570,5.321246,66.876938
52.310784,91.821648,94.999992,7.872819,56.299366
52.313302,102.042419,82.081764,4.928004,53.723763
52.315866,90.159332,95.000000,7.940492,62.732067
52.320790,95.223396,90.433258,3.717513,44.535328
52.324231,108.292068,68.531181,7.806243,66.981644
52.327678,78.976898,95.058327,8.258226,66.437988
52.331398,85.339561,94.779945,9.809762,64.086922
52.334097,93.339432,94.897102,10.170506,63.347584
52.336720,109.704170,80.618279,5.344413,45.856392
52.339813,90.178345,95.000000,12.754518,59.168941
52.346931,105.045135,94.241287,9.255246,49.517517
52.349527,107.112068,77.803452,8.434931,47.513008
52.352088,103.313774,81.537964,9.879272,49.702492
52.354643,96.823311,88.051498,12.509503,52.120998
52.358278,102.432228,81.460808,9.708654,48.776035
52.360919,100.069031,79.595337,10.502853,50.758091
52.363910,93.526138,89.792702,13.624369,54.098759
52.366850,93.298820,90.270569,13.289124,52.130856
52.371090,97.425049,87.541779,12.553512,53.258480
52.375277,89.171112,89.616226,17.032116,54.850571
52.377879,93.756783,72.968224,6.750841,43.914310
52.382316,117.006302,64.606209,4.432715,42.768848
52.384871,90.859283,70.441925,15.193594,57.765186
52.389909,82.947403,95.000015,13.639022,59.483612
52.392625,82.947403,94.999985,12.461602,60.412785
52.398651,105.436844,95.000015,6.350532,45.550213
52.402008,116.824974,60.804928,3.512438,35.906960
52.404596,92.445961,64.906784,4.449677,53.231499
52.407202,92.445961,83.511826,8.800437,53.053074
52.409790,92.445961,83.662628,9.279112,52.559536
52.412468,92.445961,82.852417,7.631147,53.725365
52.415027,92.445961,82.240051,7.862540,53.456207
52.417616,92.445961,82.788628,8.118173,53.622742
52.420248,91.008530,86.948090,10.665517,56.209919
52.422934,93.744827,83.906174,8.010965,54.634438
52.426004,92.895355,85.119949,8.523338,56.212708
52.428915,95.688797,86.877899,8.452542,46.418465
52.434813,90.376022,86.524124,8.182480,63.076256
52.439039,82.547104,95.000000,10.949916,62.200665
52.441930,115.880562,70.414459,2.763652,32.397709
52.445964,107.815376,64.153397,3.416625,51.458286
52.449311,84.578445,77.667717,10.959336,63.642910
52.451912,82.632446,94.632706,10.255923,63.754269
52.454512,98.121284,78.816315,6.737116,42.380474
52.457071,104.175270,67.283348,4.403974,46.876469
52.459990,90.219856,92.516136,9.964558,62.513390
52.464490,88.053574,88.819107,8.516835,54.744370
52.467379,100.471222,75.436806,5.363978,49.932148
52.470478,103.566254,70.774673,4.138279,45.213875
52.473023,98.852463,68.713966,5.275613,54.019291
52.475624,80.037331,95.000000,8.930631,66.467873
52.478598,85.848610,95.000000,9.767451,55.510704
52.481209,99.071808,76.563057,4.796402,51.878372
52.484918,92.018890,78.077530,6.174636,58.203503
52.488057,91.399620,85.474350,6.995015,58.439232
52.490616,94.694199,85.249756,7.188225,56.264488
52.493281,93.656288,83.216286,6.753729,57.318127
52.495939,99.695442,78.868279,6.294379,47.769962
52.502764,97.829529,73.465866,7.324826,59.402428
52.512337,107.972260,74.021400,5.930346,49.761406
52.515082,100.223335,77.431068,10.394514,47.192432
52.522225,102.140152,73.883179,9.553748,39.850754
52.525466,106.006912,71.578979,9.608325,40.839481
52.529313,98.560333,75.384026,9.974160,45.077713
52.531914,92.770119,73.950760,10.011110,42.946480
52.534495,95.855179,72.230400,9.399932,40.279537
52.537063,101.130074,70.631088,8.683741,41.796661
52.539613,94.425735,75.727959,9.641839,45.353451
52.542169,86.888351,73.976425,10.979768,44.335480
52.544732,84.644867,75.690331,10.315177,44.287910
52.547604,92.218819,71.553947,10.572234,39.649944
52.550460,95.191444,71.172546,10.889899,41.943439
52.552940,88.085678,74.184036,11.909267,39.821396
52.555600,89.056976,71.949165,11.375573,39.133995
52.558239,87.353081,82.102730,13.302454,47.525669
52.563903,96.698685,84.816872,11.079338,52.720261
52.567625,97.486595,88.214478,9.536258,53.115643
52.572506,103.566200,77.953751,7.566261,50.697388
52.575071,97.086960,79.335411,8.077127,56.386536
52.578215,89.940086,87.870377,8.283044,54.014286
52.584441,100.211060,76.896118,5.407192,53.895329
52.587408,89.151695,80.760124,8.431781,59.057568
52.590141,86.054741,91.518105,8.819967,62.074043
52.592671,99.008965,90.485397,8.066811,52.535378
52.595379,106.185959,74.209106,8.546545,66.006897
52.603966,80.204506,95.000000,8.521628,65.890320
52.606609,104.837372,86.715317,7.015769,47.608196
52.609466,105.777390,70.265518,3.673076,46.274513
52.612014,97.659874,78.715706,4.704393,53.843193
52.614620,85.204063,90.207489,7.474000,65.601593
52.617634,93.000793,85.032341,5.632879,59.106838
52.620181,97.160080,80.057602,4.934677,58.412090
52.622919,94.022461,84.016663,6.088901,63.278271
52.627071,87.276764,90.569214,6.629389,62.647694
52.629608,98.433907,80.948898,5.007566,54.917778
52.634270,92.177498,84.703293,5.543937,64.118050
52.636888,89.753494,90.921127,5.570075,55.454456
52.641999,99.378410,87.791389,6.136843,67.158310
52.647225,87.016655,94.915276,6.830767,60.833488
52.652486,104.283119,78.431038,4.926820,49.328007
52.654978,107.122589,73.951538,3.828030,49.396309
52.658286,92.951653,85.866142,7.720915,67.308350
52.661430,82.464607,95.000000,8.200625,66.555725
52.663921,91.425766,90.177933,7.002550,62.748093
52.666503,104.686935,81.389427,4.891452,53.292545
52.669972,96.583176,84.723473,6.154535,58.451187
52.672604,88.040482,92.119080,7.953505,66.118431
52.675320,85.624207,95.000008,8.957136,64.386940
52.678154,90.290276,89.978745,7.895849,59.449635
52.681616,106.760460,79.664459,4.291914,55.097839
52.686468,106.760460,72.788437,3.789145,44.617554
52.690926,106.760460,68.500595,3.467609,44.809570
52.693617,106.760460,70.424530,3.707467,48.581440
52.697841,106.760460,69.643349,3.476563,45.817909
52.700386,77.154739,72.622604,4.355115,39.526634
52.706313,68.586029,63.213501,3.530725,42.187294
52.709203,71.693634,66.444183,4.060911,44.530895
52.713799,67.481934,64.325623,3.913883,40.188362
52.716636,68.079041,59.687881,3.809963,37.396824
52.719229,65.214531,61.476170,3.993421,40.679642
52.721685,64.561707,63.112534,3.996496,39.103539
52.724260,55.797142,59.821495,4.237592,23.797041
52.726910,45.846272,48.912941,4.888895,18.014183
52.729614,45.359329,46.018360,4.894299,20.607695
52.732279,41.076851,48.536522,5.119822,23.642744
52.735253,36.196980,49.924541,5.595320,23.007431
52.741434,35.144882,48.626839,5.677770,20.587183
52.743944,36.088646,47.037853,5.874772,21.128086
52.746656,34.750565,48.684486,6.150196,27.314619
52.752808,40.547775,52.822212,5.232055,30.394773
52.755393,46.310043,55.251991,5.415966,42.685570
52.760729,50.324268,67.805008,5.843278,43.182850
52.763862,56.345612,66.561569,5.392220,41.952583
52.766451,59.756802,73.515739,5.372318,54.085770
52.769255,59.756802,78.152405,5.162570,62.127254
52.772860,59.756802,86.086800,4.593074,62.667091
52.775369,59.756802,86.127083,4.569123,60.563950
52.777920,79.979691,90.668152,5.103199,66.568901
52.780516,79.979691,95.000000,4.439601,72.235718
52.783279,79.979691,95.000000,3.847078,72.790565
52.785939,79.979691,95.000008,3.679141,72.909393
52.788521,79.979691,95.000000,3.741860,72.611542
52.791359,79.979691,95.000000,3.481907,73.079483
52.794740,79.979691,95.000000,3.102311,73.304077
52.797319,79.979691,95.000000,3.373628,72.434845
52.801008,79.979691,95.000000,3.780325,72.084358
52.807302,79.979691,95.000008,3.325991,72.621216
52.809935,79.979691,95.000000,3.191680,73.032288
52.812608,79.979691,95.000008,3.653576,71.837921
52.816921,79.979691,95.000008,4.116620,71.010574
52.823269,79.979691,95.077118,5.048873,70.596230
52.826434,79.979691,95.000008,5.478532,68.982269
52.831610,90.886986,95.000000,6.906910,68.413269
52.834321,95.605736,95.000000,6.802560,67.984848
52.837258,95.605736,94.466385,8.200149,66.571861
52.839847,90.030273,95.000008,9.241191,65.966896
52.842529,85.508469,95.052406,10.271846,63.574997
52.845781,91.628082,95.000000,10.206904,65.739601
52.853850,90.949074,95.000000,9.731856,63.906750
52.859563,88.803551,85.863617,10.135700,55.506287
52.862213,86.617165,87.143326,9.712776,57.308544
52.864742,84.388718,86.801140,9.198230,53.942966
52.867368,86.672546,83.055237,8.106293,55.053024
52.870242,81.112350,83.914856,7.199289,54.390125
52.878475,82.062515,79.921982,4.525890,55.986839
52.881726,80.035271,79.757088,4.403772,54.652679
52.887015,77.596519,79.113884,3.492364,51.978016
52.889767,76.077789,72.885986,2.933917,56.833393
52.894193,78.119560,83.588921,2.869750,60.138893
52.897676,80.658539,83.601364,2.744833,57.115841
52.901155,79.043259,79.827995,2.191151,48.874256
52.905132,76.504196,68.973465,2.116870,47.395515
52.910848,77.566170,80.282196,3.054376,54.434258
52.914788,74.827255,77.955391,3.113836,48.846764
52.917329,74.711372,72.380562,2.965637,42.725117
52.919942,73.526352,65.583130,2.940014,41.796612
52.922511,72.894531,62.122643,3.343046,37.899376
52.925339,73.417953,65.537689,3.372785,36.419682
52.928739,67.918114,60.721592,3.443683,35.457367
52.931411,68.817711,59.911301,4.645017,36.479626
52.935502,65.886444,59.526764,5.341208,33.361721
52.938721,60.494057,49.465614,6.061468,22.258537
52.944157,56.094093,41.773960,5.846927,10.681236
52.948406,47.070271,33.787971,6.762372,3.201115
52.952031,48.086498,36.304913,6.943942,7.865227
52.954730,49.820316,43.082245,6.506565,23.437069
52.957977,51.431522,54.804886,7.684698,26.574272
52.960587,55.386814,59.086830,7.987060,28.321444
52.963109,57.429230,57.207447,8.319481,24.027512
52.965680,58.145718,54.209095,7.809958,25.796600
52.968299,57.574753,51.265247,7.646393,17.594765
52.970904,60.822536,45.627197,6.989581,19.480270
52.973946,62.047157,56.216560,7.803201,32.510365
52.977001,66.780479,61.711620,9.267966,38.787155
52.979862,70.899986,71.966049,8.875521,49.675156
52.982937,82.333031,78.334297,9.014196,59.946014
52.985607,90.605385,95.000008,9.333187,65.819794
52.988193,93.712318,95.000000,9.317838,62.244408
52.990948,98.816628,89.554741,7.542691,64.140129
52.993493,96.830750,90.644547,7.161845,63.535000
52.996071,97.731720,91.539604,7.219991,64.302238
52.998625,96.746941,92.228561,7.290571,63.160709
53.001382,97.166840,91.599655,6.794071,62.495415
53.005350,102.000969,89.080139,5.377463,60.065392
53.007905,98.721436,82.521538,5.278370,61.499374
53.013902,95.984360,89.533127,5.824429,68.122108
53.018502,89.675446,94.999992,6.639174,64.105873
53.021083,98.846535,89.828918,4.929788,61.255047
53.023649,100.527390,83.723816,4.559024,62.083885
53.027268,92.197601,87.141151,6.268393,67.053680
53.029907,90.284325,95.000008,6.653014,68.122116
53.032629,99.244415,92.804520,4.885491,60.482445
53.035414,105.491920,85.781418,3.722307,53.702274
53.037956,105.973267,76.526588,3.797857,52.409760
53.040989,93.684578,81.211594,5.831054,63.658428
53.043634,86.142845,95.000000,7.138366,67.421806
53.046290,88.446655,94.999992,7.369369,64.695267
53.048944,103.926804,91.634552,4.361885,54.681427
53.051489,110.825050,70.824783,3.369916,47.271282
53.053979,105.967964,74.794922,3.755977,50.954365
53.056634,84.566902,84.549713,5.361700,65.937218
53.062817,100.201965,94.820786,5.864226,54.713188
53.067108,101.956017,80.956894,6.015894,54.724316
53.069628,101.956017,82.115234,6.414713,54.780369
53.073797,101.956017,82.011345,6.228870,54.940048
53.076935,97.489761,84.914520,6.082924,58.024986
53.081093,97.489761,84.653900,6.396703,57.924870
53.083877,97.489761,85.125519,6.748660,57.847240
53.086619,97.489761,85.534569,7.261894,57.856667
53.089274,97.489761,85.732941,6.474627,58.311481
53.091923,97.489761,84.645157,5.673953,58.544682
53.094534,97.489761,84.900467,6.052211,58.623520
53.097621,97.489761,86.441025,6.888153,58.677612
53.103138,97.489761,86.424553,5.716304,58.947754
53.105643,101.598434,69.405724,3.230651,45.133877
53.108251,98.561485,72.859886,3.245287,52.443939
53.118495,97.779404,75.871262,3.474279,51.186314
53.121024,84.904526,75.535263,5.718363,63.250778
53.123973,84.904526,90.234581,6.318843,62.575794
53.126538,84.904526,90.338120,7.029664,61.080997
53.130724,84.904526,90.184471,7.189475,61.063519
53.133503,84.904526,90.090782,8.385457,60.164848
53.138114,84.904526,90.560066,8.361072,60.671734
53.140739,84.904526,90.298790,8.382849,60.154305
53.145992,84.904526,90.628647,8.964929,59.395603
53.149243,84.904526,90.716599,10.346662,58.256828
53.152699,108.473122,78.726944,4.848748,40.699173
53.155531,108.452469,66.971985,4.894131,40.112598
53.158068,85.923737,77.302803,10.293534,54.189301
53.162455,90.880035,90.162323,10.311213,51.443642
53.165639,100.009933,74.978271,6.577739,46.697311
53.168280,100.009933,74.518951,6.175874,46.756004
53.171076,100.009933,75.506119,9.564459,45.265018
53.173614,88.821503,86.091949,13.158370,51.242149
53.176237,95.175423,84.471062,13.813257,46.202118
53.178869,90.892532,85.406372,14.741972,48.991791
53.182623,86.748352,89.335571,14.421048,49.303802
53.185829,105.038551,74.065216,8.069656,40.517265
53.188747,107.563446,68.205284,5.948530,45.141708
53.192810,90.261864,83.202240,10.391519,52.428951
53.195708,93.272507,78.340790,7.258389,49.510815
53.202094,96.719765,77.572235,6.494849,49.693146
53.204648,94.887077,79.333481,7.426722,50.439693
53.207616,94.887077,78.962074,7.576384,50.275871
53.210625,94.887077,78.843781,7.353341,50.950352
53.215642,94.887077,79.380966,7.505618,50.584244
53.218306,94.887077,79.002853,6.714031,49.998768
53.225471,94.966057,78.042610,7.273574,50.234825
53.229359,94.966057,78.271843,6.966174,50.088955
53.231909,94.966057,77.118622,5.996721,50.005329
53.234712,94.966057,76.745689,6.258371,49.710888
53.239035,94.966057,76.706291,6.716899,50.015450
53.243384,94.966057,76.753616,6.263086,49.971764
53.246344,94.966057,76.486580,6.238752,49.635139
53.248855,94.966057,76.124649,5.936807,49.580059
53.251456,94.966057,75.838440,6.252747,49.359844
53.255795,94.966057,75.680298,6.198390,49.440567
53.258415,85.083687,95.000008,9.686375,64.539993
53.262996,94.919563,95.000008,9.507511,62.404770
53.266094,103.833359,80.868362,7.277554,42.944401
53.269160,114.713455,63.764725,3.520455,40.672523
53.272055,102.602203,77.766617,5.782738,52.324242
53.274614,82.613083,77.965408,6.032363,65.435966
53.277289,86.721970,95.000000,9.977007,65.115662
53.279927,96.193680,88.078705,8.083843,49.596035
53.283298,102.163177,73.948235,6.061944,53.562366
53.285906,95.115356,88.091576,8.361209,60.156212
53.288805,84.826317,94.999992,9.458256,65.432785
53.291621,101.967239,80.487358,6.164546,42.497276
53.295812,108.598320,69.205261,4.387266,62.422821
53.298823,86.666466,90.649429,9.582257,65.615433
53.301654,87.361076,95.000000,9.639111,65.397102
53.304278,87.361076,95.000008,9.478638,65.887962
53.306937,87.361076,95.000008,9.472114,66.117409
53.309876,87.361076,95.000015,9.544245,66.130234
53.312621,87.361076,95.000000,9.587626,64.945343
53.315283,87.361076,95.000000,5.510208,45.509731
53.323798,104.580215,73.375000,6.636639,46.231121
53.327976,104.580215,74.219322,7.478739,51.465084
53.331253,94.395088,83.847687,11.181683,52.679497
53.335031,94.395088,83.265747,10.815992,51.400208
53.343263,94.395088,84.410767,12.663830,50.967487
53.346829,94.395088,84.284225,15.325499,48.773441
53.349956,94.395088,85.519493,16.160439,47.959602
53.354128,94.395088,85.474236,17.069057,46.966705
53.356708,94.395088,85.232399,16.255331,28.461033
53.359267,113.970070,54.186028,15.093946,46.967903
53.367923,95.026199,68.173927,10.100185,38.617020
53.371416,89.828918,69.396408,8.493762,41.459942
53.374390,82.795967,75.373436,9.301950,47.077042
53.377369,81.674644,78.471954,10.496422,48.565178
53.380060,90.068031,72.988991,8.113641,48.270714
53.389749,86.736946,76.685570,7.964438,44.393913
53.393335,90.774422,72.583359,9.827321,52.495193
53.397676,82.359573,83.670738,10.315029,52.895538
53.400356,94.608490,76.864265,7.856791,38.830685
53.403948,104.395248,63.796131,4.348095,40.305202
53.406662,82.613190,81.925522,8.448327,64.150032
53.409329,75.128021,94.999985,12.057958,63.241768
53.412350,89.375099,79.053261,8.476314,39.425709
53.414977,106.341988,63.540802,2.230716,27.661997
53.417655,102.560661,56.981010,3.087684,34.336227
53.423722,84.566208,87.978523,9.644864,59.257698
53.426294,79.340981,87.966675,9.725147,48.526531
53.428905,90.436150,73.781677,5.739953,47.807240
53.431477,85.984489,84.848526,7.993567,57.988590
53.434076,83.641838,85.153580,7.886483,58.114540
53.436659,90.656792,75.664322,5.902800,50.064533
53.439347,89.871765,74.365509,6.481488,55.582134
53.441902,86.309448,83.096008,7.865911,62.394409
53.446363,85.793503,86.258667,7.212808,57.282864
53.448905,95.196342,82.360519,4.009245,41.961147
53.453071,100.470955,63.421898,3.129858,42.205364
53.455801,85.209641,88.874992,7.199314,63.157181
53.458342,71.502090,94.999992,8.586638,67.850296
53.461027,89.669098,95.000000,6.256243,62.169552
53.463656,103.749184,64.103287,2.801306,42.834808
53.466247,103.749184,63.578041,2.730757,43.359001
53.468821,103.749184,64.514778,3.028365,43.530727
53.471367,78.331917,64.906425,7.240323,69.372658
53.474275,72.233910,95.000000,7.507035,68.967873
53.476788,91.795250,95.000000,7.460855,69.244919
53.479305,97.453934,95.000000,6.057787,61.894878
53.482738,97.034828,81.754700,5.152486,61.974545
53.485322,89.466331,86.318626,6.806221,69.407349
53.488483,100.449707,95.000000,6.442603,58.738533
53.493403,104.252350,82.300873,3.149738,52.615772
53.496043,102.779991,75.928795,3.198445,66.179207
53.499875,84.993011,94.999985,5.708928,70.109932
53.502497,83.761169,94.999985,5.649030,69.840767
53.505042,90.725159,94.030090,4.126907,62.793316
53.512016,89.302376,94.999992,5.085910,70.014244
53.516278,91.965767,94.999992,5.248584,65.099716
53.518985,98.200378,90.026993,4.693836,68.913673
53.525506,94.365005,94.999985,5.821952,68.745636
53.528236,94.365005,95.000015,6.227966,67.959213
53.530878,94.365005,94.999985,7.123555,66.967514
53.533630,94.365005,95.000000,7.982692,66.013435
53.536220,94.365005,95.000000,7.790951,65.596405
53.539799,94.365005,94.999992,9.918819,64.067001
53.542652,94.365005,95.000000,11.018992,62.095840
53.545263,94.365005,95.000015,11.094210,62.937706
53.548538,94.365005,94.999992,10.192017,63.824585
53.551138,94.365005,95.000000,11.248181,62.664238
53.553936,94.365005,95.000000,11.155231,62.689598
53.556657,94.365005,94.999985,10.290726,65.451851
53.559271,94.365005,95.099854,8.156320,66.288101
53.561982,94.365005,95.000000,7.706964,66.761368
53.564633,89.072357,94.999992,8.261564,65.942749
53.567666,89.072357,95.000000,7.489672,67.188545
53.573684,89.072357,95.000000,6.690126,67.589249
53.578770,89.072357,95.000000,6.185738,68.114311
53.581715,89.072357,95.000000,5.972076,68.432350
53.584269,89.072357,95.000000,6.381920,68.112579
53.586778,89.838326,94.999992,6.279934,68.377686
53.589313,91.789108,95.000000,5.788944,68.899139
53.591928,94.624710,95.000000,5.265071,69.746239
53.594631,92.929626,95.000000,5.279216,69.471870
53.597350,86.919693,95.000015,5.835436,69.010147
53.599908,87.098183,95.000000,5.733432,69.145432
53.602395,92.863060,95.000000,5.624043,69.525223
53.604993,96.978210,94.925690,5.329819,67.151756
53.607869,93.389565,95.000000,5.768057,69.488121
53.610365,84.349289,95.000000,5.489982,69.588089
53.613330,91.381218,95.000000,5.377820,69.911316
53.615913,100.186333,87.215652,4.142886,63.642845
53.618516,96.674309,81.048401,3.254810,66.912056
53.621349,84.154655,90.667313,5.817279,69.435043
53.627465,85.038879,95.000000,5.609501,69.723663
53.630002,95.544411,85.084457,3.881313,62.407440
53.634472,90.492645,95.000000,5.017624,70.698067
53.637100,86.033562,95.000000,5.111795,70.736557
53.641485,91.100937,94.999992,5.141047,70.600677
53.644634,90.108154,95.000008,5.424643,69.917038
53.649471,90.325684,94.999992,5.357023,69.885117
53.652441,91.462311,94.999985,4.965068,70.157524
53.656430,93.144806,95.000000,4.637538,70.611725
53.658978,90.808502,95.000000,4.970018,70.146660
53.661704,88.607742,95.000000,5.222726,69.745003
53.664243,93.647148,95.000000,5.341412,69.722679
53.666852,94.202530,95.000000,5.210379,69.872849
53.669501,94.202530,95.000008,5.172232,69.767212
53.672082,91.492027,95.000000,5.244031,69.560349
53.674635,90.909340,95.000008,5.327930,69.079720
53.677289,91.349876,95.000000,5.442488,69.120125
53.680002,93.570930,95.000000,5.255731,69.459412
53.682651,91.523941,95.000000,5.281854,68.863152
53.685255,90.679184,95.000000,6.578170,67.873848
53.687804,88.614716,95.000000,6.794162,67.110626
53.690755,89.256561,95.000000,7.131034,66.912567
53.693348,92.052277,95.000000,7.301467,67.204018
53.698188,91.738861,95.000000,7.685991,65.219116
53.700723,89.415985,95.000015,9.492438,62.715199
53.705160,96.943787,93.265411,10.275651,62.239822
53.707726,98.119629,92.288414,10.306780,60.207275
53.710751,96.606483,91.408798,10.318663,60.353981
53.713869,95.138008,85.295601,11.971118,52.159615
53.716402,93.597252,78.239296,10.856886,44.187958
53.718978,89.887619,75.618004,9.846991,39.171780
53.721765,83.079422,59.497887,9.057994,28.837727
53.724350,77.407608,51.932625,7.514176,26.082962
53.730062,70.739098,59.625465,7.136447,31.240871
53.732634,67.786301,59.909222,6.617320,33.172668
53.735161,71.999100,59.957466,4.852365,29.162037
53.737730,64.586777,52.113312,4.065462,27.059963
53.740265,55.332603,50.890274,3.520694,15.947643
53.742936,52.285088,40.516125,3.534365,11.427258
53.745955,50.193096,36.472672,3.962726,10.255196
53.750475,40.680332,35.824905,5.136826,7.180801
53.755861,40.382935,36.268482,6.858053,6.628338
53.760133,40.382935,39.698143,9.655521,7.319939
53.768315,50.492592,42.163422,11.844420,18.253021
53.771490,50.492592,54.199795,10.352622,19.957691
53.775396,55.335754,51.191757,9.731817,18.736015
53.777985,63.926132,50.169975,8.830443,20.222536
53.780677,68.633522,52.736626,6.740660,31.286198
53.783724,72.236595,63.268078,5.585458,36.877892
53.786337,81.309929,68.994843,4.951328,51.257812
53.789278,86.376534,79.092575,4.555547,54.357674
53.792453,85.232460,78.431442,3.797730,56.352753
53.795004,87.742249,79.852180,3.622348,55.177734
53.797643,93.202911,83.228096,4.260789,59.194199
53.800293,89.228500,83.095818,4.394093,54.676186
53.803134,89.752045,75.897751,4.347801,52.985123
53.808935,88.767349,77.332176,4.668490,52.149529
53.811636,82.126144,74.051636,4.646021,49.495392
53.814326,78.394577,66.874237,3.947396,35.560364
53.817116,77.072678,59.673580,3.797872,32.431938
53.820031,73.677734,55.498890,3.690812,35.248676
53.824117,63.626934,53.856083,3.350408,29.959297
53.826644,61.269783,63.445480,3.831140,51.693146
53.837117,74.726822,74.439102,3.240707,53.659233
53.839991,82.409264,82.634171,4.661703,69.288383
53.843763,90.559822,95.000000,4.439396,71.887016
53.846279,95.462799,94.618347,4.247032,71.956726
53.849806,95.760803,95.000008,4.988532,71.342850
53.852644,92.977379,95.000000,6.110977,63.454720
53.857654,104.784996,83.183998,4.427796,60.693604
53.861151,99.086792,84.220123,5.184458,65.332527
53.863940,97.213692,89.822998,5.003702,66.728233
53.867004,96.415230,90.592270,5.461235,67.683151
53.869632,94.154633,92.327843,5.250486,68.030952
53.872378,98.450127,88.236900,4.626953,61.509731
53.875074,97.500580,85.333313,5.720670,67.163925
53.877662,92.733917,94.438187,6.080787,69.156395
53.880120,93.768250,93.775513,6.494484,63.560734
53.882732,99.630890,89.262550,5.608886,62.180424
53.886768,98.415749,87.480461,5.477926,62.799507
53.889337,97.227150,88.324028,6.205998,61.690582
53.894717,101.469383,84.959694,6.084455,59.455872
53.897959,101.469383,85.782684,6.728070,58.966915
53.902166,101.469383,85.888977,6.968679,58.589272
53.905073,101.469383,86.514420,8.295524,58.137691
53.908133,93.529877,92.978790,9.606846,59.489468
53.910754,104.887726,88.398132,7.011213,52.918682
53.913336,111.226089,80.369003,6.725401,52.219151
53.915962,107.328789,84.902046,8.487241,60.525261
53.923309,97.863716,84.999443,8.219534,56.888367
53.928998,103.068604,84.345139,6.734080,53.914810
53.934669,98.887535,78.244926,7.009364,57.292912
53.937711,88.698456,87.662941,8.830020,59.785728
53.941944,93.276573,80.393250,6.778371,53.316830
53.944648,103.402618,74.927856,5.744994,53.042068
53.949650,91.512901,75.713287,6.256990,49.252792
53.952227,87.551773,74.695305,5.643444,42.990715
53.956790,83.952705,61.730087,3.752351,36.182343
53.959355,76.750305,60.634087,3.288588,31.153772
53.962091,68.119576,47.107914,2.873826,12.834602
53.964932,66.575104,36.204269,2.258781,7.586023
53.967714,63.056141,26.047411,1.485510,-9.106449
53.975651,63.056141,8.848011,1.655817,-13.717804
53.978207,63.056141,6.678820,1.697976,-14.964555
53.980955,63.056141,7.103777,1.737429,-15.406683
53.983529,30.981789,3.643526,1.841641,-18.368256
53.986125,25.290758,7.827145,1.832480,-6.852530
53.988743,19.575432,14.742563,1.958599,-5.855614
53.991432,19.575432,12.239220,2.340142,-9.613329
53.993992,19.575432,11.371822,2.766073,-10.930695
53.996559,19.575432,14.903706,3.089362,0.071037
53.999667,19.575432,32.472565,3.969807,9.740078
54.002583,19.575432,40.966156,5.239522,18.233492
54.005646,19.575432,43.541176,5.398537,19.733479
54.008311,19.575432,43.518158,5.652942,22.582001
54.014727,19.575432,52.345074,6.761563,36.589466
54.018816,19.575432,69.123764,7.874912,42.086212
54.022088,19.575432,67.304756,7.250531,41.465389
54.026167,19.575432,65.822632,6.543145,38.005798
54.029192,19.575432,63.190132,6.620370,41.411999
54.031833,19.575432,72.522217,6.214261,47.008614
54.038125,69.255089,70.941406,5.725623,43.232780
54.040928,77.100143,64.395760,4.229394,40.821655
54.044035,76.404037,63.418056,3.942436,40.099762
54.046686,81.229218,67.106026,4.440409,42.712154
54.049280,80.171768,66.139832,4.080286,42.576759
54.051935,73.123962,63.115044,3.595882,40.382298
54.054645,69.872391,60.717728,3.088015,31.962025
54.057398,65.600868,49.445812,2.062706,30.039387
54.060832,61.916336,51.818584,2.288944,30.326302
54.063399,62.854244,50.639572,2.050919,29.160507
54.066282,63.113022,54.111935,2.146123,32.795845
54.068846,57.292042,54.077972,1.798320,30.211376
54.071410,53.704453,51.462486,1.281318,27.510256
54.075992,51.253975,43.840225,1.040523,28.177692
54.078814,57.607265,53.476990,1.663742,36.492054
54.083404,57.609814,60.331028,1.747019,39.395462
54.085993,59.109566,60.195755,1.652777,41.015923
54.089102,57.963474,61.808891,1.358487,39.935722
54.091669,58.850616,58.336376,1.187228,37.484825
54.094304,58.304127,55.271759,0.999340,36.786419
54.096920,62.786247,57.848713,1.647443,44.728828
54.099552,64.440132,70.215393,1.885813,48.844353
54.102287,62.186668,70.027573,1.614777,47.433002
54.107299,66.371201,68.774429,1.710263,47.820934
54.110305,68.812645,69.384804,1.785622,49.859241
54.112955,72.279327,72.071945,2.480139,54.693909
54.115671,77.005623,79.335800,2.443346,57.004215
54.118296,77.005623,80.791924,2.444845,58.980488
54.120933,77.005623,81.469002,2.316255,61.108326
54.123488,77.005623,86.700180,2.297021,64.195305
54.126024,77.005623,86.042877,2.310247,63.427425
54.128558,90.326164,83.361786,2.209914,65.138680
54.131297,93.372917,91.725967,2.641168,68.721252
54.134108,90.404427,87.791641,1.757013,62.346310
54.139952,90.809296,86.262894,1.765353,63.595081
54.145646,90.699921,81.276527,1.718752,58.354961
54.148450,92.380867,85.310623,1.568401,62.770649
54.152745,90.350540,85.220474,1.433001,62.464878
54.156329,87.078888,83.329308,1.307199,56.876156
54.158987,86.650261,79.763000,1.254342,58.566616
54.161663,86.650261,79.795143,1.305769,56.816971
54.164361,86.879501,79.810318,1.307351,59.080845
54.166957,86.879501,81.996758,1.153836,56.843533
54.169589,86.879501,79.370781,1.135870,56.386951
54.172346,86.879501,79.381996,1.208850,59.518700
54.176314,86.879501,78.232460,1.045919,50.878479
54.180750,86.879501,76.994049,0.998600,50.833267
54.183379,81.637505,74.043129,0.960156,50.559097
54.187663,82.462845,63.915352,1.029531,40.209511
54.190196,81.674965,89.072189,1.439624,56.826866
54.192749,74.240318,80.205933,1.182302,56.289421
54.195313,79.719177,79.701767,1.176271,55.077942
54.197983,83.010704,80.203041,1.297641,62.435921
54.202154,84.623741,86.209702,1.368724,64.712952
54.204874,88.512970,88.424904,1.583624,66.164833
54.209148,88.844421,89.982452,1.515909,63.896088
54.211923,87.554672,85.397659,1.458568,61.300247
54.214512,86.716721,82.237839,1.223209,56.409828
54.217479,89.768600,87.329376,1.435092,62.943172
54.220067,88.996223,87.072876,1.183131,57.812229
54.225854,88.622948,84.981895,1.263991,60.471046
54.228491,87.196503,83.516846,1.217418,55.793190
54.231105,87.740631,80.275818,1.186100,60.078094
54.233717,88.697388,87.918396,1.246124,63.348167
54.236290,89.740128,87.824974,1.185305,61.146187
54.242358,88.015877,83.819252,1.095262,53.427650
54.244949,86.544495,78.131836,0.943968,54.828075
54.247679,84.211067,79.875717,0.927162,55.014435
54.250312,86.438881,81.482254,0.967228,60.365967
54.253552,85.560104,86.439072,1.115516,61.506752
54.256395,87.247108,82.929977,1.018734,56.306465
54.259191,88.082382,84.178223,1.064492,59.116447
54.263960,86.686203,81.820351,0.985987,56.645721
54.266665,87.127281,87.210526,1.128238,59.814888
54.271405,86.242569,85.109055,1.037568,55.408905
54.273960,87.399475,83.279144,1.154897,60.115509
54.277516,85.610786,82.581306,1.065308,56.963139
54.280119,91.803131,82.899765,1.102993,57.164463
54.282657,90.041603,92.578987,1.280924,66.165924
54.285967,88.016716,85.441833,1.141050,58.759426
54.289178,88.065033,84.753227,1.134256,57.705223
54.294683,92.911484,85.484131,1.356884,65.389351
54.297671,90.286201,94.752563,1.367699,68.559113
54.300188,90.107964,88.540146,1.153432,58.189903
54.303021,91.904617,84.525627,1.232850,62.703926
54.306782,88.753387,89.447678,1.049665,58.859634
54.309373,92.225197,85.292007,1.083235,62.130402
54.311893,90.466393,94.051262,1.252449,67.487556
54.314503,87.547134,92.744316,1.192646,60.625374
54.317013,90.770470,87.204590,1.000774,58.438850
54.319658,90.370811,82.979927,0.900375,56.273178
54.322493,90.376808,85.106644,0.983547,62.559639
54.326999,90.662224,87.959549,1.100127,64.297722
54.330191,89.293091,93.522400,1.263943,56.109947
54.334821,90.310493,83.104012,1.099791,62.150528
54.337419,89.501938,92.881332,1.253904,67.079117
54.344348,89.632874,94.019424,1.209287,60.839699
54.346881,90.428932,88.206459,1.007333,57.247627
54.349443,91.562263,87.215843,1.046837,59.607399
54.352024,92.858383,88.574524,1.074978,65.197838
54.355001,92.320854,92.938126,1.327656,67.269920
54.357788,92.492416,89.232727,1.088907,63.875248
54.361192,93.202713,91.761230,1.356775,66.087212
54.363990,93.944382,90.684013,1.246827,62.651031
54.366530,92.365013,90.151108,1.226512,63.440731
54.369056,96.977966,91.658249,1.192093,63.154327
54.372040,95.662476,94.496307,1.240176,66.322037
54.374706,94.672516,92.949036,1.218116,65.212578
54.377282,97.513832,93.314384,1.295114,64.920052
54.380302,96.250481,93.168427,1.262130,66.278458
54.383038,94.852943,94.729889,1.225594,65.326088
54.385654,97.901428,92.313614,1.169931,66.312325
54.390457,90.154190,93.185104,1.211394,59.292511
54.392978,90.154190,88.115211,1.188845,60.544312
54.397104,90.154190,89.518875,1.138891,62.692856
54.400080,90.154190,91.938110,1.077057,57.850632
54.404126,90.154190,91.406830,1.048679,62.868561
54.407046,90.154190,92.871094,1.106424,63.690662
54.412903,95.330681,90.888840,1.064835,63.052734
54.420897,95.330681,86.698067,1.010003,61.735329
54.423546,95.330681,90.875282,1.047055,61.303776
54.426136,95.330681,92.196396,1.131309,57.776829
54.429030,95.330681,87.443352,0.775203,52.724686
54.434118,95.330681,86.929916,0.940852,56.983376
54.436675,95.330681,90.950531,1.117986,60.511192
54.439276,95.330681,90.486977,0.995288,54.977867
54.445455,95.330681,82.392815,0.798497,52.228561
54.448457,95.330681,83.708900,0.823706,56.169495
54.452859,95.330681,89.646065,0.935792,57.452602
54.455673,89.955421,89.934540,0.989760,59.555576
54.460783,91.086357,88.304260,0.874325,63.273148
54.463578,89.835831,95.000008,1.105232,64.418556
54.466146,90.963013,95.000000,1.111836,64.356308
54.468826,93.918785,94.795670,1.014933,64.496758
54.472097,92.812569,95.026001,0.990786,63.960644
54.475043,94.626587,94.851891,1.021691,63.579025
54.479836,95.262787,94.367561,1.004238,63.481987
54.482375,94.531090,94.016060,0.996521,63.700382
54.484985,93.623665,94.789185,1.079959,63.735477
54.487652,95.678398,94.151451,1.023255,62.860981
54.490298,98.698929,93.320862,0.966088,61.093052
54.492917,97.005653,92.244492,0.974068,62.077305
54.495649,94.410095,94.566246,1.024712,63.340504
54.498559,94.495667,95.000008,1.081452,61.115463
54.501097,96.511429,92.484169,1.003445,63.026196
54.503665,93.155701,95.000000,1.053569,63.504234
54.506299,94.107437,95.000015,1.058958,60.765705
54.510680,96.076996,93.126160,0.941543,63.191402
54.513267,90.385025,95.000000,1.028405,62.854530
54.517417,95.454674,94.111832,1.003211,61.998566
54.520649,100.581009,90.072144,0.954773,62.138100
54.528283,94.603531,94.102547,0.936567,61.987381
54.532217,94.603531,94.103371,0.940135,61.834030
54.534743,94.603531,94.043137,0.899260,61.818275
54.538368,94.603531,94.058861,0.907602,61.567310
54.540940,94.603531,94.069885,0.907088,61.459888
54.543569,94.603531,94.006645,0.896218,61.428265
54.549128,94.603531,93.975410,0.899685,61.376743
54.551735,94.603531,93.967842,0.931929,61.197540
54.555202,94.603531,93.948105,0.913771,61.124241
54.557812,94.603531,93.934357,0.910665,61.009697
54.560361,94.221664,95.000000,0.951509,62.032654
54.565674,94.221664,95.000000,0.927665,61.981236
54.569558,94.221664,95.000000,0.961421,61.985046
54.573667,94.221664,94.999992,0.956179,61.997616
54.576739,91.138611,95.000000,0.945930,61.638454
54.582064,91.877968,95.000015,0.942433,60.932446
54.586674,95.056763,94.487846,0.925765,61.324921
54.589703,92.661598,94.999992,0.927427,61.250221
54.593709,95.937950,93.614746,0.881435,59.900925
54.596282,97.289528,91.237839,0.807271,57.503212
54.599037,98.123993,91.061714,0.748391,55.889866
54.602328,91.898399,89.341537,0.741837,61.056244
54.605965,88.791840,95.000000,0.873494,60.893993
54.608662,88.791840,95.000000,0.879939,60.869656
54.611354,93.989807,95.000000,0.880118,60.819027
54.615453,93.989807,95.000000,0.863462,60.867226
54.618071,93.989807,95.000000,0.857333,60.664791
54.621005,93.989807,95.000008,0.849382,60.570248
54.624043,93.989807,95.000000,0.849821,60.582432
54.626580,93.989807,95.000000,0.842820,60.605843
54.629174,93.989807,95.000000,0.835281,60.400593
54.631785,93.989807,95.000000,0.824513,60.155094
54.634281,93.989807,95.000008,0.816135,60.106499
54.636965,93.989807,95.000008,0.819790,60.019619
54.639588,93.989807,95.000000,0.809885,60.284805
54.644531,93.989807,94.999985,0.809828,60.054329
54.650213,93.989807,95.000000,0.797657,60.315426
54.652768,93.989807,94.999992,0.811640,60.035282
54.656777,93.989807,95.000000,0.802246,60.045181
54.659238,93.989807,94.999992,0.625867,53.353588
54.661752,96.089966,88.164101,0.625468,53.249542
54.664306,96.089966,88.050789,0.618408,53.063477
54.666837,96.089966,88.050072,0.594263,52.894581
54.669785,96.089966,87.928040,0.592507,52.744228
54.672322,96.089966,87.853897,0.583699,52.612179
54.676189,96.089966,87.672661,0.573013,52.480698
54.679255,96.089966,87.691071,0.575369,52.417393
54.682166,86.485191,94.999985,0.746948,59.543507
54.684777,86.111832,95.000000,0.732256,59.470356
54.687430,92.526207,95.000000,0.739994,59.539711
54.690193,92.430519,94.999992,0.738005,59.412964
54.692768,90.171227,94.999985,0.722370,59.223339
54.695302,90.171227,95.000000,0.717929,59.125961
54.698209,90.171227,94.999992,0.717275,59.264000
54.700771,90.171227,95.000000,0.718551,59.263008
54.705265,90.171227,94.999992,0.718443,59.206684
54.707958,89.646851,95.000000,0.715526,58.967529
54.712117,91.250557,95.036964,0.707381,58.880848
54.714905,94.734871,94.999985,0.702994,58.917370
54.717844,93.130577,95.000000,0.704239,58.915974
54.720402,94.857552,94.999992,0.704426,56.973137
54.722987,95.631187,93.163780,0.694180,58.794567
54.725563,93.513351,95.050674,0.697933,58.912193
54.728131,93.314896,94.999985,0.696798,58.867531
54.730663,93.062225,94.999985,0.696359,58.522739
54.733257,90.822632,95.000000,0.683740,58.470913
54.736669,93.527718,95.000000,0.683682,58.387691
54.739243,97.721176,94.999992,0.480161,56.876621
54.742736,90.830368,93.311104,0.680249,58.491028
54.745704,87.997757,95.000000,0.676291,58.368191
54.748414,92.465134,95.000008,0.674262,58.483189
54.754046,93.881447,95.000000,0.676415,58.282413
54.757030,93.088730,95.000000,0.674008,58.178871
54.759578,89.039284,95.000000,0.670965,57.982899
54.762703,92.994827,95.000000,0.668574,57.959156
54.765319,92.994827,95.000008,0.664167,57.952774
54.769387,92.994827,94.999992,0.661633,57.923363
54.771935,92.994827,95.000000,0.649216,57.901539
54.776393,97.602188,87.489746,0.500521,57.941914
54.779337,88.930260,95.000000,0.656393,57.640068
54.784864,93.505775,95.000000,0.648950,57.706150
54.787403,94.562317,94.999992,0.649267,57.817558
54.790036,94.179375,95.000000,0.653046,57.848938
54.792569,91.590622,94.999992,0.646212,57.554352
54.795158,90.075485,95.000000,0.642822,57.467556
54.797745,88.925522,94.979904,0.636007,57.403873
54.800317,92.563843,95.000008,0.633659,57.201492
54.803072,92.093414,94.999985,0.623463,57.042950
54.805677,88.445564,95.000000,0.621685,56.952042
54.808300,89.891190,95.000000,0.613391,44.835346
54.810884,97.861465,82.443336,0.474677,50.012070
54.813451,88.097397,95.000000,0.625406,57.261906
54.816693,84.981110,94.999992,0.620231,56.964561
54.819304,87.569481,94.999985,0.611609,56.827328
54.822045,87.569481,95.000000,0.613160,57.088749
54.825664,87.569481,95.000008,0.615165,57.108124
54.828291,87.569481,95.000015,0.607538,56.721836
54.832892,87.569481,94.999985,0.596278,56.664761
54.837836,87.569481,94.999992,0.600381,56.588303
54.843240,87.569481,95.000000,0.593172,56.633564
54.849192,87.569481,95.027786,0.590579,56.453194
54.859699,97.699371,94.727142,0.578908,56.267559
54.862451,91.701294,94.999992,0.588770,56.367542
54.865160,92.129868,95.000015,0.585210,56.324799
54.868243,92.134323,95.000008,0.587234,56.077797
54.870752,95.009277,94.670578,0.577758,56.440159
54.873302,95.009277,94.946854,0.581015,56.378746
54.875917,95.009277,94.947723,0.578559,56.189083
54.878554,95.009277,94.947563,0.577759,56.144684
54.881128,95.009277,94.946228,0.578232,56.246078
54.885928,91.309059,95.000000,0.574171,56.120659
54.888515,89.605583,95.000000,0.571853,55.976635
54.891959,94.001892,95.000000,0.577388,56.154434
54.896086,94.687653,94.999985,0.564529,55.815510
54.901804,86.161293,94.999985,0.562162,55.681179
54.904379,94.552277,95.000000,0.565968,55.832893
54.908674,94.280777,94.999985,0.569309,55.968235
54.911333,91.163361,94.999992,0.566792,55.827644
54.913993,90.712044,94.999985,0.569763,55.824772
54.916673,92.428726,95.000000,0.563822,55.896942
54.922198,89.081833,95.000008,0.564187,55.633324
54.925152,88.713028,95.000000,0.553854,55.493977
54.927777,90.709068,95.000008,0.553416,55.457581
54.930432,92.547470,95.000008,0.555962,55.506977
54.933056,90.883369,95.000008,0.552688,55.438694
54.935879,89.160873,95.000000,0.547960,55.304108
54.938766,94.067757,95.000000,0.523850,53.979362
54.941364,94.969307,93.596268,0.550586,55.550217
54.946723,91.505325,94.999985,0.548514,55.283035
54.949302,92.025055,95.000000,0.545887,55.260944
54.951839,93.892235,95.000008,0.546926,55.218666
54.958055,90.930817,95.000000,0.537922,55.086845
54.961408,88.969078,95.000000,0.525822,54.811623
54.965454,91.821075,94.999985,0.528841,54.820229
54.968093,89.877014,95.000000,0.526587,54.812683
54.971114,93.118286,94.999985,0.526268,54.728012
54.974587,91.859657,94.999992,0.524772,54.652851
54.977105,92.715805,94.999992,0.514255,54.595665
54.979682,89.949875,95.000008,0.512402,54.565952
54.982414,90.447281,94.999985,0.512783,54.378777
54.985752,91.257462,94.999985,0.514652,54.561066
54.990721,93.483398,94.999992,0.514836,54.486919
54.993370,93.483398,95.000000,0.507627,54.322739
54.996787,91.795769,94.999985,0.506635,54.352825
54.999276,93.593079,95.000000,0.508767,54.381485
55.001844,92.747421,95.000000,0.503558,54.323689
55.004568,91.752525,95.000000,0.505372,54.334061
55.007181,91.752525,94.999985,0.507932,54.332188
55.009807,90.294365,94.999985,0.507575,54.313271
55.014302,88.350433,94.936569,0.504405,54.128746
55.016945,89.255371,94.999985,0.499607,53.892250
55.021574,89.684654,95.000000,0.493031,53.935123
55.024237,94.947464,95.000000,0.499664,54.191952
55.028415,91.474113,94.999985,0.498291,54.081738
55.031095,91.419518,94.999985,0.499776,53.947819
55.038699,91.060501,95.000000,0.491698,53.857613
55.042068,91.230804,95.000000,0.496264,53.880760
55.044686,92.511353,95.000000,0.494198,53.972694
55.047354,91.928459,95.000000,0.494398,53.913254
55.049963,91.062859,94.999992,0.491317,53.808922
55.052492,92.192337,95.000000,0.491591,53.884090
55.055026,89.327179,95.000000,0.494509,53.626850
55.061420,89.208359,95.000000,0.483456,53.537422
55.065315,90.768661,94.999992,0.491654,53.526112
55.069995,89.453308,95.000000,0.486163,53.537331
55.072566,91.690475,95.000000,0.488291,53.619476
55.075324,91.516945,94.999985,0.493970,53.667431
55.077898,91.404526,94.999985,0.490412,53.565331
55.082877,92.124779,94.999985,0.487266,53.424103
55.087738,89.327774,95.000000,0.484021,53.303936
55.092391,91.060844,95.000000,0.480053,53.304646
55.097123,91.060844,95.000000,0.481688,53.271782
55.099684,91.060844,95.000015,0.482697,53.230446
55.102459,91.060844,95.000000,0.479424,53.349693
55.105008,91.060844,95.000000,0.482768,53.407055
55.107669,91.450089,95.000008,0.480447,53.307060
55.111973,90.488846,94.999985,0.478939,53.216427
55.114667,89.214218,94.999985,0.480726,53.077408
55.117197,87.027199,94.999985,0.474274,53.022583
55.119711,86.708893,95.000000,0.472384,52.860340
55.122310,89.442734,94.999992,0.467454,52.780987
55.125283,90.415222,95.000000,0.471957,52.869766
55.128672,91.411819,94.999992,0.466115,52.784405
55.132090,87.076439,94.999969,0.469730,52.538204
55.134995,85.372406,94.999985,0.455609,52.347557
55.137679,88.888313,95.000000,0.457477,52.373009
55.140301,90.282639,94.999985,0.458551,52.500271
55.142808,90.028831,95.000000,0.457163,52.504223
55.147441,92.703217,94.999992,0.457529,52.554382
55.149995,90.883858,95.000000,0.456866,52.547817
55.154078,87.648087,94.999992,0.455379,52.514763
55.166177,88.033173,95.000008,0.456233,52.283161
55.169367,92.954285,95.000000,0.450916,52.395119
55.171913,87.608696,94.983444,0.452917,52.445782
55.174410,85.929375,95.000000,0.445485,52.138538
55.177676,86.487793,94.999985,0.445078,52.122620
55.180334,89.898514,94.999969,0.445409,52.124588
55.183050,91.557549,94.999992,0.449342,52.309341
55.186068,89.172455,95.000008,0.445308,52.227989
55.188583,87.477692,95.000000,0.446074,52.070618
55.192022,92.548363,95.000000,0.436645,52.176430
55.196728,90.053146,94.999985,0.449146,52.286304
55.199682,87.283272,95.000000,0.443009,51.913513
55.202798,87.712013,95.000000,0.440187,51.964718
55.205683,88.644493,95.000000,0.440883,51.932487
55.211497,87.869743,95.000008,0.436388,51.883179
55.215876,90.421593,94.999985,0.434288,51.858189
55.218590,89.553619,94.999985,0.437246,51.890778
55.221132,87.183365,95.000000,0.436664,51.802650
55.223842,85.847717,95.000000,0.432560,51.660583
55.226375,89.888580,94.999985,0.431062,51.722618
55.229003,90.605217,95.000000,0.439992,51.849869
55.231678,89.223129,95.000000,0.436053,51.573502
55.235478,89.223129,95.000000,0.435412,51.646214
55.238447,89.223129,94.999985,0.434654,51.651070
55.241242,89.223129,95.000008,0.433668,51.693405
55.243702,89.223129,94.999992,0.435905,51.664536
55.246680,89.223129,95.000000,0.432109,51.375542
55.249310,89.223129,94.947250,0.429461,51.440578
55.252065,88.819618,95.000008,0.430689,51.326004
55.255367,85.364548,95.000000,0.423381,51.239075
55.257962,85.364548,95.000015,0.425146,51.244614
55.260681,85.364548,95.000000,0.427084,51.324093
55.267145,85.364548,94.999985,0.420096,51.242157
55.272143,85.364548,-785.821960,168.359985,-996.574341
55.274988,85.364548,-784.969116,168.359985,-952.320374
55.279492,85.364548,-707.669617,168.359985,-912.684875
55.282162,85.364548,-663.664795,168.359985,-816.954163
55.284803,85.364548,-618.623962,168.359985,-777.800903
55.287501,85.364548,-558.045044,168.359985,-752.133118
55.290032,-334.215088,-540.264771,168.359985,-705.003540
55.293133,-384.356140,-513.747314,168.359985,-666.412842
55.295744,-351.755371,-441.306183,168.359985,-628.410828
55.298572,-328.110291,-407.682220,168.359985,-518.187439
55.303113,-248.047363,-338.936951,160.508423,-479.717590
55.305766,-222.270081,-278.521942,158.490417,-448.097290
55.308359,-187.533371,-249.872406,155.532440,-388.663788
55.311825,-161.398529,-199.482742,148.558411,-279.855042
55.317443,-136.302261,-97.547241,142.985077,-245.903473
55.319988,-71.255341,-71.152710,140.727600,-216.668823
55.322602,-12.141045,-44.549038,136.381653,-153.698151
55.325577,12.505951,14.929899,133.640167,-122.102890
55.328501,62.957005,43.884254,132.428802,-59.694954
55.331373,85.740524,73.752045,66.754196,1.641750
55.335824,129.289856,44.037529,28.376619,12.919113
55.338920,99.145676,44.267792,39.896824,46.773766
55.343356,73.160789,95.000015,42.464554,49.477627
55.345995,89.649117,95.000008,39.079014,49.025562
55.349321,106.058609,80.053772,21.835821,46.959927
55.351867,104.986130,72.661781,20.086706,49.127174
55.354403,85.857811,95.000000,28.002802,63.383186
55.357693,99.275185,81.666252,21.034119,56.931698
55.360260,101.080757,79.901100,19.283129,62.732635
55.363186,92.792519,89.911446,21.443569,61.302170
55.369110,98.427032,83.466682,16.494246,61.547813
55.371712,94.643448,87.969940,18.105648,69.613846
55.374724,91.085999,94.150909,17.912638,67.999130
55.377338,99.542625,90.330925,14.113789,63.277073
55.381250,92.563499,81.886024,16.274086,70.236137
55.383758,89.440399,94.999992,17.321812,67.948967
55.387597,98.697624,78.442734,11.097402,68.417862
55.391055,89.747459,86.448700,14.907377,74.824814
55.393689,91.792542,93.297935,10.119424,63.459949
55.399255,92.240295,78.827484,13.575364,75.318550
55.402973,93.804970,89.737297,12.412223,66.519478
55.407032,98.971481,82.676468,10.478086,65.231865
55.411811,93.580666,89.460258,12.409623,71.587517
55.414343,93.089409,90.438660,11.017565,67.806870
55.417758,99.050224,80.741776,10.160692,65.004974
55.420539,96.547249,84.259933,11.070588,70.886871
55.423325,94.126266,88.645279,12.079428,70.580429
55.425952,96.651489,84.172974,11.052561,67.587563
55.428675,95.481934,83.210968,10.582985,69.328789
55.431286,94.886475,85.830948,11.119729,69.744972
55.433791,95.363297,85.856064,10.414821,68.319084
55.437746,93.874382,88.168861,11.267472,71.036400
55.440441,95.910339,88.256905,10.965140,69.154068
55.442993,96.024628,85.241386,9.865908,68.968880
55.445839,95.802368,85.170975,9.982616,69.067642
55.448589,93.511871,89.924118,10.453077,72.363106
55.452450,94.844772,87.185684,9.858481,68.321800
55.455067,95.574989,85.290085,9.015240,69.911743
55.463713,93.415024,88.740845,9.546439,70.029823
55.470569,98.033127,79.783844,7.805326,68.701492
55.473126,95.139252,83.845123,9.707342,73.076172
55.476373,95.206352,86.137039,9.078606,66.516060
55.479246,98.281624,81.158676,7.983787,65.798363
55.481992,93.668854,87.216881,9.502833,71.044601
55.485253,97.842110,80.843025,8.294168,66.134926
55.488167,100.059937,79.379471,7.983099,66.383743
55.490835,93.490768,81.065155,10.118008,72.060799
55.493725,93.427475,87.286018,9.847734,71.080864
55.497130,97.486885,83.075516,8.480656,67.133202
55.499845,95.518044,83.843452,8.881505,68.465401
55.502364,93.196655,83.766571,8.926749,71.519966
55.505155,93.196655,87.656067,9.333939,71.685608
55.508774,93.196655,87.680038,9.127274,71.780830
55.511464,93.196655,87.789902,8.831268,72.023994
55.514279,93.196655,87.765701,8.662164,67.411484
55.516942,96.841476,82.022095,7.170742,65.611305
55.519502,97.864143,84.306961,7.704565,69.529411
55.523962,94.097412,85.591270,8.102955,65.243210
55.527847,98.302620,78.706047,8.850539,72.799416
55.532049,92.039581,88.435043,8.801082,72.628365
55.534715,96.892540,83.463043,7.907106,63.559963
55.537454,97.545822,84.506065,8.066963,69.372978
55.540211,92.538033,87.472504,8.601209,73.586525
55.542791,96.195694,89.454422,6.725274,65.187340
55.548257,98.367805,78.669693,6.475541,73.235710
55.550877,92.101547,88.692680,8.104039,73.034859
55.553599,96.541626,81.819916,6.983721,67.666367
55.556173,97.016586,81.191589,8.035700,72.655426
55.559406,91.807014,87.983215,8.245242,73.508308
55.561912,98.064857,79.900490,6.721306,66.115891
55.565347,95.410690,80.184814,7.359966,68.787201
55.571690,95.579468,83.886559,7.292796,64.086159
55.575555,100.408211,76.159164,5.854410,62.949543
55.578948,91.596039,88.803169,8.091366,74.420181
55.583514,93.945953,85.915573,7.465743,73.381081
55.591298,96.759377,79.445282,6.935695,68.145439
55.598223,92.215172,87.132080,7.646763,68.441650
55.602956,97.601524,82.743286,5.731978,62.847466
55.605972,96.029022,82.601654,6.760550,74.692734
55.609002,94.079636,90.256897,7.248330,64.938469
55.612690,98.832253,78.534065,8.441594,76.084389
55.618610,92.348328,88.661125,7.684155,67.160294
55.621182,96.636383,82.418503,6.436807,68.204376
55.624091,96.636383,82.465042,6.262404,68.254555
55.627839,96.636383,82.346817,6.292607,68.237839
55.632455,96.636383,82.330574,6.336771,68.112511
55.636494,96.636383,82.200333,6.584281,67.915794
55.639540,96.636383,82.159058,6.570590,67.944206
55.642483,96.636383,82.314445,6.512162,68.065063
55.645073,96.636383,82.246315,6.522357,67.975029
55.647955,96.636383,82.267235,6.547078,68.049614
55.652231,96.636383,82.532318,6.290978,74.006973
55.656832,98.764648,81.434212,6.198481,67.561203
55.674704,98.267738,81.737892,6.254052,67.437263
55.677333,98.267738,81.517509,6.314747,67.674370
55.681111,98.267738,81.662132,6.145708,67.628662
55.683697,98.267738,81.762993,6.052279,67.857193
55.688241,98.267738,81.601364,5.961674,67.937462
55.690941,98.267738,81.822632,5.854580,67.743813
55.693553,98.267738,81.727921,6.009210,67.692444
55.696085,98.267738,81.619743,6.019261,67.609749
55.698798,98.267738,81.696732,6.225851,67.407387
55.702223,93.819946,90.128876,7.688009,74.515564
55.704766,93.819946,90.125633,7.733275,74.622231
55.707987,93.819946,90.048271,7.761302,74.596268
55.710716,93.819946,90.048195,7.671724,74.926971
55.715049,93.819946,90.079147,7.443867,74.950111
55.717719,93.819946,90.124802,7.125257,75.129837
55.721803,93.819946,90.274666,6.883607,75.264023
55.724689,93.819946,90.321953,6.740819,75.274895
55.727294,93.819946,90.325737,6.485741,75.293282
55.729829,93.819946,90.414749,6.336173,75.327133
55.732397,93.819946,90.426758,6.277582,75.276131
55.734950,93.819946,90.375641,6.305064,75.258072
55.737558,93.819946,90.392799,6.271559,75.317513
55.740598,93.819946,90.324806,6.213453,75.441223
55.743275,93.819946,90.436569,6.012684,75.434410
55.746725,93.819946,90.369164,6.025269,75.450294
55.749369,93.819946,90.530281,5.792156,75.564613
55.752093,93.819946,95.000000,6.206121,79.402542
55.754722,93.819946,94.999985,6.092800,79.281281
55.757323,93.819946,95.000000,5.899087,79.250977
55.759939,93.819946,95.000000,5.894653,79.130661
55.762853,93.819946,94.999992,5.792068,79.131493
55.765835,93.819946,95.000008,5.833202,79.080124
55.769568,93.819946,94.999992,5.692073,79.173790
55.772171,93.819946,95.000000,5.465288,79.092651
55.778329,93.819946,95.000008,5.190648,78.807426
55.784466,93.819946,95.000008,5.000004,78.676445
55.787693,93.819946,94.999992,5.130856,78.501160
55.790394,101.928314,95.000008,4.268588,66.903633
55.796765,100.585281,83.836121,4.568236,78.743347
55.804147,92.545311,95.108795,4.372817,77.325157
55.806895,95.540710,93.447144,3.213860,69.601295
55.809708,94.887772,77.791954,2.583511,62.840343
55.812705,94.469902,72.203690,1.566965,49.305099
55.815421,86.180840,60.077492,1.336477,46.265903
55.818045,77.728745,57.300812,1.139044,43.779594
55.820526,72.549004,49.971474,0.660455,31.092001
55.823794,63.093719,37.415894,0.430496,24.557198
55.826375,54.187145,28.641796,0.335644,10.209019
55.829089,42.272038,23.088772,0.350972,-0.428532
55.831694,37.402008,7.406959,0.400259,-9.217093
55.834868,24.463551,3.883769,0.624485,-17.414171
55.839272,14.983311,-8.335081,0.869888,-21.568485
55.842721,13.638263,-9.860309,1.068449,-22.811678
55.846770,6.237051,-9.958744,1.036460,-25.027533
55.849472,2.496906,-14.680746,1.071848,-27.406643
55.852012,0.142101,-15.972557,0.953748,-28.500393
55.855061,-3.288316,-15.537628,0.989111,-31.521673
55.857692,-3.288316,-20.732647,1.077738,-33.251282
55.860331,-3.288316,-17.294615,0.768808,-30.611319
55.862970,-3.288316,-21.207226,1.138827,-36.354717
55.867548,-3.288316,-22.697479,1.033649,-34.962234
55.870174,-3.288316,-20.893696,0.961410,-29.565199
55.873019,-15.076653,-17.858213,0.723165,-28.211727
55.878802,-16.141371,-20.478237,0.757949,-30.571327
55.881844,-16.467554,-18.336422,0.711256,-29.819664
55.884407,-15.769934,-17.337662,0.687963,-28.638273
55.886980,-14.054787,-17.188122,0.742491,-26.362442
55.890199,-14.075117,-12.442016,0.662363,-22.550356
55.892794,-11.977533,-11.476960,0.561071,-20.306406
55.895312,-9.662706,-9.304306,0.422525,-16.230768
55.897886,-10.471500,-6.900943,0.405461,-19.589336
55.902251,-10.091741,-6.907519,0.309911,-15.003563
55.905355,-10.091741,-2.822437,0.185735,-13.832422
55.910112,-10.091741,1.747430,0.133658,-10.011446
55.912880,-10.091741,3.065732,0.135084,-5.385975
55.917824,-10.091741,4.984903,0.139073,-5.374106
55.920552,-10.091741,7.123965,0.143995,-3.701481
55.923190,-10.091741,6.706388,0.153694,0.147301
55.925766,-10.091741,10.892510,0.185320,0.316410
55.929039,-10.091741,10.746737,0.211872,2.780955
55.931723,7.057652,13.759501,0.232887,3.292899
55.934412,13.546690,16.596514,0.224941,6.527251
55.937361,17.107462,17.013823,0.344255,8.520381
55.940011,20.597536,21.617550,0.326245,11.113529
55.944337,22.187943,22.371689,0.361639,14.534384
55.946998,23.707218,25.147896,0.399762,15.591707
55.949700,24.647045,24.673819,0.337749,14.077216
55.952254,26.221209,26.268162,0.435788,16.322004
55.954760,29.529785,26.999641,0.528972,17.870516
55.957435,30.896950,31.457020,0.712553,20.555752
55.959985,31.623291,31.248995,0.867053,20.205584
55.962608,36.652531,34.405884,1.320603,24.794146
55.967754,37.119171,35.250622,1.378352,23.673416
55.971888,38.776722,41.681984,1.560772,26.972790
55.977375,42.074284,38.794601,1.613092,28.685364
55.983007,46.591492,40.806717,1.887815,27.512192
55.988727,45.795834,43.209923,2.186403,31.268877
55.991355,48.064156,43.884804,2.128006,29.472414
55.993938,50.137283,44.151409,2.217356,31.441196
55.996419,47.145454,42.770115,1.782047,30.352688
55.999777,47.234287,40.224159,1.689632,27.817829
56.002507,46.305214,37.628044,1.386138,23.674124
56.005014,44.352882,35.859573,1.217851,21.159784
56.011915,44.261608,35.490761,0.991926,23.677679
56.014503,43.200317,35.928654,0.977673,25.036739
56.017727,43.057381,34.635281,0.892465,23.042862
56.020204,42.103748,35.499336,0.932457,22.480486
56.022773,41.645874,33.960712,0.654092,22.342779
56.025711,39.033646,28.594189,0.460390,17.265663
56.030059,39.498997,26.803242,0.368756,14.699788
56.035788,33.303402,23.033831,0.288776,11.835076
56.038338,32.358681,25.175014,0.375462,13.378842
56.040974,31.739115,24.524487,0.372244,15.244347
56.045712,31.333332,24.712906,0.342150,13.650472
56.048282,30.482311,22.932314,0.259633,13.861920
56.050822,27.877085,24.850269,0.215988,10.051758
56.053436,27.025484,19.684221,0.155087,8.390550
56.058899,25.398373,19.398930,0.164219,8.522547
56.061605,25.229441,16.286125,0.128793,5.365860
56.064228,25.968864,14.796881,0.108934,4.325032
56.066817,24.696016,15.155800,0.093888,6.350657
56.069470,22.092960,9.784069,0.079761,-0.967355
56.072460,21.628311,8.764694,0.061491,-3.495954
56.075056,19.441826,7.208387,0.088246,-6.409390
56.077725,14.647011,3.392825,0.066124,-7.239711
56.080326,7.951000,-5.227572,0.409918,-19.083286
56.094033,0.193950,-12.277220,0.544431,-27.246702
56.098144,-4.384742,-17.111420,0.787341,-27.169880
56.104851,-8.806494,-18.389256,1.067991,-30.946793
56.110019,-9.917172,-21.001446,1.091578,-34.179604
56.112919,-13.974528,-23.382128,1.344253,-35.889942
56.115529,-14.540186,-22.920454,1.286041,-33.539280
56.118052,-16.316677,-26.581131,1.592250,-37.504036
56.120613,-16.316677,-26.748531,1.752088,-37.364857
56.123986,-16.316677,-29.650932,1.941670,-40.765022
56.126707,-16.316677,-30.590294,2.112249,-46.211231
56.129825,-16.316677,-33.536995,2.274621,-47.580086
56.132706,-16.316677,-36.017719,2.461448,-46.599991
56.135494,-16.316677,-35.873940,2.418226,-47.103195
56.138089,-16.316677,-34.945660,2.464644,-47.709278
56.140746,-16.316677,-36.443016,2.660343,-46.660774
56.143747,-16.316677,-35.959465,2.681766,-47.125473
56.146288,-28.330135,-34.565460,2.934880,-47.684845
56.149391,-28.330135,-36.396614,2.971617,-48.277847
56.151981,-30.962029,-33.012291,2.613760,-43.658928
56.156103,-28.512407,-34.284977,2.671794,-40.359070
56.158960,-28.394484,-29.872776,2.278578,-40.499275
56.163061,-25.952896,-30.648224,2.077451,-38.473564
56.165719,-24.719267,-26.444023,1.537893,-32.908871
56.169716,-24.719267,-25.174244,1.706140,-34.301327
56.173516,-24.719267,-21.732613,1.392485,-30.313540
56.176342,-24.719267,-23.114384,1.547685,-30.050125
56.179018,-24.719267,-21.513021,1.254741,-28.575481
56.181866,-24.719267,-18.977097,1.081200,-25.213963
56.189880,-24.719267,-16.191929,0.856945,-23.853107
56.192400,-24.719267,-14.772522,0.717207,-21.521065
56.195018,-12.880610,-14.173803,0.623325,-20.342859
56.197628,-11.668485,-11.181505,0.494046,-18.208561
56.200126,-10.799444,-10.086643,0.479793,-16.753105
56.203492,-8.814754,-9.469031,0.489381,-16.375723
56.206291,-7.543369,-7.770761,0.419593,-14.373923
56.208813,-7.023351,-7.590105,0.371600,-13.164817
56.211352,-6.975070,-6.488755,0.447028,-13.704584
56.214220,-5.180522,-7.156805,0.427177,-13.894705
56.218470,-4.954732,-6.625967,0.403142,-13.445673
56.221014,-4.389709,-6.554918,0.346053,-12.646219
56.225601,-3.702229,-5.810364,0.295051,-12.226887
56.230409,-2.893362,-5.642199,0.282185,-12.603083
56.233050,-2.618512,-5.894794,0.289850,-12.201468
56.236030,-2.294373,-5.710417,0.298177,-14.542348
56.240816,-2.644866,-8.179360,0.379386,-14.379305
56.243857,-2.864551,-6.331860,0.293020,-12.487259
56.246371,-3.805989,-6.656949,0.316094,-14.321018
56.249004,-3.010672,-8.071205,0.410565,-13.870205
56.251732,-3.609919,-7.266881,0.409150,-13.397573
56.254330,-4.306674,-8.425337,0.461363,-14.311914
56.257059,-4.591451,-8.184948,0.506856,-14.509414
56.259939,-5.372690,-7.929012,0.467210,-13.970411
56.262455,-5.345178,-9.363989,0.541138,-15.910277
56.265037,-4.707263,-9.792071,0.531390,-15.078026
56.267624,-5.029932,-8.133685,0.438042,-13.982170
56.270902,-4.249629,-9.116919,0.569310,-15.971637
56.273494,-4.938406,-9.040380,0.485995,-14.852367
56.275998,-4.893681,-8.455708,0.447578,-14.860331
56.282775,-5.215042,-9.407263,0.518263,-13.769182
56.288710,-5.376201,-9.609827,0.678863,-15.978291
56.291826,-5.911240,-7.308869,0.643537,-14.003780
56.295428,-5.294817,-8.946937,0.660457,-14.549465
56.298029,-5.336964,-8.593676,0.678840,-14.173068
56.300717,-6.463079,-10.050094,0.795585,-15.338188
56.303234,-6.686616,-9.669622,0.743114,-15.749840
56.305867,-6.361483,-10.122605,0.733914,-15.728055
56.308504,-6.294297,-10.222430,0.762058,-15.204026
56.311095,-6.801788,-11.915859,0.902478,-17.565989
56.316408,-6.337831,-10.891403,0.791871,-15.986097
56.319017,-7.026825,-10.549780,0.833194,-16.473492
56.321630,-7.359925,-10.407520,0.768436,-15.717077
56.324258,-6.496145,-11.313835,0.920328,-15.890564
56.326995,-7.336966,-10.573454,0.884513,-15.620393
56.329709,-6.868353,-10.573039,0.905490,-15.881572
56.332711,-7.426350,-10.592723,0.880482,-15.708331
56.335268,-6.886230,-10.385276,0.957313,-15.528385
56.337875,-7.901246,-10.677172,1.001090,-15.965066
56.340378,-8.101970,-10.927688,1.181085,-16.361439
56.344419,-8.138794,-11.132698,1.219113,-13.599813
56.347288,-8.469559,-10.448924,1.286037,-16.229969
56.351505,-8.796667,-10.231153,1.205036,-15.545319
56.354708,-8.525477,-11.074665,1.001070,-13.806528
56.357700,-8.307084,-10.068068,1.228787,-15.301073
56.360295,-6.978287,-8.006866,0.854646,-12.722291
56.365986,-6.166997,-8.696636,0.955332,-13.505979
56.368721,-6.174200,-8.226312,0.902707,-12.258513
56.371271,-5.917265,-7.652499,0.790067,-11.915531
56.374073,-4.946141,-7.325749,0.791297,-11.862320
56.376627,-4.891766,-6.612715,0.668551,-10.426341
56.379336,-4.360030,-5.950942,0.656936,-9.839252
56.385798,-4.329022,-6.131823,0.773010,-9.896530
56.391502,-4.187396,-5.133655,0.742823,-9.430567
56.394255,-3.914844,-4.660313,0.697200,-7.772223
56.400920,-3.346640,-3.745427,0.705197,-8.270203
56.403417,-2.906128,-4.194377,0.712330,-8.615026
56.407765,-2.725525,-3.567879,0.595373,-7.559670
56.410326,-2.593745,-4.049962,0.717334,-8.145285
56.414490,-2.450374,-3.481469,0.597825,-7.374136
56.417040,-3.375839,-3.982433,0.738145,-8.100177
56.422089,-2.444410,-4.363115,0.847111,-8.536033
56.424713,-2.930704,-4.236267,0.762015,-7.191894
56.427253,-2.821021,-3.317715,0.784858,-8.031009
56.429802,-2.426604,-3.152621,0.604450,-6.983174
56.432527,-1.886248,-3.081275,0.646665,-7.705824
56.435108,-1.494690,-2.702697,0.525324,-6.397749
56.438516,-1.811724,-2.460922,0.549808,-6.232573
56.441074,-1.480745,-2.489838,0.551020,-6.193191
56.443707,-1.227349,-2.031179,0.468091,-5.598717
56.446253,-1.166534,-1.474744,0.417087,-5.280025
56.449094,-0.792027,-1.749866,0.458503,-5.409089
56.451603,-0.903365,-1.473739,0.382111,-4.623153
56.455730,-0.615290,-1.638804,0.441472,-5.102893
56.458363,-0.451834,-1.835685,0.526023,-3.967965
56.461008,-0.687961,-0.674639,0.405998,-4.650562
56.463741,-0.176688,-1.468486,0.480228,-4.248716
56.466720,-0.410789,-1.144649,0.455955,-4.683183
56.470763,-0.048300,-1.232466,0.537769,-4.817345
56.473429,-0.260898,-0.790970,0.492972,-4.533939
56.477755,-0.010838,-1.047834,0.545889,-4.518205
56.480749,0.007356,-0.864621,0.492924,-4.102044
56.483630,-0.409317,-1.299342,0.656582,-4.861062
56.486348,-0.018174,-1.091145,0.652518,-4.031430
56.489056,-0.037361,-0.466294,0.584654,-4.173798
56.495407,0.372100,-0.661563,0.744859,-3.410316
56.501135,0.233716,-0.003123,0.704129,-3.713534
56.503794,0.232823,-0.427576,0.788327,-4.034277
56.506511,0.418725,0.210278,0.557841,-3.357159
56.509089,0.426125,0.186331,0.720529,-3.195041
56.511829,0.426125,0.525185,0.618204,-2.869017
56.514440,0.426125,0.168904,0.918827,-3.434018
56.517030,0.426125,0.245298,0.701184,-2.772717
56.519755,0.426125,0.744732,0.865085,-2.877894
56.522344,0.426125,0.844980,0.955713,-2.590852
56.525081,0.984245,1.016080,0.900407,-2.577761
56.527595,0.940849,0.979357,1.134898,-2.900772
56.532014,1.526274,1.187136,1.196142,-2.623003
56.534899,1.526274,1.307537,1.289966,-2.230280
56.539400,1.526274,2.163927,1.213623,-1.765467
56.542810,2.351255,2.403502,1.165501,-1.287328
56.546134,2.351255,2.737833,1.189545,-1.093747
56.548709,2.351255,2.859105,1.249142,-1.028874
56.551217,2.351255,3.110737,1.363626,-0.954783
56.554069,2.351255,3.218277,1.416137,-0.899149
56.557512,2.351255,3.547279,1.434583,-0.586635
56.560147,2.351255,3.768926,1.443276,-0.149800
56.562944,2.351255,3.976927,1.444715,0.053973
56.565966,2.351255,4.600589,1.612593,0.485545
56.572071,2.351255,4.985386,1.660250,0.768239
56.574829,2.351255,5.192737,1.809090,0.909460
56.577449,2.351255,5.653677,1.865021,1.086936
56.580041,2.351255,5.894515,1.923567,1.471708
56.582723,2.351255,6.129391,1.952497,1.677155
56.585340,2.351255,6.378016,2.063310,1.887507
56.588072,2.351255,6.957340,2.116572,2.383298
56.590713,6.780652,7.256863,2.156709,3.903441
56.605280,8.569589,9.147469,2.466753,4.458251
56.608862,8.569589,10.022970,3.016305,4.665415
56.611873,8.569589,10.384379,2.661790,4.958995
56.614619,8.569589,10.695964,2.490503,5.803304
56.618349,8.569589,11.174141,2.600487,5.946365
56.620979,8.569589,11.165792,2.610214,5.970259
56.624179,11.706078,10.917417,2.272417,5.889861
56.626932,12.686163,10.735199,1.954347,5.846721
56.629501,12.159312,10.208066,1.627809,5.743493
56.632039,12.243222,9.988876,1.533084,5.613883
56.634721,11.666145,9.661646,1.477825,5.211616
56.637276,11.400189,9.160414,1.224645,5.090297
56.640157,11.161958,8.256343,0.857910,4.357921
56.642749,11.141790,8.026681,0.535308,3.701709
56.645767,10.188518,6.605184,0.380712,3.335239
56.648387,8.774308,6.143832,0.274978,2.522326
56.650939,8.234061,5.643980,0.157773,2.044374
56.653447,7.200412,4.476453,0.070270,1.513893
56.656048,6.365201,3.569912,0.073208,-0.786976
56.665484,4.103155,2.082237,0.181174,-0.985618
56.668293,3.316607,0.914991,0.333272,-2.302221
56.674117,2.416984,0.526140,0.511876,-3.422053
56.676822,2.135208,0.106320,0.652741,-3.516434
56.679359,1.783943,0.010357,0.796323,-3.774944
56.682206,1.424832,1.439888,0.580886,-3.927679
56.684769,1.653153,-0.227993,0.695244,-3.286399
56.687751,1.082377,0.441842,0.696603,-3.072064
56.690612,0.966755,0.427636,0.705493,-3.110088
56.693155,0.966755,0.493342,0.810916,-2.361265
56.699613,0.966755,1.075376,0.827752,-2.527323
56.702251,0.966755,0.707975,1.099048,-2.604450
56.704951,0.966755,1.002737,0.744297,-2.138852
56.707877,0.966755,1.120463,1.025816,-3.031353
56.710892,0.966755,0.864961,0.991033,-2.640582
56.713483,0.966755,1.074931,1.445388,-3.550146
56.717415,0.966755,0.753559,1.241324,-2.968947
56.721944,0.750391,0.970536,1.539528,-2.835002
56.725860,0.750391,1.443818,1.505908,-2.002343
56.733040,0.750391,1.954002,1.065529,-1.687688
56.735719,0.750391,2.103637,1.061782,-1.686081
56.738321,0.750391,2.197139,1.017846,-1.172336
56.741463,1.822638,2.400457,0.622674,-0.942762
56.744250,1.822638,2.449103,0.497837,-0.702850
56.746856,1.822638,2.444811,0.323664,-0.590839
56.749364,1.822638,2.449122,0.191529,-0.225266
56.753409,2.524233,2.591209,0.036786,-0.156065
56.756361,2.733006,2.642972,0.012751,-0.079959
56.758970,2.560648,2.645655,0.038872,-0.127189
56.762060,2.740289,2.677787,0.074026,0.031570
56.765281,2.562347,3.070278,0.190593,0.171917
56.768500,2.925182,3.220791,0.270417,0.263469
56.771457,2.925182,3.490084,0.467019,0.316599
56.774063,2.925182,3.646664,0.724467,0.537749
56.780170,2.925182,4.233529,0.885359,0.782398
56.785448,2.925182,4.520323,0.928996,0.875120
56.787951,2.925182,4.626226,0.650481,1.168693
56.792156,4.112956,4.470085,0.529180,1.336502
56.794730,4.112956,4.705649,0.536921,1.365829
56.797514,4.112956,4.879591,0.705596,1.272936
56.803358,4.112956,4.701630,0.500092,1.208907
56.805929,4.112956,4.343473,0.424582,1.183081
56.808466,4.112956,4.657961,0.583803,1.291426
56.810994,4.823127,4.722352,0.718525,1.278063
56.813732,4.870045,4.698700,0.686779,1.289996
56.817078,5.102481,4.879149,1.006090,1.291190
56.819632,4.919776,5.090976,1.166144,1.213794
56.822343,5.510846,5.156156,1.281973,1.186291
56.824838,5.798087,5.232246,1.321723,1.248549
56.828121,5.948404,5.336020,1.242928,1.530452
56.830726,5.948404,5.523675,1.268397,1.702996
56.833329,5.948404,5.965060,1.529970,1.711790
56.836602,5.948404,5.934878,1.572022,1.583012
56.839169,5.948404,5.876784,1.548180,1.531871
56.841946,5.948404,6.002669,1.504612,1.932268
56.844785,5.948404,5.909146,1.271349,1.762761
56.849358,5.948404,5.880394,1.334565,1.802850
56.852102,6.386481,5.328553,0.779712,1.739676
56.856759,6.449156,5.315768,0.825405,1.648912
56.859462,5.615754,4.876566,0.458437,1.665170
56.862074,5.791831,4.839281,0.488886,1.395606
56.865052,5.565951,4.626580,0.254913,1.065843
56.871152,4.879003,3.970033,0.086372,0.737278
56.873807,4.594472,3.218817,0.031039,0.429239
56.876486,4.006036,3.225561,0.021269,0.373685
56.879353,3.956408,3.041470,0.017285,0.276083
56.882033,3.762161,2.878354,0.006609,0.126814
56.884741,3.268567,2.739124,0.046178,-0.275559
56.887430,3.066514,2.320616,0.061380,-0.492615
56.890064,3.397303,2.220124,0.135175,-0.581474
56.895873,2.937626,2.274917,0.132811,-0.659483
56.898719,2.748323,2.087555,0.205110,-0.935605
56.905170,2.525028,2.045016,0.244304,-0.903993
56.907724,2.553561,2.024834,0.256880,-0.960987
56.912015,2.592380,2.027678,0.240827,-0.940684
56.914734,2.369343,2.380821,0.152844,-0.391387
56.919107,2.360465,2.453650,0.133886,-0.389070
56.922187,2.552792,2.401439,0.102154,-0.408826
56.926120,2.562714,2.451221,0.096065,-0.214210
56.928731,2.739164,2.561402,0.064389,-0.153500
56.931399,2.593484,2.614444,0.041939,-0.094628
56.934205,2.740395,2.677418,0.031978,-0.044821
56.936736,2.776239,2.652888,0.072726,-0.176149
56.943726,2.599545,2.521919,0.106475,-0.291568
56.946729,2.599545,2.463726,0.143575,-0.459406
56.949395,2.599545,2.396014,0.138226,-0.447514
56.951996,2.599545,2.437367,0.142030,-0.415085
56.954618,2.599545,2.417882,0.202061,-0.672468
56.957275,2.599545,2.341668,0.360859,-0.783422
56.959841,2.599545,2.319026,0.362896,-0.757107
56.962576,2.565909,2.449483,0.330205,-0.381990
56.965164,2.565909,2.621034,0.273637,-0.228569
56.970209,2.565909,2.863314,0.282265,-0.081888
56.974727,2.565909,2.876803,0.255509,-0.065504
56.977783,2.565909,2.884143,0.182540,0.004120
56.982136,2.565909,2.887289,0.131405,0.057898
56.988351,2.565909,2.887691,0.131138,0.067712
56.990959,2.565909,2.892532,0.108811,0.085004
56.993568,2.565909,2.919479,0.120805,0.099750
56.996135,2.565909,2.932052,0.120045,0.133138
56.998727,2.565909,2.963955,0.131021,0.148220
57.001340,2.565909,2.966893,0.208141,0.107826
57.018044,3.066705,3.067021,0.175243,0.221223
57.021760,3.035141,3.012460,0.126621,0.177959
57.024392,3.242582,3.019677,0.108823,0.277939
57.027152,3.244606,3.091717,0.119987,0.293304
57.029747,3.066504,3.073961,0.110762,0.241044
57.032799,3.027706,3.072298,0.141207,0.083194
57.037270,3.205287,2.937401,0.171431,0.065841
57.039790,3.064483,2.972759,0.216604,0.078175
57.044083,3.019600,2.990658,0.216133,0.081974
57.046796,3.027658,3.010419,0.233173,0.109452
57.050849,3.209479,3.017869,0.205441,0.199982
57.056150,3.224299,3.146097,0.224848,0.231969
57.058738,3.019538,3.151745,0.245565,0.249519
57.061370,3.391566,3.194553,0.270114,0.236562
57.063922,3.277833,3.196720,0.289055,0.208055
57.066424,3.071486,3.169608,0.287574,0.178858
57.069016,3.282139,3.201157,0.302939,0.207984
57.073004,3.439686,3.191395,0.280951,0.246272
57.075549,3.475537,3.289994,0.308680,0.276198
57.081741,3.246553,3.328619,0.342811,0.284619
57.084326,3.251070,3.315209,0.341328,0.281564
57.086857,3.364043,3.343547,0.352899,0.281573
57.090557,3.479682,3.294763,0.308802,0.301574
57.093191,3.297696,3.320175,0.286166,0.306270
57.095808,3.447139,3.205725,0.208778,0.291805
57.100735,3.659478,3.164953,0.167686,0.311708
57.103269,3.333655,3.164007,0.147788,0.299969
57.111127,3.447728,3.106643,0.122215,0.252509
57.115168,3.291306,3.042894,0.079495,0.241857
57.117762,3.262261,2.950358,0.060859,0.181632
57.120343,3.066762,2.906133,0.046225,0.086560
57.122928,3.215112,2.831345,0.025643,-0.037992
57.125558,3.251903,2.614525,0.019374,-0.120495
57.128126,2.984972,2.521284,0.024203,-0.217818
57.130840,2.983415,2.524869,0.027602,-0.125008
57.133396,2.826334,2.649600,0.026594,-0.153402
57.136783,2.797264,2.591085,0.054156,-0.241446
57.139386,2.750818,2.541656,0.061662,-0.228071
57.142004,2.603226,2.529063,0.073862,-0.252039
57.144537,2.633729,2.587274,0.070186,-0.114117
57.147121,2.788750,2.639684,0.042755,-0.090481
57.150208,2.787609,2.649256,0.041051,-0.127816
57.153459,2.780237,2.610004,0.045519,-0.136081
57.156031,2.817762,2.634030,0.040393,-0.070495
57.158951,2.975838,2.688818,0.043245,-0.019886
57.163631,2.751610,2.738587,0.048863,-0.008186
57.166335,2.783282,2.746275,0.061238,-0.012767
57.170452,2.825011,2.745356,0.062382,-0.006106
57.175891,2.641480,2.748898,0.047793,0.002295
57.178506,2.756456,2.760556,0.051780,0.014733
57.181446,2.563698,2.757783,0.040605,0.018071
57.184608,2.631732,2.767079,0.036482,0.041086
57.187188,2.930037,2.772860,0.027233,0.020683
57.189763,2.959808,2.739746,0.025238,0.013449
57.192751,2.760517,2.717357,0.008609,0.008168
57.198122,2.784103,2.713736,0.006884,-0.019152
57.200741,2.825044,2.690012,0.011947,-0.048436
57.203514,2.795089,2.633547,0.021209,-0.090458
57.206057,2.791018,2.562081,0.062118,-0.205386
57.211618,2.790891,2.577702,0.059439,-0.185089
57.214157,2.976178,2.620557,0.049022,-0.066777
57.216730,2.574247,2.672343,0.035481,-0.047965
57.219399,2.744929,2.690267,0.036863,-0.045454
57.222021,2.780986,2.658871,0.042037,-0.082678
57.226735,2.634568,2.611986,0.071533,-0.198477
57.229751,2.572914,2.588348,0.061994,-0.174722
57.234175,2.781794,2.615780,0.053238,-0.101292
57.237761,2.529534,2.679224,0.012053,-0.000126
57.243126,3.012730,2.706224,0.007790,-0.008119
57.245733,3.170525,2.686223,0.011943,-0.024373
57.248246,2.979044,2.676794,0.017055,-0.043442
57.250784,2.797178,2.675722,0.022785,-0.044358
57.253340,2.565503,2.677287,0.021486,-0.036275
57.255885,2.745101,2.690149,0.020138,-0.028391
57.258382,2.819436,2.702650,0.008372,0.012518
57.261012,2.976236,2.714465,0.003905,0.005651
57.266179,3.060393,2.700950,0.010816,-0.017358
57.268876,3.165283,2.699212,0.022044,-0.022307
57.271430,2.806163,2.699764,0.023457,-0.021996
57.274547,2.760545,2.705236,0.025119,-0.016367
57.277227,2.634612,2.708968,0.025357,-0.010465
57.280043,2.758997,2.719893,0.019101,0.009355
57.282736,2.789752,2.730340,0.025715,0.009278
57.287879,2.985120,2.743511,0.035863,0.010083
57.290439,2.798765,2.743079,0.046567,-0.004526
57.295440,2.574537,2.744394,0.058571,-0.011645
57.298070,2.595752,2.740945,0.054925,-0.011450
57.300634,2.603518,2.756230,0.070431,-0.007086
57.303229,2.782733,2.747653,0.066255,-0.000483
57.305749,3.014105,2.768493,0.063877,0.007125
57.308442,2.789911,2.791317,0.075545,0.018307
57.314503,2.976973,2.795824,0.080213,0.014271
57.317004,2.797479,2.799736,0.097318,0.007461
57.319625,2.790299,2.803967,0.102851,0.004936
57.323059,2.790972,2.808408,0.103769,0.010740
57.325663,2.976194,2.818518,0.111051,0.010041
57.328387,2.797640,2.820387,0.114223,0.017091
57.331000,2.791528,2.821017,0.103433,0.030662
57.336188,2.568582,2.825260,0.090899,0.037447
57.339231,2.788229,2.820354,0.075516,0.039615
57.342136,2.983618,2.804933,0.072179,0.024117
57.344736,2.984785,2.789133,0.066054,0.007492
57.347264,2.978790,2.770459,0.072485,-0.037935
57.351744,2.797851,2.745821,0.085619,-0.039869
57.354439,2.828474,2.743467,0.100780,-0.020991
57.358735,2.828947,2.773580,0.105536,-0.020165
57.361407,2.792518,2.792225,0.114934,-0.020615
57.364109,2.977544,2.799080,0.122311,-0.011803
57.366733,3.013509,2.805229,0.122371,-0.006575
57.369411,2.762700,2.819028,0.121802,-0.000267
57.372051,2.598540,2.824146,0.125672,0.003579
57.374983,2.751708,2.830553,0.122394,0.010742
57.378102,2.751708,2.834689,0.116857,0.022231
57.383116,2.751708,2.837242,0.114988,0.024506
57.385783,2.783302,2.836811,0.117049,0.022148
57.388424,2.783302,2.836023,0.111574,0.029303
57.391029,2.783302,2.837865,0.111524,0.024980
57.393652,2.783302,2.824569,0.113007,0.013068
57.396655,2.783302,2.812654,0.113727,-0.022102
57.399286,2.783302,2.762698,0.132467,-0.104312
57.403076,2.783302,2.740252,0.152969,-0.095640
57.405661,2.975700,2.804100,0.162415,-0.057809
57.408250,3.014180,2.852630,0.179755,-0.020322
57.410756,3.022375,2.863523,0.196482,-0.030627
57.416497,2.837501,2.869725,0.209358,-0.032213
57.420850,2.791900,2.885603,0.199312,0.000970
57.423406,2.977420,2.909225,0.201906,0.009510
57.426204,2.984729,2.930028,0.194128,0.038269
57.430116,3.015986,2.948364,0.206685,0.038122
57.433128,2.837407,2.926080,0.219301,0.042116
57.435769,2.800442,2.927567,0.197724,0.032190
57.438414,2.790610,2.941110,0.209090,0.031344
57.441739,2.791082,2.943454,0.213979,0.031908
57.444407,3.012827,2.940238,0.210470,0.025407
57.447409,2.835526,2.926856,0.210336,0.018651
57.450223,3.052221,2.922776,0.210174,0.011323
57.452985,3.029484,2.917104,0.204845,0.008700
57.455754,2.835067,2.910110,0.202539,0.005875
57.459261,3.172133,2.904720,0.202108,0.006408
57.461912,3.066725,2.914338,0.210099,0.005034
57.464477,3.031345,2.915767,0.217864,-0.008475
57.469304,3.031345,2.923057,0.244771,-0.014887
57.472355,3.031345,2.935715,0.244078,-0.007047
57.474931,3.031345,2.955732,0.240232,0.030110
57.479780,3.031345,2.988715,0.197560,0.095946
57.486002,3.023478,2.992675,0.185848,0.104365
57.489263,2.985531,2.969467,0.151410,0.091934
57.491881,3.016146,2.924458,0.142064,0.081269
57.494453,3.208349,2.902180,0.121673,0.042895
57.499548,2.801939,2.835484,0.126961,-0.056028
57.503442,2.981508,2.702174,0.134514,-0.137524
57.506028,2.981508,2.665081,0.141792,-0.182949
57.508614,2.829262,2.699388,0.117914,-0.012095
57.511156,2.829262,2.779572,0.077506,0.056471
57.513755,2.829262,2.811290,0.043297,0.011494
57.525211,3.016018,2.757987,0.045801,0.000772
57.527751,2.800193,2.707588,0.050871,-0.044770
57.530264,2.831112,2.630599,0.070821,-0.299633
57.532829,2.798729,2.518672,0.107040,-0.279610
57.535376,2.606626,2.533757,0.077319,-0.168352
57.537982,2.789945,2.733020,0.055045,-0.021656
57.544478,2.820755,2.714724,0.082088,-0.079903
57.549384,2.831310,2.701152,0.087479,-0.092590
57.551995,2.798262,2.697442,0.087460,-0.089059
57.554580,2.746597,2.706480,0.085867,-0.066404
57.557142,2.834543,2.717994,0.090488,-0.062756
57.559744,2.755718,2.735676,0.094123,-0.057484
57.562379,2.792836,2.746042,0.097900,-0.031985
57.565323,3.023824,2.760595,0.091137,-0.016170
57.568116,2.800504,2.775967,0.095966,-0.020851
57.570860,2.866004,2.783392,0.107866,-0.026572
57.573451,2.836250,2.770403,0.117979,-0.046038
57.575975,2.755786,2.761813,0.130371,-0.067181
57.578530,2.820552,2.761364,0.133790,-0.078508
57.581776,2.797918,2.767586,0.144211,-0.074714
57.584317,2.977549,2.771819,0.131858,-0.042881
57.586880,3.013510,2.780076,0.119849,-0.028252
57.589470,2.800092,2.800002,0.113088,-0.011096
57.594298,2.977444,2.820147,0.107026,0.018471
57.596902,2.836282,2.824177,0.102131,0.022250
57.599422,2.800216,2.840039,0.106343,0.041755
57.603810,3.014857,2.853393,0.109449,0.039288
57.607183,2.986226,2.835070,0.152866,-0.030372
57.614585,3.023499,2.820897,0.154022,-0.007601
57.621024,3.023740,2.851124,0.148543,0.004835
57.624108,3.023740,2.860932,0.140995,0.034273
57.626780,3.023740,2.858100,0.132636,0.042645
57.629360,3.023740,2.874768,0.134922,0.042243
57.632024,3.023740,2.876487,0.139987,0.038970
57.635938,3.023788,2.870682,0.170795,0.002440
57.640140,3.025877,2.869831,0.182882,-0.010499
57.642655,3.023175,2.871455,0.183105,-0.002989
57.645223,3.023175,2.886078,0.189140,-0.000483
57.648086,3.023175,2.891198,0.193167,0.013013
57.650754,3.023175,2.909945,0.180317,0.017807
57.653661,3.023175,2.917114,0.189271,0.030382
57.656392,3.023175,2.923299,0.192311,0.026941
57.658987,3.023175,2.921957,0.204123,0.024395
57.662377,3.023175,2.927337,0.237975,0.010248
57.669313,3.023175,2.927326,0.241547,0.005600
57.674190,3.023175,2.953071,0.245593,0.007522
57.676801,2.986559,2.957243,0.276767,0.004577
57.680826,3.219098,2.981989,0.272957,0.018730
57.685236,3.025321,3.004257,0.266115,0.020757
57.688196,3.254551,3.008204,0.290872,0.024878
57.691752,3.218961,3.016570,0.299040,0.020117
57.694334,2.876497,3.021740,0.311606,0.017253
57.696926,3.283134,3.026718,0.322142,0.012900
57.700791,3.218694,3.038366,0.328283,0.022470
57.703398,3.218882,3.048173,0.332285,0.030384
57.705947,3.293316,3.070527,0.330553,0.058186
57.708875,3.264586,3.085652,0.334000,0.069180
57.711736,3.256727,3.111859,0.327970,0.086309
57.714391,3.247839,3.126900,0.327295,0.117927
57.717002,3.293273,3.135167,0.305030,0.135628
57.724261,3.257875,3.124770,0.304377,0.104744
57.726901,3.257875,3.092932,0.305265,0.072612
57.731028,3.070615,3.071956,0.303687,0.068991
57.733657,3.033163,3.077460,0.316684,0.091970
57.737805,3.061390,3.085857,0.315415,0.071403
57.740381,3.217398,3.044181,0.302693,0.051819
57.743045,3.292056,3.081393,0.304871,0.072952
57.745745,3.077451,3.080077,0.315651,0.063742
57.749565,2.840282,3.052218,0.303218,0.056893
57.752073,2.987096,3.040503,0.297622,0.037554
57.754652,2.646059,3.030382,0.285652,0.036580
57.757748,2.646059,3.013009,0.274788,0.039871
57.760396,2.646059,3.006865,0.245964,0.054180
57.763941,3.136572,2.992382,0.230221,0.069844
57.766927,3.136572,2.993600,0.215016,0.073727
57.769497,3.136572,2.983713,0.211449,0.072570
57.772052,3.136572,2.981517,0.210616,0.097559
57.777231,3.136572,2.979286,0.176281,0.097635
57.780224,3.136572,2.960286,0.174687,0.070545
57.782981,3.136572,2.933769,0.144916,0.060908
57.785525,3.136572,2.887294,0.136196,0.013931
57.789073,3.136572,2.854300,0.116242,-0.009508
57.793564,3.136572,2.764425,0.105410,-0.046851
57.796110,3.136572,2.710131,0.099878,-0.155646
57.800609,3.136572,2.615942,0.085963,-0.163792
57.804955,3.136572,2.613997,0.094822,-0.245609
57.807755,3.136572,2.514939,0.108500,-0.258042
57.810852,3.136572,2.541820,0.075933,-0.184560
57.813423,3.136572,2.651937,0.063633,-0.067803
57.816894,3.136572,2.679712,0.050517,0.000000
57.819762,3.136572,0.000000,0.000000,0.000000
57.826029,3.136572,0.000000,0.000000,0.000000
57.828632,3.136572,0.000000,0.000000,0.000000
57.831495,2.860274,0.000000,0.000000,0.000000
57.834202,2.860274,0.000000,0.000000,0.000000
57.837534,2.860274,0.000000,0.000000,0.000000
57.840088,2.860274,0.000000,0.000000,0.000000
57.842781,2.860274,0.000000,0.000000,0.000000
57.845386,2.860274,0.000000,0.000000,0.000000
57.847899,2.860274,0.000000,0.000000,0.000000
57.851059,2.860274,0.000000,0.000000,0.000000
57.855193,2.860274,0.000000,0.000000,0.000000
57.857979,2.860274,0.000000,0.000000,0.000000
57.862155,2.860274,0.000000,0.000000,0.000000
57.864962,2.860274,0.000000,0.000000,0.000000
57.867534,2.860274,0.000000,0.000000,0.000000
57.870577,2.860274,0.000000,0.000000,0.000000
57.873118,2.860274,0.000000,0.000000,0.000000
57.875750,2.860274,0.000000,0.000000,0.000000
57.879420,2.860274,0.000000,0.000000,0.000000
57.882321,2.860274,0.000000,0.000000,0.000000
57.885815,2.860274,0.000000,0.000000,0.000000
57.890065,2.860274,0.000000,0.000000,0.000000
57.893630,2.860274,0.000000,0.000000,0.000000
57.897357,2.860274,0.000000,0.000000,0.000000
57.901081,2.783804,0.000000,0.000000,0.000000
57.906440,3.017005,0.000000,0.000000,0.000000
57.909217,2.795387,0.000000,0.000000,0.000000
57.912108,2.947541,0.000000,0.000000,0.000000
57.915771,2.611758,0.000000,0.000000,0.000000
57.920293,3.156182,0.000000,0.000000,0.000000
57.923094,3.050277,0.000000,0.000000,0.000000
57.932507,2.656935,0.000000,0.000000,0.000000
57.935065,2.950427,0.000000,0.000000,0.000000
57.938000,3.022173,0.000000,0.000000,0.000000
57.940589,2.837447,0.000000,0.000000,0.000000
57.943495,2.802369,0.000000,0.000000,0.000000
57.946089,2.606474,0.000000,0.000000,0.000000
57.948767,2.606474,0.000000,0.000000,0.000000
57.952274,2.754255,0.000000,0.000000,0.000000
57.955118,2.783811,0.000000,0.000000,0.000000
57.957766,2.828773,0.000000,0.000000,0.000000
57.960426,2.792703,0.000000,0.000000,0.000000
57.963213,2.942508,0.000000,0.000000,0.000000
57.965757,2.831338,0.000000,0.000000,0.000000
57.968284,2.830438,0.000000,0.000000,0.000000
57.970795,2.791514,0.000000,0.000000,0.000000
57.973999,2.649865,0.000000,0.000000,0.000000
57.976612,3.021183,0.000000,0.000000,0.000000
57.979113,3.022739,0.000000,0.000000,0.000000
57.984015,2.839428,0.000000,0.000000,0.000000
57.988511,2.839428,0.000000,0.000000,0.000000
57.991374,2.839428,0.000000,0.000000,0.000000
57.993968,2.839428,0.000000,0.000000,0.000000
57.996797,2.986926,0.000000,0.000000,0.000000
57.999413,2.646155,0.000000,0.000000,0.000000
58.002060,2.784822,0.000000,0.000000,0.000000
58.004760,2.985056,0.000000,0.000000,0.000000
58.012134,2.831161,0.000000,0.000000,0.000000
58.014757,3.018174,0.000000,0.000000,0.000000
58.017333,2.802763,0.000000,0.000000,0.000000
58.019934,2.979452,0.000000,0.000000,0.000000
58.022457,2.985194,0.000000,0.000000,0.000000
58.025444,2.765334,0.000000,0.000000,0.000000
58.031151,2.824809,0.000000,0.000000,0.000000
58.033766,2.980704,0.000000,0.000000,0.000000
58.036393,2.979257,0.000000,0.000000,0.000000
58.039572,2.827852,0.000000,0.000000,0.000000
58.044164,2.800450,0.000000,0.000000,0.000000
58.046907,2.800450,0.000000,0.000000,0.000000
58.051320,2.791954,0.000000,0.000000,0.000000
58.054773,2.791954,0.000000,0.000000,0.000000
58.058758,2.791954,0.000000,0.000000,0.000000
58.061425,2.791954,0.000000,0.000000,0.000000
58.064056,2.793271,0.000000,0.000000,0.000000
58.066768,2.791614,0.000000,0.000000,0.000000
58.069336,2.791614,0.000000,0.000000,0.000000
58.071917,2.791614,0.000000,0.000000,0.000000
58.074598,2.791614,0.000000,0.000000,0.000000
58.080666,2.791614,0.000000,0.000000,0.000000
58.083391,2.791614,0.000000,0.000000,0.000000
58.086133,2.791614,0.000000,0.000000,0.000000
58.088995,2.791614,0.000000,0.000000,0.000000
58.098592,2.791614,0.000000,0.000000,0.000000
58.102796,2.791614,0.000000,0.000000,0.000000
58.111302,2.791614,0.000000,0.000000,0.000000
58.115413,2.793968,0.000000,0.000000,0.000000
58.119604,2.817439,0.000000,0.000000,0.000000
58.124064,2.979786,0.000000,0.000000,0.000000
58.127266,3.013506,0.000000,0.000000,0.000000
58.129872,2.835661,0.000000,0.000000,0.000000
58.136984,3.182796,0.000000,0.000000,0.000000
58.140408,2.796714,0.000000,0.000000,0.000000
58.143465,2.981945,0.000000,0.000000,0.000000
58.146042,3.011491,0.000000,0.000000,0.000000
58.148891,2.832668,0.000000,0.000000,0.000000
58.151413,2.795152,0.000000,0.000000,0.000000
58.156295,2.972403,0.000000,0.000000,0.000000
58.159234,2.759626,0.000000,0.000000,0.000000
58.162168,2.793712,0.000000,0.000000,0.000000
58.166499,2.831188,0.000000,0.000000,0.000000
58.170839,2.831188,0.000000,0.000000,0.000000
58.173432,2.801118,0.000000,0.000000,0.000000
58.177794,2.681916,0.000000,0.000000,0.000000
58.180350,2.681916,0.000000,0.000000,0.000000
58.184575,2.681916,0.000000,0.000000,0.000000
58.187258,2.681916,0.000000,0.000000,0.000000
58.190081,2.681916,0.000000,0.000000,0.000000
58.192673,2.681916,0.000000,0.000000,0.000000
58.195498,2.681916,0.000000,0.000000,0.000000
58.198011,2.681916,0.000000,0.000000,0.000000
58.200655,2.681916,0.000000,0.000000,0.000000
58.203254,2.681916,0.000000,0.000000,0.000000
58.205872,2.681916,0.000000,0.000000,0.000000
58.209058,2.681916,0.000000,0.000000,0.000000
58.211988,2.681916,0.000000,0.000000,0.000000
58.214536,2.681916,0.000000,0.000000,0.000000
58.217188,2.681916,0.000000,0.000000,0.000000
58.220140,2.681916,0.000000,0.000000,0.000000
58.223050,2.787213,0.000000,0.000000,0.000000
58.225836,2.644557,0.000000,0.000000,0.000000
58.228503,2.974262,0.000000,0.000000,0.000000
58.234228,2.802611,0.000000,0.000000,0.000000
58.237112,3.027189,0.000000,0.000000,0.000000
58.242891,2.795258,0.000000,0.000000,0.000000
58.246443,2.793931,0.000000,0.000000,0.000000
58.249004,2.793931,0.000000,0.000000,0.000000
58.251449,2.793931,0.000000,0.000000,0.000000
58.254059,2.793931,0.000000,0.000000,0.000000
58.256653,2.793931,0.000000,0.000000,0.000000
58.259278,2.793931,0.000000,0.000000,0.000000
58.262268,2.793931,0.000000,0.000000,0.000000
58.265264,2.793931,0.000000,0.000000,0.000000
58.269930,2.793931,0.000000,0.000000,0.000000
58.272438,2.793931,0.000000,0.000000,0.000000
58.275100,2.793931,0.000000,0.000000,0.000000
58.277769,2.793666,0.000000,0.000000,0.000000
58.280362,2.793666,0.000000,0.000000,0.000000
58.283281,2.793666,0.000000,0.000000,0.000000
58.286778,2.793666,0.000000,0.000000,0.000000
58.289393,2.793666,0.000000,0.000000,0.000000
58.292465,2.793666,0.000000,0.000000,0.000000
58.297131,2.793666,0.000000,0.000000,0.000000
58.299779,2.793666,0.000000,0.000000,0.000000
58.303870,2.793666,0.000000,0.000000,0.000000
58.306497,2.793666,0.000000,0.000000,0.000000
58.310300,2.793666,0.000000,0.000000,0.000000
58.312994,2.793666,0.000000,0.000000,0.000000
58.315633,2.793666,0.000000,0.000000,0.000000
58.318259,2.793666,0.000000,0.000000,0.000000
58.320892,2.793666,0.000000,0.000000,0.000000
58.323958,2.793666,0.000000,0.000000,0.000000
58.326543,2.793666,0.000000,0.000000,0.000000
58.330198,2.793666,0.000000,0.000000,0.000000
58.332791,2.793666,0.000000,0.000000,0.000000
58.338450,2.793666,0.000000,0.000000,0.000000
58.341066,2.793666,0.000000,0.000000,0.000000
58.343652,2.793603,0.000000,0.000000,0.000000
58.346814,2.793677,0.000000,0.000000,0.000000
58.350585,2.793999,0.000000,0.000000,0.000000
58.353089,3.024957,0.000000,0.000000,0.000000
58.355767,2.795451,0.000000,0.000000,0.000000
58.360890,2.802623,0.000000,0.000000,0.000000
58.363959,2.993737,0.000000,0.000000,0.000000
58.368509,2.765838,0.000000,0.000000,0.000000
58.372571,2.792080,0.000000,0.000000,0.000000
58.375169,2.793972,0.000000,0.000000,0.000000
58.377874,2.800969,0.000000,0.000000,0.000000
58.380401,2.980519,0.000000,0.000000,0.000000
58.383620,3.169815,0.000000,0.000000,0.000000
58.386568,3.055083,0.000000,0.000000,0.000000
58.389326,3.055083,0.000000,0.000000,0.000000
58.391817,3.055083,0.000000,0.000000,0.000000
58.394477,3.055083,0.000000,0.000000,0.000000
58.397043,3.055083,0.000000,0.000000,0.000000
58.400069,3.055083,0.000000,0.000000,0.000000
58.404906,3.017522,0.000000,0.000000,0.000000
58.407487,2.648575,0.000000,0.000000,0.000000
58.410111,2.787799,0.000000,0.000000,0.000000
58.412639,2.793752,0.000000,0.000000,0.000000
58.415213,2.979846,0.000000,0.000000,0.000000
58.417921,2.832415,0.000000,0.000000,0.000000
58.422188,2.989683,0.000000,0.000000,0.000000
58.424783,2.989683,0.000000,0.000000,0.000000
58.429204,2.832817,0.000000,0.000000,0.000000
58.431763,2.832817,0.000000,0.000000,0.000000
58.439833,2.833498,0.000000,0.000000,0.000000
58.442426,2.803673,0.000000,0.000000,0.000000
58.445033,2.647187,0.000000,0.000000,0.000000
58.450473,2.826994,0.000000,0.000000,0.000000
58.453101,2.840485,0.000000,0.000000,0.000000
58.455809,2.982099,0.000000,0.000000,0.000000
58.458452,2.789962,0.000000,0.000000,0.000000
58.461099,3.022845,0.000000,0.000000,0.000000
58.463794,2.841938,0.000000,0.000000,0.000000
58.466766,2.982306,0.000000,0.000000,0.000000
58.469428,3.017581,0.000000,0.000000,0.000000
58.475056,2.794430,0.000000,0.000000,0.000000
58.478778,2.982337,0.000000,0.000000,0.000000
58.482130,2.992568,0.000000,0.000000,0.000000
58.486411,2.989590,0.000000,0.000000,0.000000
58.489076,2.795629,0.000000,0.000000,0.000000
58.493451,2.793681,0.000000,0.000000,0.000000
58.496088,2.793681,0.000000,0.000000,0.000000
58.498770,2.793681,0.000000,0.000000,0.000000
58.501788,2.793681,0.000000,0.000000,0.000000
58.504275,2.793681,0.000000,0.000000,0.000000
58.508155,2.793681,0.000000,0.000000,0.000000
58.510773,2.793681,0.000000,0.000000,0.000000
58.514774,2.979856,0.000000,0.000000,0.000000
58.517305,3.017091,0.000000,0.000000,0.000000
58.519814,3.017091,0.000000,0.000000,0.000000
58.522462,3.017091,0.000000,0.000000,0.000000
58.525196,3.017091,0.000000,0.000000,0.000000
58.527806,3.017091,0.000000,0.000000,0.000000
58.531033,3.017091,0.000000,0.000000,0.000000
58.533608,3.017091,0.000000,0.000000,0.000000
58.536583,3.017091,0.000000,0.000000,0.000000
58.542354,3.017091,0.000000,0.000000,0.000000
58.545046,3.017091,0.000000,0.000000,0.000000
58.549602,3.017091,0.000000,0.000000,0.000000
58.552955,3.028905,0.000000,0.000000,0.000000
58.557119,2.989172,0.000000,0.000000,0.000000
58.559649,2.839087,0.000000,0.000000,0.000000
58.562175,2.802697,0.000000,0.000000,0.000000
58.566222,2.802697,0.000000,0.000000,0.000000
58.569198,2.797339,0.000000,0.000000,0.000000
58.571810,2.831414,0.000000,0.000000,0.000000
58.574418,3.019017,0.000000,0.000000,0.000000
58.576916,2.951609,0.000000,0.000000,0.000000
58.579551,3.172785,0.000000,0.000000,0.000000
58.583059,2.959839,0.000000,0.000000,0.000000
58.585700,3.015168,0.000000,0.000000,0.000000
58.591207,2.839833,0.000000,0.000000,0.000000
58.593772,2.839833,0.000000,0.000000,0.000000
58.596613,2.839833,0.000000,0.000000,0.000000
58.599179,2.839833,0.000000,0.000000,0.000000
58.601873,2.839833,0.000000,0.000000,0.000000
58.604800,2.839833,0.000000,0.000000,0.000000
58.607468,2.839833,0.000000,0.000000,0.000000
58.614955,2.839833,0.000000,0.000000,0.000000
58.619192,2.839833,0.000000,0.000000,0.000000
58.621788,2.839833,0.000000,0.000000,0.000000
58.624423,2.839833,0.000000,0.000000,0.000000
58.626997,2.839833,0.000000,0.000000,0.000000
58.629552,2.839833,0.000000,0.000000,0.000000
58.632213,2.839833,0.000000,0.000000,0.000000
58.637483,2.839833,0.000000,0.000000,0.000000
58.640207,2.839833,0.000000,0.000000,0.000000
58.646085,2.839833,0.000000,0.000000,0.000000
58.649009,2.839833,0.000000,0.000000,0.000000
58.653154,2.839833,0.000000,0.000000,0.000000
58.655695,2.839833,0.000000,0.000000,0.000000
58.659267,2.835033,0.000000,0.000000,0.000000
58.662465,2.797561,0.000000,0.000000,0.000000
58.665098,2.840749,0.000000,0.000000,0.000000
58.667778,3.021054,0.000000,0.000000,0.000000
58.670858,2.795880,0.000000,0.000000,0.000000
58.675415,2.943614,0.000000,0.000000,0.000000
58.678050,2.839185,0.000000,0.000000,0.000000
58.682540,2.804637,0.000000,0.000000,0.000000
58.685150,2.804637,0.000000,0.000000,0.000000
58.689796,2.804637,0.000000,0.000000,0.000000
58.692824,2.804637,0.000000,0.000000,0.000000
58.696239,2.804637,0.000000,0.000000,0.000000
58.699072,2.804637,0.000000,0.000000,0.000000
58.702257,2.804637,0.000000,0.000000,0.000000
58.704784,2.804637,0.000000,0.000000,0.000000
58.712790,2.804637,0.000000,0.000000,0.000000
58.715802,2.804637,0.000000,0.000000,0.000000
58.719414,2.804637,0.000000,0.000000,0.000000
58.722000,2.804637,0.000000,0.000000,0.000000
58.724528,2.804637,0.000000,0.000000,0.000000
58.727162,2.804637,0.000000,0.000000,0.000000
58.729787,2.804637,0.000000,0.000000,0.000000
58.732786,2.804637,0.000000,0.000000,0.000000
58.737202,2.804637,0.000000,0.000000,0.000000
58.739815,2.804637,0.000000,0.000000,0.000000
58.747099,2.804637,0.000000,0.000000,0.000000
58.750231,2.804637,0.000000,0.000000,0.000000
58.752875,2.804637,0.000000,0.000000,0.000000
58.755445,2.804637,0.000000,0.000000,0.000000
58.758042,2.804637,0.000000,0.000000,0.000000
58.761061,2.804637,0.000000,0.000000,0.000000
58.764465,2.804637,0.000000,0.000000,0.000000
58.768266,2.804637,0.000000,0.000000,0.000000
58.770793,2.804637,0.000000,0.000000,0.000000
58.773848,2.804637,0.000000,0.000000,0.000000
58.776425,2.804637,0.000000,0.000000,0.000000
58.779314,2.798687,0.000000,0.000000,0.000000
58.781906,2.794188,0.000000,0.000000,0.000000
58.784645,3.025042,0.000000,0.000000,0.000000
58.787515,3.020031,0.000000,0.000000,0.000000
58.794628,2.795697,0.000000,0.000000,0.000000
58.797261,2.758718,0.000000,0.000000,0.000000
58.801454,2.616920,0.000000,0.000000,0.000000
58.804527,2.616920,0.000000,0.000000,0.000000
58.808445,2.616920,0.000000,0.000000,0.000000
58.811093,2.616920,0.000000,0.000000,0.000000
58.813701,2.616920,0.000000,0.000000,0.000000
58.816271,2.616920,0.000000,0.000000,0.000000
58.818943,2.616920,0.000000,0.000000,0.000000
58.821495,2.616920,0.000000,0.000000,0.000000
58.824058,2.826325,0.000000,0.000000,0.000000
58.826637,2.826325,0.000000,0.000000,0.000000
58.829177,2.826325,0.000000,0.000000,0.000000
58.835082,2.826325,0.000000,0.000000,0.000000
58.839084,2.826325,0.000000,0.000000,0.000000
58.841691,2.826325,0.000000,0.000000,0.000000
58.844332,2.826325,0.000000,0.000000,0.000000
58.850581,2.826325,0.000000,0.000000,0.000000
58.853520,2.826325,0.000000,0.000000,0.000000
58.856064,2.826325,0.000000,0.000000,0.000000
58.859063,2.826325,0.000000,0.000000,0.000000
58.863206,2.826325,0.000000,0.000000,0.000000
58.865842,2.826325,0.000000,0.000000,0.000000
58.870690,2.826325,0.000000,0.000000,0.000000
58.873296,2.826325,0.000000,0.000000,0.000000
58.877900,2.826325,0.000000,0.000000,0.000000
58.880494,2.826325,0.000000,0.000000,0.000000
58.884206,2.826325,0.000000,0.000000,0.000000
58.886900,2.834493,0.000000,0.000000,0.000000
58.889471,2.982324,0.000000,0.000000,0.000000
58.892224,2.767667,0.000000,0.000000,0.000000
58.894847,2.981266,0.000000,0.000000,0.000000
58.897553,2.804938,0.000000,0.000000,0.000000
58.900119,2.833352,0.000000,0.000000,0.000000
58.902780,2.834774,0.000000,0.000000,0.000000
58.905438,2.982710,0.000000,0.000000,0.000000
58.907932,3.177389,0.000000,0.000000,0.000000
58.911534,2.656022,0.000000,0.000000,0.000000
58.917791,2.872191,0.000000,0.000000,0.000000
58.921126,2.990123,0.000000,0.000000,0.000000
58.923846,2.843457,0.000000,0.000000,0.000000
58.928130,3.062309,0.000000,0.000000,0.000000
58.930780,3.035662,0.000000,0.000000,0.000000
58.935929,3.035662,0.000000,0.000000,0.000000
58.940188,3.035662,0.000000,0.000000,0.000000
58.942783,2.805779,0.000000,0.000000,0.000000
58.945343,2.984356,0.000000,0.000000,0.000000
58.950980,2.831751,0.000000,0.000000,0.000000
58.953560,2.831751,0.000000,0.000000,0.000000
58.956463,2.831751,0.000000,0.000000,0.000000
58.959110,2.831751,0.000000,0.000000,0.000000
58.962226,2.831751,0.000000,0.000000,0.000000
58.964796,2.831751,0.000000,0.000000,0.000000
58.968531,2.831751,0.000000,0.000000,0.000000
58.971336,2.831751,0.000000,0.000000,0.000000
58.974088,2.831751,0.000000,0.000000,0.000000
58.977487,2.831751,0.000000,0.000000,0.000000
58.980112,2.831751,0.000000,0.000000,0.000000
58.982699,2.831751,0.000000,0.000000,0.000000
58.985357,2.831751,0.000000,0.000000,0.000000
58.990369,2.831751,0.000000,0.000000,0.000000
58.995937,2.831751,0.000000,0.000000,0.000000
58.998579,2.831751,0.000000,0.000000,0.000000
59.001158,2.831751,0.000000,0.000000,0.000000
59.003787,2.831751,0.000000,0.000000,0.000000
59.006706,2.831751,0.000000,0.000000,0.000000
59.009377,2.831751,0.000000,0.000000,0.000000
59.011944,2.831751,0.000000,0.000000,0.000000
59.014568,2.989550,0.000000,0.000000,0.000000
59.017191,2.989550,0.000000,0.000000,0.000000
59.020092,2.989550,0.000000,0.000000,0.000000
59.023786,2.989550,0.000000,0.000000,0.000000
59.026788,2.989550,0.000000,0.000000,0.000000
59.029432,3.021110,0.000000,0.000000,0.000000
59.032047,2.841022,0.000000,0.000000,0.000000
59.034673,3.021689,0.000000,0.000000,0.000000
59.037309,3.030190,0.000000,0.000000,0.000000
59.039971,3.029047,0.000000,0.000000,0.000000
59.043159,3.029047,0.000000,0.000000,0.000000
59.045693,3.029047,0.000000,0.000000,0.000000
59.048367,3.029047,0.000000,0.000000,0.000000
59.054358,3.029047,0.000000,0.000000,0.000000
59.059552,3.029047,0.000000,0.000000,0.000000
59.062087,3.029047,0.000000,0.000000,0.000000
59.064939,2.985497,0.000000,0.000000,0.000000
59.068083,2.840860,0.000000,0.000000,0.000000
59.071047,3.177772,0.000000,0.000000,0.000000
59.076200,3.177772,0.000000,0.000000,0.000000
59.078927,3.177772,0.000000,0.000000,0.000000
59.081485,3.177772,0.000000,0.000000,0.000000
59.084106,3.177772,0.000000,0.000000,0.000000
59.086787,3.177772,0.000000,0.000000,0.000000
59.089703,3.177772,0.000000,0.000000,0.000000
59.092954,3.177772,0.000000,0.000000,0.000000
59.095546,3.177772,0.000000,0.000000,0.000000
59.098059,3.177772,0.000000,0.000000,0.000000
59.100803,2.811271,0.000000,0.000000,0.000000
59.103429,2.833441,0.000000,0.000000,0.000000
59.106097,2.804757,0.000000,0.000000,0.000000
59.108790,3.170463,0.000000,0.000000,0.000000
59.111431,3.022676,0.000000,0.000000,0.000000
59.115870,3.170270,0.000000,0.000000,0.000000
59.118456,2.836274,0.000000,0.000000,0.000000
59.124896,2.796973,0.000000,0.000000,0.000000
59.127479,3.028434,0.000000,0.000000,0.000000
59.132565,3.021301,0.000000,0.000000,0.000000
59.135161,2.813719,0.000000,0.000000,0.000000
59.137693,2.835157,0.000000,0.000000,0.000000
59.140296,2.803831,0.000000,0.000000,0.000000
59.142989,2.803831,0.000000,0.000000,0.000000
59.146638,2.983966,0.000000,0.000000,0.000000
59.149250,2.983966,0.000000,0.000000,0.000000
59.151838,2.983966,0.000000,0.000000,0.000000
59.157627,2.983966,0.000000,0.000000,0.000000
59.160218,2.983966,0.000000,0.000000,0.000000
59.164178,2.983966,0.000000,0.000000,0.000000
59.169279,2.983966,0.000000,0.000000,0.000000
59.174594,2.983904,0.000000,0.000000,0.000000
59.185787,2.850086,0.000000,0.000000,0.000000
59.188788,2.850086,0.000000,0.000000,0.000000
59.197072,2.850086,0.000000,0.000000,0.000000
59.199696,2.850086,0.000000,0.000000,0.000000
59.202346,2.850086,0.000000,0.000000,0.000000
59.204890,2.850086,0.000000,0.000000,0.000000
59.207436,2.850086,0.000000,0.000000,0.000000
59.210805,2.850086,0.000000,0.000000,0.000000
59.213455,2.850086,0.000000,0.000000,0.000000
59.216067,2.850086,0.000000,0.000000,0.000000
59.219098,2.807777,0.000000,0.000000,0.000000
59.222203,2.804552,0.000000,0.000000,0.000000
59.224800,3.056854,0.000000,0.000000,0.000000
59.227551,2.842823,0.000000,0.000000,0.000000
59.230334,2.796605,0.000000,0.000000,0.000000
59.233648,2.990901,0.000000,0.000000,0.000000
59.236253,2.992497,0.000000,0.000000,0.000000
59.238821,2.872066,0.000000,0.000000,0.000000
59.243223,2.993818,0.000000,0.000000,0.000000
59.245813,2.991545,0.000000,0.000000,0.000000
59.251236,2.610650,0.000000,0.000000,0.000000
59.253860,2.982188,0.000000,0.000000,0.000000
59.259873,3.022787,0.000000,0.000000,0.000000
59.262538,2.805264,0.000000,0.000000,0.000000
59.265425,2.805264,0.000000,0.000000,0.000000
59.267913,2.805264,0.000000,0.000000,0.000000
59.270573,2.805264,0.000000,0.000000,0.000000
59.273395,2.984253,0.000000,0.000000,0.000000
59.276593,2.991362,0.000000,0.000000,0.000000
59.279154,2.804775,0.000000,0.000000,0.000000
59.281876,2.759965,0.000000,0.000000,0.000000
59.284808,2.849072,0.000000,0.000000,0.000000
59.287385,2.649883,0.000000,0.000000,0.000000
59.290073,2.802479,0.000000,0.000000,0.000000
59.292596,2.982682,0.000000,0.000000,0.000000
59.295533,3.022422,0.000000,0.000000,0.000000
59.298104,3.029985,0.000000,0.000000,0.000000
59.300676,2.850064,0.000000,0.000000,0.000000
59.305830,2.991521,0.000000,0.000000,0.000000
59.308432,2.991521,0.000000,0.000000,0.000000
59.312538,2.991521,0.000000,0.000000,0.000000
59.315049,2.991521,0.000000,0.000000,0.000000
59.317799,2.836064,0.000000,0.000000,0.000000
59.320443,2.833847,0.000000,0.000000,0.000000
59.327686,3.237282,0.000000,0.000000,0.000000
59.330308,2.800529,0.000000,0.000000,0.000000
59.332933,2.945477,0.000000,0.000000,0.000000
59.335505,2.842181,0.000000,0.000000,0.000000
59.338108,2.804785,0.000000,0.000000,0.000000
59.340832,2.870911,0.000000,0.000000,0.000000
59.343508,3.028983,0.000000,0.000000,0.000000
59.346132,2.805362,0.000000,0.000000,0.000000
59.348715,3.170295,0.000000,0.000000,0.000000
59.351276,2.841377,0.000000,0.000000,0.000000
59.356795,3.022743,0.000000,0.000000,0.000000
59.362801,2.842592,0.000000,0.000000,0.000000
59.366915,2.992759,0.000000,0.000000,0.000000
59.370437,2.992759,0.000000,0.000000,0.000000
59.374954,2.992759,0.000000,0.000000,0.000000
59.378081,2.992759,0.000000,0.000000,0.000000
59.381177,2.992759,0.000000,0.000000,0.000000
59.383798,2.992759,0.000000,0.000000,0.000000
59.386407,2.992759,0.000000,0.000000,0.000000
59.389069,2.992759,0.000000,0.000000,0.000000
59.391610,2.992759,0.000000,0.000000,0.000000
59.395189,2.992759,0.000000,0.000000,0.000000
59.398929,2.992759,0.000000,0.000000,0.000000
59.406825,2.992759,0.000000,0.000000,0.000000
59.409467,2.992759,0.000000,0.000000,0.000000
59.412065,2.992759,0.000000,0.000000,0.000000
59.414803,2.992759,0.000000,0.000000,0.000000
59.417278,2.992759,0.000000,0.000000,0.000000
59.420105,2.992759,0.000000,0.000000,0.000000
59.423433,2.992759,0.000000,0.000000,0.000000
59.426140,2.992759,0.000000,0.000000,0.000000
59.430793,2.992759,0.000000,0.000000,0.000000
59.433625,2.992759,0.000000,0.000000,0.000000
59.437799,2.992759,0.000000,0.000000,0.000000
59.440601,2.992759,0.000000,0.000000,0.000000
59.446070,2.992759,0.000000,0.000000,0.000000
59.449082,2.836312,0.000000,0.000000,0.000000
59.451662,2.836312,0.000000,0.000000,0.000000
59.454261,2.836312,0.000000,0.000000,0.000000
59.457624,2.871881,0.000000,0.000000,0.000000
59.463135,2.797071,0.000000,0.000000,0.000000
59.465683,2.797195,0.000000,0.000000,0.000000
59.468446,3.020768,0.000000,0.000000,0.000000
59.471087,3.020768,0.000000,0.000000,0.000000
59.474266,3.020768,0.000000,0.000000,0.000000
59.477144,3.020768,0.000000,0.000000,0.000000
59.479716,3.020768,0.000000,0.000000,0.000000
59.482888,3.020768,0.000000,0.000000,0.000000
59.485455,3.020768,0.000000,0.000000,0.000000
59.488337,3.020768,0.000000,0.000000,0.000000
59.490874,3.020768,0.000000,0.000000,0.000000
59.497577,3.020768,0.000000,0.000000,0.000000
59.502307,3.020768,0.000000,0.000000,0.000000
59.504954,3.020768,0.000000,0.000000,0.000000
59.507802,3.020768,0.000000,0.000000,0.000000
59.510461,3.020768,0.000000,0.000000,0.000000
59.513110,3.020768,0.000000,0.000000,0.000000
59.519421,3.020768,0.000000,0.000000,0.000000
59.522056,3.020768,0.000000,0.000000,0.000000
59.525158,3.020768,0.000000,0.000000,0.000000
59.527798,3.020768,0.000000,0.000000,0.000000
59.530853,3.020768,0.000000,0.000000,0.000000
59.533429,3.020768,0.000000,0.000000,0.000000
59.536879,3.020768,0.000000,0.000000,0.000000
59.546380,2.797841,0.000000,0.000000,0.000000
59.548972,2.797034,0.000000,0.000000,0.000000
59.551544,2.796968,0.000000,0.000000,0.000000
59.554123,2.991139,0.000000,0.000000,0.000000
59.558476,2.806169,0.000000,0.000000,0.000000
59.561041,3.177560,0.000000,0.000000,0.000000
59.568972,2.795318,0.000000,0.000000,0.000000
59.572077,2.797185,0.000000,0.000000,0.000000
59.574540,2.611104,0.000000,0.000000,0.000000
59.577334,2.976236,0.000000,0.000000,0.000000
59.580641,2.976236,0.000000,0.000000,0.000000
59.583199,2.976236,0.000000,0.000000,0.000000
59.585671,2.976236,0.000000,0.000000,0.000000
59.588255,2.976236,0.000000,0.000000,0.000000
59.591369,2.976236,0.000000,0.000000,0.000000
59.594889,2.976236,0.000000,0.000000,0.000000
59.597798,2.976236,0.000000,0.000000,0.000000
59.601557,2.976236,0.000000,0.000000,0.000000
59.604098,2.976236,0.000000,0.000000,0.000000
59.606804,2.976236,0.000000,0.000000,0.000000
59.611625,2.976236,0.000000,0.000000,0.000000
59.620179,2.976236,0.000000,0.000000,0.000000
59.622821,2.976236,0.000000,0.000000,0.000000
59.626808,2.976236,0.000000,0.000000,0.000000
59.629430,2.976236,0.000000,0.000000,0.000000
59.634173,2.976236,0.000000,0.000000,0.000000
59.636843,2.976236,0.000000,0.000000,0.000000
59.639715,2.976236,0.000000,0.000000,0.000000
59.642420,2.976236,0.000000,0.000000,0.000000
59.645157,2.976236,0.000000,0.000000,0.000000
59.647819,2.976236,0.000000,0.000000,0.000000
59.651805,2.976236,0.000000,0.000000,0.000000
59.655093,2.976236,0.000000,0.000000,0.000000
59.657628,2.976236,0.000000,0.000000,0.000000
59.660212,2.976236,0.000000,0.000000,0.000000
59.663226,2.832047,0.000000,0.000000,0.000000
59.668999,2.832047,0.000000,0.000000,0.000000
59.671549,2.832047,0.000000,0.000000,0.000000
59.674089,2.832047,0.000000,0.000000,0.000000
59.676805,2.832047,0.000000,0.000000,0.000000
59.679504,3.177130,0.000000,0.000000,0.000000
59.684453,2.799180,0.000000,0.000000,0.000000
59.687086,2.992593,0.000000,0.000000,0.000000
59.691201,3.022331,0.000000,0.000000,0.000000
59.695890,2.835805,0.000000,0.000000,0.000000
59.699007,2.991448,0.000000,0.000000,0.000000
59.702248,2.843301,0.000000,0.000000,0.000000
59.704800,2.797531,0.000000,0.000000,0.000000
59.707380,2.984077,0.000000,0.000000,0.000000
59.710049,2.834993,0.000000,0.000000,0.000000
59.713401,2.796542,0.000000,0.000000,0.000000
59.716600,2.983675,0.000000,0.000000,0.000000
59.719291,3.177427,0.000000,0.000000,0.000000
59.721855,2.846875,0.000000,0.000000,0.000000
59.724427,2.985667,0.000000,0.000000,0.000000
59.729830,2.842016,0.000000,0.000000,0.000000
59.732467,2.842016,0.000000,0.000000,0.000000
59.735437,2.842016,0.000000,0.000000,0.000000
59.738108,2.842016,0.000000,0.000000,0.000000
59.741049,2.842016,0.000000,0.000000,0.000000
59.745321,2.842016,0.000000,0.000000,0.000000
59.747921,2.842016,0.000000,0.000000,0.000000
59.752170,2.842016,0.000000,0.000000,0.000000
59.755105,2.842016,0.000000,0.000000,0.000000
59.758151,2.985281,0.000000,0.000000,0.000000
59.761081,2.761370,0.000000,0.000000,0.000000
59.763829,2.790034,0.000000,0.000000,0.000000
59.766676,2.805917,0.000000,0.000000,0.000000
59.772373,2.804729,0.000000,0.000000,0.000000
59.775296,3.021452,0.000000,0.000000,0.000000
59.777901,2.991610,0.000000,0.000000,0.000000
59.780697,2.836051,0.000000,0.000000,0.000000
59.783805,2.991450,0.000000,0.000000,0.000000
59.786384,2.991653,0.000000,0.000000,0.000000
59.789228,3.028754,0.000000,0.000000,0.000000
59.791878,3.028754,0.000000,0.000000,0.000000
59.794513,3.028754,0.000000,0.000000,0.000000
59.798076,3.028754,0.000000,0.000000,0.000000
59.800625,3.028754,0.000000,0.000000,0.000000
59.803590,3.028754,0.000000,0.000000,0.000000
59.806093,3.028754,0.000000,0.000000,0.000000
59.810168,3.028754,0.000000,0.000000,0.000000
59.812906,3.028754,0.000000,0.000000,0.000000
59.817079,3.028754,0.000000,0.000000,0.000000
59.819650,3.028754,0.000000,0.000000,0.000000
59.823468,3.028754,0.000000,0.000000,0.000000
59.826061,3.028754,0.000000,0.000000,0.000000
59.828803,3.028754,0.000000,0.000000,0.000000
59.831448,3.028754,0.000000,0.000000,0.000000
59.834367,3.028754,0.000000,0.000000,0.000000
59.837203,3.028754,0.000000,0.000000,0.000000
59.839714,3.028754,0.000000,0.000000,0.000000
59.842562,3.028754,0.000000,0.000000,0.000000
59.845339,3.028754,0.000000,0.000000,0.000000
59.847876,3.028754,0.000000,0.000000,0.000000
59.850712,3.028754,0.000000,0.000000,0.000000
59.853440,3.028754,0.000000,0.000000,0.000000
59.856069,3.028754,0.000000,0.000000,0.000000
59.862507,3.028754,0.000000,0.000000,0.000000
59.865079,3.028754,0.000000,0.000000,0.000000
59.867676,3.028754,0.000000,0.000000,0.000000
59.874804,3.028754,0.000000,0.000000,0.000000
59.879422,3.028754,0.000000,0.000000,0.000000
59.882100,3.028754,0.000000,0.000000,0.000000
59.885801,3.028754,0.000000,0.000000,0.000000
59.888743,3.028754,0.000000,0.000000,0.000000
59.891369,3.028754,0.000000,0.000000,0.000000
59.894329,3.028754,0.000000,0.000000,0.000000
59.897813,3.028754,0.000000,0.000000,0.000000
59.900314,3.028754,0.000000,0.000000,0.000000
59.903179,3.028754,0.000000,0.000000,0.000000
59.905811,3.028754,0.000000,0.000000,0.000000
59.908592,3.028754,0.000000,0.000000,0.000000
59.913283,3.028754,0.000000,0.000000,0.000000
59.916547,3.028754,0.000000,0.000000,0.000000
59.919154,3.028754,0.000000,0.000000,0.000000
59.921810,3.028754,0.000000,0.000000,0.000000
59.924527,3.028754,0.000000,0.000000,0.000000
59.927149,3.028754,0.000000,0.000000,0.000000
59.929800,3.028754,0.000000,0.000000,0.000000
59.934489,3.028754,0.000000,0.000000,0.000000
59.938151,3.028754,0.000000,0.000000,0.000000
59.942694,3.028754,0.000000,0.000000,0.000000
59.945536,3.028754,0.000000,0.000000,0.000000
59.949523,3.028754,0.000000,0.000000,0.000000
59.952087,3.028754,0.000000,0.000000,0.000000
59.954620,3.028754,0.000000,0.000000,0.000000
59.957185,3.028754,0.000000,0.000000,0.000000
59.960171,3.028754,0.000000,0.000000,0.000000
59.962809,3.028754,0.000000,0.000000,0.000000
59.965460,3.028754,0.000000,0.000000,0.000000
59.968058,3.028754,0.000000,0.000000,0.000000
59.970687,3.028754,0.000000,0.000000,0.000000
59.976392,2.843511,0.000000,0.000000,0.000000
59.979096,2.760797,0.000000,0.000000,0.000000
59.982019,3.206416,0.000000,0.000000,0.000000
59.988146,2.992975,0.000000,0.000000,0.000000
59.990721,2.805031,0.000000,0.000000,0.000000
59.993423,2.812565,0.000000,0.000000,0.000000
59.998533,3.173149,0.000000,0.000000,0.000000
60.001310,2.988575,0.000000,0.000000,0.000000
60.005463,2.612902,0.000000,0.000000,0.000000
60.011310,2.769233,0.000000,0.000000,0.000000
60.013829,2.769233,0.000000,0.000000,0.000000
60.016385,2.769233,0.000000,0.000000,0.000000
60.018909,2.769233,0.000000,0.000000,0.000000
60.021439,2.769233,0.000000,0.000000,0.000000
60.024162,2.769233,0.000000,0.000000,0.000000
60.029713,2.769233,0.000000,0.000000,0.000000
60.032728,2.769233,0.000000,0.000000,0.000000
60.038250,2.769233,0.000000,0.000000,0.000000
60.040828,2.769233,0.000000,0.000000,0.000000
60.043688,2.769233,0.000000,0.000000,0.000000
60.046539,2.769233,0.000000,0.000000,0.000000
60.049062,2.769233,0.000000,0.000000,0.000000
60.054446,2.769233,0.000000,0.000000,0.000000
60.057069,2.769233,0.000000,0.000000,0.000000
60.061443,2.769233,0.000000,0.000000,0.000000
60.064727,2.769233,0.000000,0.000000,0.000000
60.071603,2.769233,0.000000,0.000000,0.000000
60.077715,2.769233,0.000000,0.000000,0.000000
60.080325,2.769233,0.000000,0.000000,0.000000
60.083185,2.769233,0.000000,0.000000,0.000000
60.085678,2.769233,0.000000,0.000000,0.000000
60.088248,2.769233,0.000000,0.000000,0.000000
60.091156,2.978087,0.000000,0.000000,0.000000
60.093819,2.803475,0.000000,0.000000,0.000000
60.096471,2.984935,0.000000,0.000000,0.000000
60.099481,2.984935,0.000000,0.000000,0.000000
60.103099,2.834796,0.000000,0.000000,0.000000
60.105634,2.873296,0.000000,0.000000,0.000000
60.108242,2.984289,0.000000,0.000000,0.000000
60.111533,2.841687,0.000000,0.000000,0.000000
60.117606,3.022756,0.000000,0.000000,0.000000
60.120211,2.844176,0.000000,0.000000,0.000000
60.124456,3.030501,0.000000,0.000000,0.000000
60.127105,2.881201,0.000000,0.000000,0.000000
60.131904,2.984405,0.000000,0.000000,0.000000
60.134829,2.798698,0.000000,0.000000,0.000000
60.137377,3.023116,0.000000,0.000000,0.000000
60.141135,2.651035,0.000000,0.000000,0.000000
60.147011,2.992985,0.000000,0.000000,0.000000
60.149576,2.693458,0.000000,0.000000,0.000000
60.152268,2.794970,0.000000,0.000000,0.000000
60.154897,2.648075,0.000000,0.000000,0.000000
60.160820,2.761861,0.000000,0.000000,0.000000
60.166106,3.057842,0.000000,0.000000,0.000000
60.169137,2.620732,0.000000,0.000000,0.000000
60.171820,2.766118,0.000000,0.000000,0.000000
60.174509,3.028187,0.000000,0.000000,0.000000
60.180463,3.028187,0.000000,0.000000,0.000000
60.183852,3.028187,0.000000,0.000000,0.000000
60.191154,3.028187,0.000000,0.000000,0.000000
60.196151,3.028187,0.000000,0.000000,0.000000
60.200187,2.801429,0.000000,0.000000,0.000000
60.203237,2.983714,0.000000,0.000000,0.000000
60.206609,2.844292,0.000000,0.000000,0.000000
60.209132,2.988028,0.000000,0.000000,0.000000
60.211887,2.988028,0.000000,0.000000,0.000000
60.214500,3.015114,0.000000,0.000000,0.000000
60.217435,3.172441,0.000000,0.000000,0.000000
60.222539,2.618299,0.000000,0.000000,0.000000
60.225114,2.989708,0.000000,0.000000,0.000000
60.227823,2.575041,0.000000,0.000000,0.000000
60.230437,2.825610,0.000000,0.000000,0.000000
60.233006,2.842266,0.000000,0.000000,0.000000
60.235537,2.649819,0.000000,0.000000,0.000000
60.238095,3.019797,0.000000,0.000000,0.000000
60.241540,2.806248,0.000000,0.000000,0.000000
60.244175,2.573258,0.000000,0.000000,0.000000
60.246834,2.573258,0.000000,0.000000,0.000000
60.251481,2.573258,0.000000,0.000000,0.000000
60.256194,3.059422,0.000000,0.000000,0.000000
