timestamp,chassis.power_fb.power @ 0x2001C568,chassis.motor_3508[0].fb_current @ 0x2001C1F0,chassis.motor_3508[0].fb_speed @ 0x2001C1E8,chassis.motor_3508[0].give_current @ 0x2001C21C,chassis.power_prediction.model_power[0] @ 0x2001C5B4
1.444401,0.545080,-0.041504,0.000000,0.000000,0.000000
0.000001,0.652843,0.031738,0.000000,0.000000,0.000000
0.005082,0.511133,-0.026855,0.000000,0.000000,0.000000
0.011198,0.649524,-0.034180,0.000000,0.000000,0.000000
0.014455,0.658009,-0.034180,0.000000,0.000000,0.000000
0.020181,0.456198,-0.026855,0.000000,0.000000,0.000000
0.026864,0.797424,0.040283,0.000000,0.000000,0.000000
0.030151,0.547883,0.040283,0.000000,0.000000,0.000000
0.036200,0.687935,-0.100098,0.000000,0.000000,0.000000
0.039488,0.695340,-0.034180,0.000000,0.000000,0.000000
0.043792,0.280078,0.040283,0.000000,0.000000,0.000000
0.049250,0.886985,-0.034180,0.000000,0.000000,0.000000
0.055613,0.688537,-0.034180,0.000000,0.000000,0.000000
0.059171,0.687940,-0.034180,0.000000,0.000000,0.000000
0.067167,0.687996,0.040283,0.000000,0.000000,0.000000
0.071087,0.650848,0.047607,0.000000,0.000000,0.000000
0.076434,0.500990,-0.026855,0.000000,0.000000,0.000000
0.082541,0.656518,-0.034180,0.000000,0.000000,0.000000
0.086373,0.656518,0.040283,0.000000,0.000000,0.000000
0.089688,0.656518,0.047607,0.000000,0.000000,0.000000
0.093343,0.656518,0.040283,0.000000,0.000000,0.000000
0.099785,0.656518,-0.034180,0.000000,0.000000,0.000000
0.105037,0.656518,0.040283,0.000000,0.000000,0.000000
0.112285,0.502504,0.113525,0.000000,0.000000,0.000000
0.117719,0.656821,0.040283,0.000000,0.000000,0.000000
0.122697,0.463998,-0.107422,0.000000,0.000000,0.000000
0.134035,0.695224,-0.034180,0.000000,0.000000,0.000000
0.137377,0.695224,-0.034180,0.000000,0.000000,0.000000
0.140976,0.695224,0.040283,0.000000,0.000000,0.000000
0.144422,0.510245,0.040283,0.000000,0.000000,0.000000
0.147682,0.650906,0.040283,0.000000,0.000000,0.000000
0.153012,0.650906,-0.034180,0.000000,0.000000,0.000000
0.159349,0.510209,-0.026855,0.000000,0.000000,0.000000
0.162794,0.658842,0.113525,0.000000,0.000000,0.000000
0.169481,0.658842,-0.034180,0.000000,0.000000,0.000000
0.173082,0.658842,0.054932,0.000000,0.000000,0.000000
0.176395,0.658842,0.031738,0.000000,0.000000,0.000000
0.183699,0.502648,0.047607,0.000000,0.000000,0.000000
0.189098,0.502648,0.120850,0.000000,0.000000,0.000000
0.193579,0.502648,-0.034180,0.000000,0.000000,0.000000
0.196841,0.502648,0.040283,0.000000,0.000000,0.000000
0.201683,0.502648,-0.026855,0.000000,0.000000,0.000000
0.207367,0.502648,0.031738,0.000000,0.000000,0.000000
0.211696,0.502648,-0.018311,0.000000,0.000000,0.000000
0.215688,0.502648,0.040283,0.000000,0.000000,0.000000
0.219317,0.502648,-0.034180,0.000000,0.000000,0.000000
0.224759,0.502648,-0.026855,0.000000,0.000000,0.000000
0.228348,0.502648,0.040283,0.000000,0.000000,0.000000
0.233354,0.502648,-0.034180,0.000000,0.000000,0.000000
0.236602,0.502648,-0.034180,0.000000,0.000000,0.000000
0.240446,0.502648,0.113525,0.000000,0.000000,0.000000
0.245757,0.502648,0.031738,0.000000,0.000000,0.000000
0.252381,0.506934,0.031738,0.000000,0.000000,0.000000
0.258962,0.651005,0.040283,0.000000,0.000000,0.000000
0.263054,0.510228,-0.034180,0.000000,0.000000,0.000000
0.271390,0.658374,-0.026855,0.000000,0.000000,0.000000
0.274771,0.721577,0.031738,0.000000,0.000000,0.000000
0.278021,0.702573,-0.034180,0.000000,0.000000,0.000000
0.281911,0.621333,-0.041504,0.000000,0.000000,0.000000
0.285844,0.508358,0.040283,0.000000,0.000000,0.000000
0.289154,0.657992,0.047607,0.000000,0.000000,0.000000
0.292430,0.657992,-0.041504,0.000000,0.000000,0.000000
0.297845,0.657992,-0.026855,0.000000,0.000000,0.000000
0.301335,0.657992,0.040283,0.000000,0.000000,0.000000
0.306355,0.657992,0.040283,0.000000,0.000000,0.000000
0.309956,0.657992,-0.092773,0.000000,0.000000,0.000000
0.315847,0.657992,-0.041504,0.000000,0.000000,0.000000
0.321286,0.657992,-0.018311,0.000000,0.000000,0.000000
0.329546,0.502478,-0.034180,0.000000,0.000000,0.000000
0.335055,0.502478,-0.041504,0.000000,0.000000,0.000000
0.338249,0.502478,0.031738,0.000000,0.000000,0.000000
0.341799,0.502478,-0.034180,0.000000,0.000000,0.000000
0.345391,0.502478,0.040283,0.000000,0.000000,0.000000
0.350836,0.502478,-0.034180,0.000000,0.000000,0.000000
0.354832,0.502478,0.040283,0.000000,0.000000,0.000000
0.365291,0.502478,0.040283,0.000000,0.000000,0.000000
0.368743,0.502478,0.031738,0.000000,0.000000,0.000000
0.372943,0.502478,0.113525,0.000000,0.000000,0.000000
0.376150,0.502478,-0.034180,0.000000,0.000000,0.000000
0.379393,0.471696,0.031738,0.000000,0.000000,0.000000
0.384251,0.502471,-0.026855,0.000000,0.000000,0.000000
0.387792,0.864219,-0.034180,0.000000,0.000000,0.000000
0.394034,0.689276,-0.034180,0.000000,0.000000,0.000000
0.398994,0.658013,0.040283,0.000000,0.000000,0.000000
0.404469,0.472631,0.031738,0.000000,0.000000,0.000000
0.407689,0.925015,-0.034180,0.000000,0.000000,0.000000
0.413751,0.652731,0.040283,0.000000,0.000000,0.000000
0.419687,0.767869,-0.041504,0.000000,0.000000,0.000000
0.423163,0.767869,-0.034180,0.000000,0.000000,0.000000
0.426449,0.767869,0.047607,0.000000,0.000000,0.000000
0.431190,0.524454,0.047607,0.000000,0.000000,0.000000
0.439240,0.524454,-0.041504,0.000000,0.000000,0.000000
0.444510,0.524454,-0.034180,0.000000,0.000000,0.000000
0.448184,0.524454,-0.041504,0.000000,0.000000,0.000000
0.451434,0.524454,0.047607,0.000000,0.000000,0.000000
0.454784,0.524454,-0.100098,0.000000,0.000000,0.000000
0.461325,0.524454,0.031738,0.000000,0.000000,0.000000
0.464690,0.524454,0.040283,0.000000,0.000000,0.000000
0.468985,0.524454,-0.107422,0.000000,0.000000,0.000000
0.477434,0.524454,-0.034180,0.000000,0.000000,0.000000
0.480707,0.524454,-0.026855,0.000000,0.000000,0.000000
0.486448,0.524454,-0.034180,0.000000,0.000000,0.000000
0.489717,0.524454,-0.034180,0.000000,0.000000,0.000000
0.495459,0.524454,-0.034180,0.000000,0.000000,0.000000
0.498701,0.524454,0.031738,0.000000,0.000000,0.000000
0.503731,0.524454,-0.041504,0.000000,0.000000,0.000000
0.510762,0.524454,0.040283,0.000000,0.000000,0.000000
0.514699,0.524454,-0.034180,0.000000,0.000000,0.000000
0.518339,0.524454,0.040283,0.000000,0.000000,0.000000
0.523982,0.471182,-0.107422,0.000000,0.000000,0.000000
0.530238,0.463673,0.040283,0.000000,0.000000,0.000000
0.535005,0.463673,0.040283,0.000000,0.000000,0.000000
0.539026,0.463673,-0.026855,0.000000,0.000000,0.000000
0.543332,0.463673,-0.034180,0.000000,0.000000,0.000000
0.547503,0.463673,0.040283,0.000000,0.000000,0.000000
0.553690,0.463673,-0.034180,0.000000,0.000000,0.000000
0.558601,0.463673,0.031738,0.000000,0.000000,0.000000
0.563488,0.463673,-0.034180,0.000000,0.000000,0.000000
0.566839,0.463673,0.113525,0.000000,0.000000,0.000000
0.573073,0.463673,-0.034180,0.000000,0.000000,0.000000
0.586500,0.463673,-0.034180,0.000000,0.000000,0.000000
0.589993,0.463673,-0.041504,0.000000,0.000000,0.000000
0.596204,0.463673,-0.034180,0.000000,0.000000,0.000000
0.602594,0.463673,0.031738,0.000000,0.000000,0.000000
0.609248,0.463673,-0.107422,0.000000,0.000000,0.000000
0.615502,0.463673,-0.034180,0.000000,0.000000,0.000000
0.619924,0.649535,-0.034180,0.000000,0.000000,0.000000
0.626762,0.500787,-0.034180,0.000000,0.000000,0.000000
0.630802,0.500787,0.040283,0.000000,0.000000,0.000000
0.636435,0.656477,-0.034180,0.000000,0.000000,0.000000
0.643239,0.509668,-0.034180,0.000000,0.000000,0.000000
0.646690,0.330477,-0.632324,0.000000,0.000000,0.000000
0.652522,0.330477,0.040283,0.000000,0.000000,0.000000
0.658699,0.330477,-0.034180,0.000000,0.000000,0.000000
0.662114,0.330477,-0.041504,0.000000,0.000000,0.000000
0.672320,0.324481,-0.041504,0.000000,0.000000,0.000000
0.675693,0.643475,0.040283,0.000000,0.000000,0.000000
0.679476,0.650466,0.047607,0.000000,0.000000,0.000000
0.687279,0.724837,-0.034180,0.000000,0.000000,0.000000
0.694349,0.701287,-0.034180,0.000000,0.000000,0.000000
0.697540,0.701287,-0.026855,0.000000,0.000000,0.000000
0.701092,0.697057,0.040283,0.000000,0.000000,0.000000
0.705452,0.695946,0.047607,0.000000,0.000000,0.000000
0.709697,0.656829,0.040283,0.000000,0.000000,0.000000
0.715708,0.732486,-0.034180,0.000000,0.000000,0.000000
0.719544,0.725367,-0.034180,0.000000,0.000000,0.000000
0.723448,0.510108,0.047607,0.000000,0.000000,0.000000
0.728258,0.874164,-0.026855,0.000000,0.000000,0.000000
0.734558,0.688118,-0.048828,0.000000,0.000000,0.000000
0.739875,0.652022,-0.034180,0.000000,0.000000,0.000000
0.743971,0.428310,-0.034180,0.000000,0.000000,0.000000
0.748694,0.517642,0.040283,0.000000,0.000000,0.000000
0.753914,0.880769,0.031738,0.000000,0.000000,0.000000
0.757525,0.511763,0.040283,0.000000,0.000000,0.000000
0.764135,0.612337,-0.034180,0.000000,0.000000,0.000000
0.770825,0.650541,0.047607,0.000000,0.000000,0.000000
0.776443,0.656997,-0.034180,0.000000,0.000000,0.000000
0.779712,0.695573,-0.041504,0.000000,0.000000,0.000000
0.785699,0.428389,-0.100098,0.000000,0.000000,0.000000
0.789030,0.678915,-0.034180,0.000000,0.000000,0.000000
0.793207,0.687684,0.106201,0.000000,0.000000,0.000000
0.796345,0.472810,-0.034180,0.000000,0.000000,0.000000
0.799699,0.686976,0.047607,0.000000,0.000000,0.000000
0.803583,0.508879,-0.041504,0.000000,0.000000,0.000000
0.807339,0.651395,0.040283,0.000000,0.000000,0.000000
0.813505,0.687079,0.040283,0.000000,0.000000,0.000000
0.817725,0.693736,0.047607,0.000000,0.000000,0.000000
0.823158,0.509627,-0.026855,0.000000,0.000000,0.000000
0.827856,0.650881,-0.041504,0.000000,0.000000,0.000000
0.833746,0.501056,0.040283,0.000000,0.000000,0.000000
0.839322,0.501056,-0.034180,0.000000,0.000000,0.000000
0.844560,0.501056,-0.034180,0.000000,0.000000,0.000000
0.851780,0.501056,0.031738,0.000000,0.000000,0.000000
0.856835,0.279658,-0.034180,0.000000,0.000000,0.000000
0.860717,0.279658,-0.041504,0.000000,0.000000,0.000000
0.865954,0.279658,-0.034180,0.000000,0.000000,0.000000
0.872369,0.279658,0.040283,0.000000,0.000000,0.000000
0.878046,0.279658,0.031738,0.000000,0.000000,0.000000
0.881419,0.279658,-0.034180,0.000000,0.000000,0.000000
0.886902,0.279658,-0.107422,0.000000,0.000000,0.000000
0.890145,0.279658,-0.107422,0.000000,0.000000,0.000000
0.894032,0.279658,0.040283,0.000000,0.000000,0.000000
0.897430,0.279658,0.031738,0.000000,0.000000,0.000000
0.905457,0.279658,-0.041504,0.000000,0.000000,0.000000
0.911796,0.279658,0.113525,0.000000,0.000000,0.000000
0.915497,0.279658,-0.034180,0.000000,0.000000,0.000000
0.919126,0.279658,0.040283,0.000000,0.000000,0.000000
0.924984,0.427132,-0.026855,0.000000,0.000000,0.000000
0.930255,0.427132,0.031738,0.000000,0.000000,0.000000
0.933486,0.642226,0.040283,0.000000,0.000000,0.000000
0.943251,0.471623,0.040283,0.000000,0.000000,0.000000
0.949454,0.887548,0.113525,0.000000,0.000000,0.000000
0.953287,0.695727,0.031738,0.000000,0.000000,0.000000
0.957037,0.656832,-0.026855,0.000000,0.000000,0.000000
0.961131,0.657247,-0.107422,0.000000,0.000000,0.000000
0.964694,0.502557,0.040283,0.000000,0.000000,0.000000
0.969015,0.693620,-0.041504,0.000000,0.000000,0.000000
0.983121,0.507029,-0.041504,0.000000,0.000000,0.000000
0.990696,0.471317,0.031738,0.000000,0.000000,0.000000
0.996178,0.686620,0.040283,0.000000,0.000000,0.000000
1.001182,0.686620,-0.026855,0.000000,0.000000,0.000000
1.005905,0.686620,-0.034180,0.000000,0.000000,0.000000
1.009196,0.686620,0.040283,0.000000,0.000000,0.000000
1.014134,0.686620,0.040283,0.000000,0.000000,0.000000
1.019550,0.686620,0.040283,0.000000,0.000000,0.000000
1.032929,0.465417,-0.034180,0.000000,0.000000,0.000000
1.040775,0.649580,-0.026855,0.000000,0.000000,0.000000
1.044043,0.428288,-0.041504,0.000000,0.000000,0.000000
1.048702,0.428288,-0.034180,0.000000,0.000000,0.000000
1.052927,0.456538,0.040283,0.000000,0.000000,0.000000
1.056083,0.462188,0.047607,0.000000,0.000000,0.000000
1.059961,0.694384,0.040283,0.000000,0.000000,0.000000
1.068355,0.480281,0.106201,0.000000,0.000000,0.000000
1.075837,0.686034,-0.034180,0.000000,0.000000,0.000000
1.079059,0.511864,-0.034180,0.000000,0.000000,0.000000
1.084034,0.694626,-0.026855,0.000000,0.000000,0.000000
1.094869,0.479933,0.031738,0.000000,0.000000,0.000000
1.098259,0.501139,-0.041504,0.000000,0.000000,0.000000
1.103444,0.502508,-0.034180,0.000000,0.000000,0.000000
1.113378,0.471615,-0.034180,0.000000,0.000000,0.000000
1.118394,0.509931,0.040283,0.000000,0.000000,0.000000
1.122300,0.434300,0.040283,0.000000,0.000000,0.000000
1.126161,0.500454,0.120850,0.000000,0.000000,0.000000
1.129537,0.502162,0.047607,0.000000,0.000000,0.000000
1.134872,0.657232,-0.034180,0.000000,0.000000,0.000000
1.139702,0.657232,-0.034180,0.000000,0.000000,0.000000
1.144328,0.657232,0.040283,0.000000,0.000000,0.000000
1.147558,0.657232,-0.034180,0.000000,0.000000,0.000000
1.151114,0.657232,0.040283,0.000000,0.000000,0.000000
1.156566,0.657232,-0.041504,0.000000,0.000000,0.000000
1.161383,0.657232,-0.034180,0.000000,0.000000,0.000000
1.164706,0.657232,0.040283,0.000000,0.000000,0.000000
1.168141,0.657232,-0.034180,0.000000,0.000000,0.000000
1.171458,0.657232,-0.107422,0.000000,0.000000,0.000000
1.176745,0.657232,-0.034180,0.000000,0.000000,0.000000
1.182036,0.657232,0.047607,0.000000,0.000000,0.000000
1.187222,0.502326,-0.026855,0.000000,0.000000,0.000000
1.191866,0.502326,-0.034180,0.000000,0.000000,0.000000
1.200754,0.502326,0.040283,0.000000,0.000000,0.000000
1.204336,0.502326,-0.041504,0.000000,0.000000,0.000000
1.208915,0.500998,-0.041504,0.000000,0.000000,0.000000
1.212506,0.871867,-0.034180,0.000000,0.000000,0.000000
1.215711,0.688265,-0.041504,0.000000,0.000000,0.000000
1.219069,0.648636,0.040283,0.000000,0.000000,0.000000
1.231000,0.471155,0.040283,0.000000,0.000000,0.000000
1.237466,0.471155,-0.026855,0.000000,0.000000,0.000000
1.240714,0.471155,-0.107422,0.000000,0.000000,0.000000
1.244527,0.471155,0.040283,0.000000,0.000000,0.000000
1.247707,0.471155,-0.034180,0.000000,0.000000,0.000000
1.254119,0.471155,0.040283,0.000000,0.000000,0.000000
1.259091,0.471155,-0.034180,0.000000,0.000000,0.000000
1.266029,0.471155,-0.041504,0.000000,0.000000,0.000000
1.269713,0.650551,0.047607,0.000000,0.000000,0.000000
1.279828,0.650551,-0.034180,0.000000,0.000000,0.000000
1.282992,0.650551,0.047607,0.000000,0.000000,0.000000
1.291243,0.650551,0.047607,0.000000,0.000000,0.000000
1.301594,0.502408,-0.026855,0.000000,0.000000,0.000000
1.306998,0.695035,-0.034180,0.000000,0.000000,0.000000
1.314285,0.280238,-0.034180,0.000000,0.000000,0.000000
1.322811,0.612038,0.040283,0.000000,0.000000,0.000000
1.328130,0.474033,-0.026855,0.000000,0.000000,0.000000
1.332905,0.879045,-0.034180,0.000000,0.000000,0.000000
1.338100,0.690028,-0.034180,0.000000,0.000000,0.000000
1.345613,0.687780,0.031738,0.000000,0.000000,0.000000
1.349945,0.687780,-0.034180,0.000000,0.000000,0.000000
1.358326,0.687780,0.040283,0.000000,0.000000,0.000000
1.365577,0.687780,0.040283,0.000000,0.000000,0.000000
1.372043,0.694356,0.031738,0.000000,0.000000,0.000000
1.376636,0.694356,0.047607,0.000000,0.000000,0.000000
1.383465,0.694356,0.040283,0.000000,0.000000,0.000000
1.386617,0.694356,0.040283,0.000000,0.000000,0.000000
1.393924,0.694356,-0.034180,0.000000,0.000000,0.000000
1.399827,0.694356,0.040283,0.000000,0.000000,0.000000
1.405492,0.694356,-0.107422,0.000000,0.000000,0.000000
1.408733,0.694356,-0.041504,0.000000,0.000000,0.000000
1.413809,0.694356,0.047607,0.000000,0.000000,0.000000
1.418178,0.694356,0.047607,0.000000,0.000000,0.000000
1.421705,0.694356,-0.034180,0.000000,0.000000,0.000000
1.427004,0.324620,0.113525,0.000000,0.000000,0.000000
1.431373,0.463700,-0.034180,0.000000,0.000000,0.000000
1.434741,0.685793,-0.026855,0.000000,0.000000,0.000000
1.439743,0.465454,0.040283,0.000000,0.000000,0.000000
1.444711,0.687658,-0.034180,0.000000,0.000000,0.000000
1.449433,0.649350,0.040283,0.000000,0.000000,0.000000
1.454714,0.844393,-0.041504,0.000000,0.000000,0.000000
1.461497,0.836451,0.031738,0.000000,0.000000,0.000000
1.465140,0.731230,-0.034180,0.000000,0.000000,0.000000
1.468390,0.695667,0.040283,0.000000,0.000000,0.000000
1.472706,0.658808,0.047607,0.000000,0.000000,0.000000
1.475993,0.465085,0.040283,0.000000,0.000000,0.000000
1.484857,0.539148,0.031738,0.000000,0.000000,0.000000
1.488122,0.539148,-0.034180,0.000000,0.000000,0.000000
1.492369,0.478710,0.113525,0.000000,0.000000,0.000000
1.495598,0.478710,-0.026855,0.000000,0.000000,0.000000
1.503077,0.478710,-0.026855,0.000000,0.000000,0.000000
1.506394,0.478710,-0.041504,0.000000,0.000000,0.000000
1.512184,0.478710,-0.034180,0.000000,0.000000,0.000000
1.517336,0.478710,0.113525,0.000000,0.000000,0.000000
1.521142,0.478710,-0.041504,0.000000,0.000000,0.000000
1.524503,0.478710,0.040283,0.000000,0.000000,0.000000
1.528282,0.478710,0.040283,0.000000,0.000000,0.000000
1.534343,0.478710,-0.034180,0.000000,0.000000,0.000000
1.537585,0.478710,0.031738,0.000000,0.000000,0.000000
1.541280,0.478710,0.040283,0.000000,0.000000,0.000000
1.544540,0.478710,0.040283,0.000000,0.000000,0.000000
1.548325,0.478710,0.047607,0.000000,0.000000,0.000000
1.551943,0.478710,-0.034180,0.000000,0.000000,0.000000
1.555496,0.478710,-0.034180,0.000000,0.000000,0.000000
1.562091,0.686358,-0.034180,0.000000,0.000000,0.000000
1.569541,0.651374,0.040283,0.000000,0.000000,0.000000
1.573257,0.509704,0.040283,0.000000,0.000000,0.000000
1.576508,0.465444,-0.115967,0.000000,0.000000,0.000000
1.582809,0.316751,-0.107422,0.000000,0.000000,0.000000
1.589817,0.619670,0.031738,0.000000,0.000000,0.000000
1.595973,0.619670,0.031738,0.000000,0.000000,0.000000
1.601718,0.619670,0.047607,0.000000,0.000000,0.000000
1.605389,0.619670,0.054932,0.000000,0.000000,0.000000
1.614274,0.619670,-0.026855,0.000000,0.000000,0.000000
1.617517,0.495134,-0.018311,0.000000,0.000000,0.000000
1.628464,0.495134,0.040283,0.000000,0.000000,0.000000
1.632258,0.495134,0.106201,0.000000,0.000000,0.000000
1.637783,0.495134,0.040283,0.000000,0.000000,0.000000
1.643350,0.495134,-0.041504,0.000000,0.000000,0.000000
1.646555,0.495134,0.040283,0.000000,0.000000,0.000000
1.649833,0.495134,-0.034180,0.000000,0.000000,0.000000
1.653211,0.495134,0.047607,0.000000,0.000000,0.000000
1.657550,0.495134,0.031738,0.000000,0.000000,0.000000
1.663713,0.495134,-0.107422,0.000000,0.000000,0.000000
1.667056,0.495134,-0.107422,0.000000,0.000000,0.000000
1.670973,0.495134,0.040283,0.000000,0.000000,0.000000
1.674612,0.495134,-0.034180,0.000000,0.000000,0.000000
1.679918,0.469907,-0.041504,0.000000,0.000000,0.000000
1.686173,0.909606,0.047607,0.000000,0.000000,0.000000
1.694268,0.548890,-0.034180,0.000000,0.000000,0.000000
1.699523,0.464235,0.040283,0.000000,0.000000,0.000000
1.705411,0.688388,-0.041504,0.000000,0.000000,0.000000
1.709802,0.688289,0.040283,0.000000,0.000000,0.000000
1.713593,0.464346,-0.034180,0.000000,0.000000,0.000000
1.719708,0.686428,-0.034180,0.000000,0.000000,0.000000
1.724757,0.658240,-0.034180,0.000000,0.000000,0.000000
1.728714,0.658240,0.047607,0.000000,0.000000,0.000000
1.734711,0.658240,0.040283,0.000000,0.000000,0.000000
1.738732,0.658240,0.031738,0.000000,0.000000,0.000000
1.743027,0.658240,-0.034180,0.000000,0.000000,0.000000
1.746394,0.658240,0.047607,0.000000,0.000000,0.000000
1.750085,0.658240,0.047607,0.000000,0.000000,0.000000
1.759568,0.502528,0.047607,0.000000,0.000000,0.000000
1.768646,0.649908,-0.034180,0.000000,0.000000,0.000000
1.774845,0.686782,0.047607,0.000000,0.000000,0.000000
1.779337,0.693676,-0.026855,0.000000,0.000000,0.000000
1.784549,0.473121,0.120850,0.000000,0.000000,0.000000
1.791773,0.872685,0.047607,0.000000,0.000000,0.000000
1.794986,0.545417,0.285645,0.000000,0.000000,0.000000
1.798133,0.545417,0.040283,0.000000,0.000000,0.000000
1.801777,0.545417,-0.034180,0.000000,0.000000,0.000000
1.806498,0.545417,-0.026855,0.000000,0.000000,0.000000
1.809706,0.545417,-0.034180,0.000000,0.000000,0.000000
1.815068,0.545417,-0.034180,0.000000,0.000000,0.000000
1.821394,0.665883,-0.034180,0.000000,0.000000,0.000000
1.825820,0.360555,0.047607,0.000000,0.000000,0.000000
1.841314,0.442671,-0.034180,0.000000,0.000000,0.000000
1.846715,0.442671,0.040283,0.000000,0.000000,0.000000
1.853660,0.442671,-0.026855,0.000000,0.000000,0.000000
1.857405,0.442671,0.047607,0.000000,0.000000,0.000000
1.864110,0.442671,0.047607,0.000000,0.000000,0.000000
1.869032,0.442671,-0.026855,0.000000,0.000000,0.000000
1.876980,0.442671,0.113525,0.000000,0.000000,0.000000
1.881291,0.442671,-0.034180,0.000000,0.000000,0.000000
1.884718,0.442671,-0.041504,0.000000,0.000000,0.000000
1.887918,0.442671,-0.034180,0.000000,0.000000,0.000000
1.896320,0.442671,0.047607,0.000000,0.000000,0.000000
1.899727,0.442671,0.047607,0.000000,0.000000,0.000000
1.903020,0.442671,0.040283,0.000000,0.000000,0.000000
1.906355,0.442671,-0.026855,0.000000,0.000000,0.000000
1.912109,0.442671,-0.107422,0.000000,0.000000,0.000000
1.918880,0.442671,0.040283,0.000000,0.000000,0.000000
1.923468,0.644854,-0.026855,0.000000,0.000000,0.000000
1.926732,0.501394,-0.041504,0.000000,0.000000,0.000000
1.932865,0.508262,0.040283,0.000000,0.000000,0.000000
1.936965,0.472532,-0.026855,0.000000,0.000000,0.000000
1.940883,0.472532,-0.034180,0.000000,0.000000,0.000000
1.945963,0.472532,0.040283,0.000000,0.000000,0.000000
1.951205,0.472532,-0.632324,0.000000,0.000000,0.000000
1.956815,0.836267,-0.034180,0.000000,0.000000,0.000000
1.960870,0.515915,-0.107422,0.000000,0.000000,0.000000
1.965545,0.649537,-0.115967,0.000000,0.000000,0.000000
1.969493,0.502469,0.040283,0.000000,0.000000,0.000000
1.972992,0.648935,0.040283,0.000000,0.000000,0.000000
1.976462,0.465083,-0.026855,0.000000,0.000000,0.000000
1.980063,0.465406,0.106201,0.000000,0.000000,0.000000
1.983715,0.657944,-0.034180,0.000000,0.000000,0.000000
1.989018,0.465219,-0.107422,0.000000,0.000000,0.000000
1.992432,0.649364,0.031738,0.000000,0.000000,0.000000
1.999028,0.500753,0.031738,0.000000,0.000000,0.000000
2.002385,0.500753,-0.034180,0.000000,0.000000,0.000000
2.007068,0.500753,0.040283,0.000000,0.000000,0.000000
2.011059,0.686425,0.047607,0.000000,0.000000,0.000000
2.018008,0.656532,-0.041504,0.000000,0.000000,0.000000
2.025146,0.643174,-0.026855,0.000000,0.000000,0.000000
2.028592,0.499515,-0.034180,0.000000,0.000000,0.000000
2.035539,0.279597,-0.026855,0.000000,0.000000,0.000000
2.039164,0.464789,-0.617676,0.000000,0.000000,0.000000
2.044708,0.686905,-0.034180,0.000000,0.000000,0.000000
2.048186,0.502378,-0.026855,0.000000,0.000000,0.000000
2.052145,0.695072,0.040283,0.000000,0.000000,0.000000
2.056558,0.872878,0.031738,0.000000,0.000000,0.000000
2.060326,0.503962,-0.034180,0.000000,0.000000,0.000000
2.064034,0.502140,0.031738,0.000000,0.000000,0.000000
2.067342,0.649892,0.047607,0.000000,0.000000,0.000000
2.074067,0.651069,0.120850,0.000000,0.000000,0.000000
2.077417,0.686054,0.047607,0.000000,0.000000,0.000000
2.083843,0.287058,-0.034180,0.000000,0.000000,0.000000
2.091180,0.287058,-0.034180,0.000000,0.000000,0.000000
2.095136,0.287058,0.031738,0.000000,0.000000,0.000000
2.105790,0.287058,-0.034180,0.000000,0.000000,0.000000
2.111146,0.287058,0.047607,0.000000,0.000000,0.000000
2.115408,0.287058,-0.115967,0.000000,0.000000,0.000000
2.119407,0.428292,0.047607,0.000000,0.000000,0.000000
2.123391,0.428292,-0.041504,0.000000,0.000000,0.000000
2.132733,0.428292,-0.034180,0.000000,0.000000,0.000000
2.136574,0.428292,-0.034180,0.000000,0.000000,0.000000
2.139793,0.428292,-0.034180,0.000000,0.000000,0.000000
2.143156,0.428292,-0.477295,0.000000,0.000000,0.000000
2.148203,0.428292,-0.026855,0.000000,0.000000,0.000000
2.152398,0.684716,-0.034180,0.000000,0.000000,0.000000
2.157718,0.658080,0.040283,0.000000,0.000000,0.000000
2.162862,0.509904,-0.041504,0.000000,0.000000,0.000000
2.168125,0.657327,-0.026855,0.000000,0.000000,0.000000
2.171548,0.688265,-0.034180,0.000000,0.000000,0.000000
2.175517,0.693905,-0.034180,0.000000,0.000000,0.000000
2.178893,0.317205,-0.041504,0.000000,0.000000,0.000000
2.185308,0.687912,0.047607,0.000000,0.000000,0.000000
2.188856,0.695388,0.031738,0.000000,0.000000,0.000000
2.192083,0.510184,0.047607,0.000000,0.000000,0.000000
2.202924,0.465399,0.047607,0.000000,0.000000,0.000000
2.206433,0.465399,-0.026855,0.000000,0.000000,0.000000
2.209629,0.465399,-0.041504,0.000000,0.000000,0.000000
2.213493,0.465399,-0.034180,0.000000,0.000000,0.000000
2.218202,0.465399,-0.034180,0.000000,0.000000,0.000000
2.225059,0.465399,-0.026855,0.000000,0.000000,0.000000
2.228371,0.465399,0.031738,0.000000,0.000000,0.000000
2.231821,0.465399,0.040283,0.000000,0.000000,0.000000
2.237802,0.463960,0.040283,0.000000,0.000000,0.000000
2.241326,0.463960,0.040283,0.000000,0.000000,0.000000
2.244653,0.463672,-0.034180,0.000000,0.000000,0.000000
2.250068,0.500689,-0.107422,0.000000,0.000000,0.000000
2.253534,0.612281,-0.041504,0.000000,0.000000,0.000000
2.258442,0.686366,-0.026855,0.000000,0.000000,0.000000
2.261926,0.465446,0.040283,0.000000,0.000000,0.000000
2.266827,0.700512,-0.041504,0.000000,0.000000,0.000000
2.275057,0.509653,-0.034180,0.000000,0.000000,0.000000
2.279254,0.501376,-0.041504,0.000000,0.000000,0.000000
2.283451,0.463658,-0.026855,0.000000,0.000000,0.000000
2.289487,0.465084,-0.034180,0.000000,0.000000,0.000000
2.293431,0.658008,0.040283,0.000000,0.000000,0.000000
2.296581,0.872618,-0.034180,0.000000,0.000000,0.000000
2.300140,0.503973,-0.026855,0.000000,0.000000,0.000000
2.306519,0.462553,0.031738,0.000000,0.000000,0.000000
2.309933,0.834271,0.040283,0.000000,0.000000,0.000000
2.313172,0.537734,-0.115967,0.000000,0.000000,0.000000
2.317353,0.537734,0.113525,0.000000,0.000000,0.000000
2.322370,0.537734,-0.034180,0.000000,0.000000,0.000000
2.326157,0.537734,-0.034180,0.000000,0.000000,0.000000
2.330916,0.537734,-0.041504,0.000000,0.000000,0.000000
2.338795,0.537734,-0.100098,0.000000,0.000000,0.000000
2.345068,0.537734,0.047607,0.000000,0.000000,0.000000
2.351992,0.537734,0.047607,0.000000,0.000000,0.000000
2.358072,0.537734,-0.034180,0.000000,0.000000,0.000000
2.364107,0.478747,0.040283,0.000000,0.000000,0.000000
2.367454,0.478747,-0.034180,0.000000,0.000000,0.000000
2.371510,0.466629,0.031738,0.000000,0.000000,0.000000
2.374900,0.466629,0.031738,0.000000,0.000000,0.000000
2.382456,0.466629,-0.026855,0.000000,0.000000,0.000000
2.386015,0.798185,-0.034180,0.000000,0.000000,0.000000
2.389404,0.503377,-0.107422,0.000000,0.000000,0.000000
2.392726,0.641689,-0.026855,0.000000,0.000000,0.000000
2.396109,0.502113,0.047607,0.000000,0.000000,0.000000
2.401150,0.471329,-0.034180,0.000000,0.000000,0.000000
2.404748,0.686140,-0.034180,0.000000,0.000000,0.000000
2.408367,0.687908,-0.034180,0.000000,0.000000,0.000000
2.411631,0.480230,-0.026855,0.000000,0.000000,0.000000
2.415206,0.686261,-0.034180,0.000000,0.000000,0.000000
2.423719,0.465140,0.040283,0.000000,0.000000,0.000000
2.427420,0.471039,0.040283,0.000000,0.000000,0.000000
2.434210,0.696966,-0.026855,0.000000,0.000000,0.000000
2.437491,0.649893,-0.026855,0.000000,0.000000,0.000000
2.441985,0.687417,0.047607,0.000000,0.000000,0.000000
2.447759,0.613747,-0.034180,0.000000,0.000000,0.000000
2.451555,0.665076,-0.034180,0.000000,0.000000,0.000000
2.456868,0.694187,-0.034180,0.000000,0.000000,0.000000
2.460719,0.510037,0.040283,0.000000,0.000000,0.000000
2.463926,0.510037,0.040283,0.000000,0.000000,0.000000
2.467095,0.510037,-0.026855,0.000000,0.000000,0.000000
2.470320,0.658328,0.040283,0.000000,0.000000,0.000000
2.473498,0.658328,-0.034180,0.000000,0.000000,0.000000
2.476831,0.658328,0.040283,0.000000,0.000000,0.000000
2.480640,0.658328,0.040283,0.000000,0.000000,0.000000
2.484320,0.502546,-0.026855,0.000000,0.000000,0.000000
2.487465,0.471709,-0.034180,0.000000,0.000000,0.000000
2.494636,0.471709,0.047607,0.000000,0.000000,0.000000
2.498134,0.471709,0.040283,0.000000,0.000000,0.000000
2.504065,0.471709,-0.034180,0.000000,0.000000,0.000000
2.512445,0.501108,-0.107422,0.000000,0.000000,0.000000
2.515624,0.695045,0.040283,0.000000,0.000000,0.000000
2.521894,0.502555,-0.034180,0.000000,0.000000,0.000000
2.528809,0.693936,0.047607,0.000000,0.000000,0.000000
2.535557,0.472951,0.031738,0.000000,0.000000,0.000000
2.543723,0.472951,-0.034180,0.000000,0.000000,0.000000
2.547018,0.472951,-0.034180,0.000000,0.000000,0.000000
2.551739,0.472951,0.024414,0.000000,0.000000,0.000000
2.554952,0.472951,-0.034180,0.000000,0.000000,0.000000
2.558113,0.472951,0.031738,0.000000,0.000000,0.000000
2.561390,0.836350,-0.034180,0.000000,0.000000,0.000000
2.567244,0.836350,0.047607,0.000000,0.000000,0.000000
2.571147,0.836350,0.040283,0.000000,0.000000,0.000000
2.576730,0.836350,0.047607,0.000000,0.000000,0.000000
2.580846,0.836350,-0.041504,0.000000,0.000000,0.000000
2.585100,0.836350,-0.034180,0.000000,0.000000,0.000000
2.590019,0.836350,-0.181885,0.000000,0.000000,0.000000
2.595370,0.836350,0.031738,0.000000,0.000000,0.000000
2.601322,0.836350,-0.034180,0.000000,0.000000,0.000000
2.604846,0.836350,-0.026855,0.000000,0.000000,0.000000
2.615471,0.836350,-0.034180,0.000000,0.000000,0.000000
2.619237,0.836350,0.040283,0.000000,0.000000,0.000000
2.624249,0.664430,-0.034180,0.000000,0.000000,0.000000
2.629633,0.658083,0.040283,0.000000,0.000000,0.000000
2.632886,0.465220,-0.034180,0.000000,0.000000,0.000000
2.636037,0.500714,-0.115967,0.000000,0.000000,0.000000
2.642542,0.471435,-0.034180,0.000000,0.000000,0.000000
2.646078,0.501023,-0.034180,0.000000,0.000000,0.000000
2.651054,1.057021,-0.107422,0.000000,0.000000,0.000000
2.654375,0.703972,0.040283,0.000000,0.000000,0.000000
2.660941,0.547049,0.040283,0.000000,0.000000,0.000000
2.666960,0.688002,-0.041504,0.000000,0.000000,0.000000
2.672477,0.688002,0.047607,0.000000,0.000000,0.000000
2.675733,0.688002,0.040283,0.000000,0.000000,0.000000
2.679157,0.688002,0.040283,0.000000,0.000000,0.000000
2.683374,0.688002,-0.034180,0.000000,0.000000,0.000000
2.689960,0.688002,0.040283,0.000000,0.000000,0.000000
2.693769,0.688002,0.031738,0.000000,0.000000,0.000000
2.697036,0.688002,-0.034180,0.000000,0.000000,0.000000
2.702586,0.688002,0.120850,0.000000,0.000000,0.000000
2.707970,0.508480,-0.026855,0.000000,0.000000,0.000000
2.714563,0.508480,-0.041504,0.000000,0.000000,0.000000
2.717733,0.508480,-0.026855,0.000000,0.000000,0.000000
2.721172,0.658016,-0.026855,0.000000,0.000000,0.000000
2.724791,0.502483,-0.026855,0.000000,0.000000,0.000000
2.728805,0.502483,0.040283,0.000000,0.000000,0.000000
2.732127,0.471377,0.040283,0.000000,0.000000,0.000000
2.735451,0.471377,-0.107422,0.000000,0.000000,0.000000
2.739067,0.471377,0.040283,0.000000,0.000000,0.000000
2.743836,0.471377,0.040283,0.000000,0.000000,0.000000
2.747187,0.465475,-0.034180,0.000000,0.000000,0.000000
2.751185,0.509916,0.031738,0.000000,0.000000,0.000000
2.757081,0.500703,-0.107422,0.000000,0.000000,0.000000
2.760473,0.657953,0.047607,0.000000,0.000000,0.000000
2.766743,0.656336,-0.034180,0.000000,0.000000,0.000000
2.773313,0.688110,-0.034180,0.000000,0.000000,0.000000
2.782373,0.363046,-0.026855,0.000000,0.000000,0.000000
2.787231,0.686142,-0.026855,0.000000,0.000000,0.000000
2.796001,0.509662,-0.041504,0.000000,0.000000,0.000000
2.800968,0.509662,0.040283,0.000000,0.000000,0.000000
2.804664,0.509662,0.031738,0.000000,0.000000,0.000000
2.807898,0.472812,-0.034180,0.000000,0.000000,0.000000
2.811826,0.472812,-0.034180,0.000000,0.000000,0.000000
2.815079,0.472812,-0.034180,0.000000,0.000000,0.000000
2.818943,0.472812,-0.026855,0.000000,0.000000,0.000000
2.822208,0.472812,0.040283,0.000000,0.000000,0.000000
2.827207,0.472812,-0.041504,0.000000,0.000000,0.000000
2.833448,0.472812,0.031738,0.000000,0.000000,0.000000
2.839163,0.472812,-0.034180,0.000000,0.000000,0.000000
2.847132,0.472812,0.040283,0.000000,0.000000,0.000000
2.850811,0.472812,-0.034180,0.000000,0.000000,0.000000
2.855951,0.472812,0.040283,0.000000,0.000000,0.000000
2.861453,0.472812,-0.026855,0.000000,0.000000,0.000000
2.864837,0.472812,-0.107422,0.000000,0.000000,0.000000
2.869732,0.472812,-0.107422,0.000000,0.000000,0.000000
2.876171,0.472812,-0.100098,0.000000,0.000000,0.000000
2.879386,0.472812,-0.107422,0.000000,0.000000,0.000000
2.884393,0.687911,-0.026855,0.000000,0.000000,0.000000
2.888015,0.650895,-0.026855,0.000000,0.000000,0.000000
2.892405,0.508523,-0.034180,0.000000,0.000000,0.000000
2.895733,0.509665,-0.018311,0.000000,0.000000,0.000000
2.899057,0.508474,-0.034180,0.000000,0.000000,0.000000
2.903982,0.463365,-0.041504,0.000000,0.000000,0.000000
2.907157,0.648487,0.040283,0.000000,0.000000,0.000000
2.910432,0.502471,0.047607,0.000000,0.000000,0.000000
2.913732,0.693857,0.040283,0.000000,0.000000,0.000000
2.921451,0.693857,-0.034180,0.000000,0.000000,0.000000
2.928773,0.693857,-0.034180,0.000000,0.000000,0.000000
2.934917,0.693857,0.040283,0.000000,0.000000,0.000000
2.941979,0.693857,0.031738,0.000000,0.000000,0.000000
2.945391,0.693857,0.040283,0.000000,0.000000,0.000000
2.948740,0.693857,0.040283,0.000000,0.000000,0.000000
2.953749,0.693857,0.031738,0.000000,0.000000,0.000000
2.958618,0.509651,-0.034180,0.000000,0.000000,0.000000
2.961766,0.509651,0.040283,0.000000,0.000000,0.000000
2.965008,0.509651,-0.026855,0.000000,0.000000,0.000000
2.971119,0.642170,-0.034180,0.000000,0.000000,0.000000
2.977737,0.687966,-0.026855,0.000000,0.000000,0.000000
2.981000,0.695103,-0.034180,0.000000,0.000000,0.000000
2.984311,0.695398,0.040283,0.000000,0.000000,0.000000
2.987478,0.658312,-0.034180,0.000000,0.000000,0.000000
2.995604,0.648872,0.040283,0.000000,0.000000,0.000000
2.998847,0.657940,-0.026855,0.000000,0.000000,0.000000
3.002094,0.843516,0.031738,0.000000,0.000000,0.000000
3.005441,0.478797,-0.034180,0.000000,0.000000,0.000000
3.010633,0.478797,-0.034180,0.000000,0.000000,0.000000
3.015462,0.478797,-0.034180,0.000000,0.000000,0.000000
3.023183,0.686736,-0.026855,0.000000,0.000000,0.000000
3.028773,0.686736,-0.041504,0.000000,0.000000,0.000000
3.033335,0.686736,-0.115967,0.000000,0.000000,0.000000
3.037218,0.686736,0.031738,0.000000,0.000000,0.000000
3.043735,0.686736,0.040283,0.000000,0.000000,0.000000
3.047733,0.686736,0.040283,0.000000,0.000000,0.000000
3.052118,0.686736,0.047607,0.000000,0.000000,0.000000
3.056042,0.693187,0.031738,0.000000,0.000000,0.000000
3.059326,0.693187,0.040283,0.000000,0.000000,0.000000
3.062536,0.693187,0.047607,0.000000,0.000000,0.000000
3.067131,0.693187,0.040283,0.000000,0.000000,0.000000
3.072452,0.693187,-0.034180,0.000000,0.000000,0.000000
3.079100,0.693187,-0.034180,0.000000,0.000000,0.000000
3.083022,0.693187,0.113525,0.000000,0.000000,0.000000
3.086247,0.693187,0.040283,0.000000,0.000000,0.000000
3.093744,0.693187,0.040283,0.000000,0.000000,0.000000
3.100252,0.509517,-0.034180,0.000000,0.000000,0.000000
3.105764,0.658015,0.040283,0.000000,0.000000,0.000000
3.116626,0.687970,-0.034180,0.000000,0.000000,0.000000
3.124760,0.687970,0.040283,0.000000,0.000000,0.000000
3.130389,0.687970,-0.026855,0.000000,0.000000,0.000000
3.136607,0.687970,-0.034180,0.000000,0.000000,0.000000
3.140570,0.508474,-0.034180,0.000000,0.000000,0.000000
3.144522,0.472575,0.031738,0.000000,0.000000,0.000000
3.148472,0.465395,0.031738,0.000000,0.000000,0.000000
3.154968,0.687614,0.040283,0.000000,0.000000,0.000000
3.158746,0.472561,-0.041504,0.000000,0.000000,0.000000
3.163659,0.472561,0.054932,0.000000,0.000000,0.000000
3.166887,0.472561,0.040283,0.000000,0.000000,0.000000
3.171788,0.472561,-0.107422,0.000000,0.000000,0.000000
3.177876,0.472561,-0.034180,0.000000,0.000000,0.000000
3.184575,0.472561,-0.100098,0.000000,0.000000,0.000000
3.191067,0.472561,0.113525,0.000000,0.000000,0.000000
3.195105,0.472561,0.047607,0.000000,0.000000,0.000000
3.201462,0.472561,0.047607,0.000000,0.000000,0.000000
3.206030,0.472561,0.120850,0.000000,0.000000,0.000000
3.211321,0.472561,0.040283,0.000000,0.000000,0.000000
3.214806,0.472561,0.040283,0.000000,0.000000,0.000000
3.218415,0.472561,0.031738,0.000000,0.000000,0.000000
3.221736,0.472561,-0.041504,0.000000,0.000000,0.000000
3.226234,0.472561,0.040283,0.000000,0.000000,0.000000
3.229490,0.472561,0.185547,0.000000,0.000000,0.000000
3.232739,0.464022,-0.034180,0.000000,0.000000,0.000000
3.236021,0.649125,0.047607,0.000000,0.000000,0.000000
3.240263,0.500705,-0.034180,0.000000,0.000000,0.000000
3.243582,0.500705,-0.018311,0.000000,0.000000,0.000000
3.248497,0.500705,-0.034180,0.000000,0.000000,0.000000
3.251777,0.500705,-0.034180,0.000000,0.000000,0.000000
3.255044,0.656461,-0.034180,0.000000,0.000000,0.000000
3.258647,0.656461,-0.107422,0.000000,0.000000,0.000000
3.262017,0.656461,0.047607,0.000000,0.000000,0.000000
3.267007,0.656461,0.047607,0.000000,0.000000,0.000000
3.273925,0.656461,0.047607,0.000000,0.000000,0.000000
3.277104,0.656461,-0.034180,0.000000,0.000000,0.000000
3.282737,0.656461,-0.034180,0.000000,0.000000,0.000000
3.285925,0.656461,0.047607,0.000000,0.000000,0.000000
3.289110,0.656461,-0.034180,0.000000,0.000000,0.000000
3.295043,0.656461,-0.107422,0.000000,0.000000,0.000000
3.302472,0.656461,0.031738,0.000000,0.000000,0.000000
3.306634,0.656461,-0.107422,0.000000,0.000000,0.000000
3.310750,0.656461,-0.041504,0.000000,0.000000,0.000000
3.318112,0.656461,0.040283,0.000000,0.000000,0.000000
3.321871,0.656461,0.040283,0.000000,0.000000,0.000000
3.329620,0.687612,-0.026855,0.000000,0.000000,0.000000
3.332997,0.508402,-0.034180,0.000000,0.000000,0.000000
3.336517,0.658001,-0.034180,0.000000,0.000000,0.000000
3.344374,0.658001,0.047607,0.000000,0.000000,0.000000
3.350821,0.642278,0.040283,0.000000,0.000000,0.000000
3.354386,0.693755,-0.034180,0.000000,0.000000,0.000000
3.360200,0.472516,-0.034180,0.000000,0.000000,0.000000
3.363475,0.656472,-0.034180,0.000000,0.000000,0.000000
3.367061,0.658001,-0.034180,0.000000,0.000000,0.000000
3.372084,0.464253,-0.026855,0.000000,0.000000,0.000000
3.375588,0.473981,0.047607,0.000000,0.000000,0.000000
3.378882,0.500771,0.040283,0.000000,0.000000,0.000000
3.382116,0.619667,-0.034180,0.000000,0.000000,0.000000
3.388866,0.687958,-0.034180,0.000000,0.000000,0.000000
3.392063,0.687958,0.040283,0.000000,0.000000,0.000000
3.396145,0.472879,-0.034180,0.000000,0.000000,0.000000
3.399634,0.649411,0.047607,0.000000,0.000000,0.000000
3.403402,0.657944,0.047607,0.000000,0.000000,0.000000
3.411273,0.613214,-0.034180,0.000000,0.000000,0.000000
3.414916,0.692113,-0.026855,0.000000,0.000000,0.000000
3.418556,0.692113,-0.034180,0.000000,0.000000,0.000000
3.421999,0.509302,-0.034180,0.000000,0.000000,0.000000
3.425180,0.650868,-0.034180,0.000000,0.000000,0.000000
3.433084,0.272592,0.054932,0.000000,0.000000,0.000000
3.436791,0.692498,-0.034180,0.000000,0.000000,0.000000
3.442982,0.470783,-0.107422,0.000000,0.000000,0.000000
3.446354,0.693603,0.040283,0.000000,0.000000,0.000000
3.450129,0.509957,0.031738,0.000000,0.000000,0.000000
3.453329,0.472895,-0.100098,0.000000,0.000000,0.000000
3.457994,0.649127,0.040283,0.000000,0.000000,0.000000
3.463095,0.761847,0.040283,0.000000,0.000000,0.000000
3.466481,0.696412,0.031738,0.000000,0.000000,0.000000
3.470308,0.693919,-0.034180,0.000000,0.000000,0.000000
3.474344,0.465507,-0.041504,0.000000,0.000000,0.000000
3.483782,0.651064,0.120850,0.000000,0.000000,0.000000
3.487035,0.472517,-0.034180,0.000000,0.000000,0.000000
3.490754,0.692652,0.040283,0.000000,0.000000,0.000000
3.493954,0.502520,-0.034180,0.000000,0.000000,0.000000
3.499155,0.471384,0.054932,0.000000,0.000000,0.000000
3.506006,0.650597,-0.034180,0.000000,0.000000,0.000000
3.509996,0.650597,-0.041504,0.000000,0.000000,0.000000
3.514248,0.650597,-0.026855,0.000000,0.000000,0.000000
3.521568,0.650597,0.040283,0.000000,0.000000,0.000000
3.535029,0.650597,0.031738,0.000000,0.000000,0.000000
3.548008,0.650597,-0.026855,0.000000,0.000000,0.000000
3.552386,0.650597,0.040283,0.000000,0.000000,0.000000
3.558542,0.650597,-0.034180,0.000000,0.000000,0.000000
3.564040,0.650597,-0.041504,0.000000,0.000000,0.000000
3.570620,0.650597,0.040283,0.000000,0.000000,0.000000
3.574868,0.686919,0.113525,0.000000,0.000000,0.000000
3.581622,0.509946,-0.107422,0.000000,0.000000,0.000000
3.587476,0.687782,-0.026855,0.000000,0.000000,0.000000
3.599745,0.463674,-0.034180,0.000000,0.000000,0.000000
3.605440,0.619669,-0.026855,0.000000,0.000000,0.000000
3.612178,0.516247,-0.034180,0.000000,0.000000,0.000000
3.615482,0.658045,-0.100098,0.000000,0.000000,0.000000
3.619073,0.502582,0.113525,0.000000,0.000000,0.000000
3.624657,0.842277,0.040283,0.000000,0.000000,0.000000
3.628109,0.842277,-0.026855,0.000000,0.000000,0.000000
3.631402,0.842277,0.040283,0.000000,0.000000,0.000000
3.634749,0.842277,-0.625000,0.000000,0.000000,0.000000
3.639868,0.842277,-0.026855,0.000000,0.000000,0.000000
3.647412,0.842277,0.040283,0.000000,0.000000,0.000000
3.651565,0.539335,-0.034180,0.000000,0.000000,0.000000
3.654865,0.539335,-0.034180,0.000000,0.000000,0.000000
3.660549,0.539335,0.040283,0.000000,0.000000,0.000000
3.663877,0.539335,0.047607,0.000000,0.000000,0.000000
3.667822,0.539335,-0.026855,0.000000,0.000000,0.000000
3.675190,0.539335,-0.034180,0.000000,0.000000,0.000000
3.680782,0.539335,0.040283,0.000000,0.000000,0.000000
3.684530,0.664481,0.031738,0.000000,0.000000,0.000000
3.687772,0.874030,-0.041504,0.000000,0.000000,0.000000
3.697875,0.658067,-0.034180,0.000000,0.000000,0.000000
3.701150,0.508563,0.106201,0.000000,0.000000,0.000000
3.704378,0.693905,-0.034180,0.000000,0.000000,0.000000
3.711401,0.471953,-0.034180,0.000000,0.000000,0.000000
3.716200,0.686195,-0.034180,0.000000,0.000000,0.000000
3.719898,0.686195,-0.107422,0.000000,0.000000,0.000000
3.725816,0.686195,0.040283,0.000000,0.000000,0.000000
3.729329,0.686195,0.047607,0.000000,0.000000,0.000000
3.732484,0.686195,-0.041504,0.000000,0.000000,0.000000
3.739000,0.686195,0.040283,0.000000,0.000000,0.000000
3.742242,0.686195,-0.100098,0.000000,0.000000,0.000000
3.745801,0.686195,0.040283,0.000000,0.000000,0.000000
3.751624,0.508119,-0.034180,0.000000,0.000000,0.000000
3.755178,0.508119,0.040283,0.000000,0.000000,0.000000
3.758465,0.508119,-0.041504,0.000000,0.000000,0.000000
3.762116,0.508119,0.040283,0.000000,0.000000,0.000000
3.765751,0.508119,-0.034180,0.000000,0.000000,0.000000
3.770772,0.508119,0.106201,0.000000,0.000000,0.000000
3.774043,0.508119,0.040283,0.000000,0.000000,0.000000
3.778956,0.508119,-0.026855,0.000000,0.000000,0.000000
3.782134,0.508119,-0.034180,0.000000,0.000000,0.000000
3.786929,0.508119,0.113525,0.000000,0.000000,0.000000
3.791153,0.508119,-0.026855,0.000000,0.000000,0.000000
3.794642,0.508119,-0.034180,0.000000,0.000000,0.000000
3.799884,0.508119,-0.034180,0.000000,0.000000,0.000000
3.804905,0.687909,0.040283,0.000000,0.000000,0.000000
3.811507,0.686439,0.040283,0.000000,0.000000,0.000000
3.815446,0.509383,-0.034180,0.000000,0.000000,0.000000
3.822421,0.308118,-0.034180,0.000000,0.000000,0.000000
3.828274,0.873939,0.031738,0.000000,0.000000,0.000000
3.833645,0.686128,-0.034180,0.000000,0.000000,0.000000
3.840127,0.873123,-0.034180,0.000000,0.000000,0.000000
3.843587,0.538751,0.120850,0.000000,0.000000,0.000000
3.849163,0.508204,-0.034180,0.000000,0.000000,0.000000
3.855271,0.657723,0.047607,0.000000,0.000000,0.000000
3.858450,0.649351,-0.034180,0.000000,0.000000,0.000000
3.863369,0.658424,0.031738,0.000000,0.000000,0.000000
3.866653,0.465159,0.040283,0.000000,0.000000,0.000000
3.870010,0.493283,0.040283,0.000000,0.000000,0.000000
3.873449,0.834540,0.113525,0.000000,0.000000,0.000000
3.878472,0.293062,-0.115967,0.000000,0.000000,0.000000
3.881851,0.293062,0.040283,0.000000,0.000000,0.000000
3.885529,0.293062,-0.034180,0.000000,0.000000,0.000000
3.890643,0.293062,-0.034180,0.000000,0.000000,0.000000
3.894629,0.293062,-0.107422,0.000000,0.000000,0.000000
3.898306,0.293062,0.047607,0.000000,0.000000,0.000000
3.901610,0.293062,-0.034180,0.000000,0.000000,0.000000
3.906503,0.293062,0.047607,0.000000,0.000000,0.000000
3.911586,0.293062,-0.034180,0.000000,0.000000,0.000000
3.917612,0.293062,0.040283,0.000000,0.000000,0.000000
3.921902,0.614932,-0.034180,0.000000,0.000000,0.000000
3.931154,0.473211,-0.034180,0.000000,0.000000,0.000000
3.935815,0.499352,0.040283,0.000000,0.000000,0.000000
3.939682,0.471048,0.047607,0.000000,0.000000,0.000000
3.946111,0.465445,0.040283,0.000000,0.000000,0.000000
3.951335,0.463590,-0.034180,0.000000,0.000000,0.000000
3.955436,0.506621,0.040283,0.000000,0.000000,0.000000
3.960075,0.472195,-0.034180,0.000000,0.000000,0.000000
3.963322,0.501032,-0.041504,0.000000,0.000000,0.000000
3.968202,0.465097,0.031738,0.000000,0.000000,0.000000
3.973477,0.465097,-0.034180,0.000000,0.000000,0.000000
3.976786,0.465097,-0.034180,0.000000,0.000000,0.000000
3.981554,0.465097,0.040283,0.000000,0.000000,0.000000
3.984782,0.465097,0.031738,0.000000,0.000000,0.000000
3.988401,0.465097,-0.026855,0.000000,0.000000,0.000000
3.992292,0.465097,0.040283,0.000000,0.000000,0.000000
3.995501,0.465097,-0.034180,0.000000,0.000000,0.000000
3.999338,0.463899,0.047607,0.000000,0.000000,0.000000
4.004564,0.463899,0.113525,0.000000,0.000000,0.000000
4.007756,0.463899,-0.026855,0.000000,0.000000,0.000000
4.011649,0.463899,-0.041504,0.000000,0.000000,0.000000
4.014817,0.463899,0.040283,0.000000,0.000000,0.000000
4.019610,0.463899,-0.034180,0.000000,0.000000,0.000000
4.024615,0.463899,0.120850,0.000000,0.000000,0.000000
4.027795,0.463899,0.040283,0.000000,0.000000,0.000000
4.033334,0.463899,-0.041504,0.000000,0.000000,0.000000
4.039145,0.463899,-0.034180,0.000000,0.000000,0.000000
4.043856,0.463899,-0.026855,0.000000,0.000000,0.000000
4.047823,0.463899,-0.034180,0.000000,0.000000,0.000000
4.053144,0.463899,0.031738,0.000000,0.000000,0.000000
4.057245,0.463899,-0.041504,0.000000,0.000000,0.000000
4.061513,0.463899,-0.034180,0.000000,0.000000,0.000000
4.064756,0.463899,-0.034180,0.000000,0.000000,0.000000
4.068008,0.463899,0.031738,0.000000,0.000000,0.000000
4.071312,0.463899,0.031738,0.000000,0.000000,0.000000
4.074470,0.463899,0.040283,0.000000,0.000000,0.000000
4.077657,0.278220,0.047607,0.000000,0.000000,0.000000
4.081446,0.278220,-0.034180,0.000000,0.000000,0.000000
4.086280,0.663581,0.040283,0.000000,0.000000,0.000000
4.089752,0.649373,0.047607,0.000000,0.000000,0.000000
4.093643,0.658782,0.040283,0.000000,0.000000,0.000000
4.097145,0.664280,0.040283,0.000000,0.000000,0.000000
4.103107,0.664676,-0.107422,0.000000,0.000000,0.000000
4.108446,0.502085,-0.034180,0.000000,0.000000,0.000000
4.113170,0.686286,-0.041504,0.000000,0.000000,0.000000
4.116328,0.643469,-0.034180,0.000000,0.000000,0.000000
4.120251,0.657813,-0.041504,0.000000,0.000000,0.000000
4.123517,0.457800,-0.107422,0.000000,0.000000,0.000000
4.129753,0.510000,0.040283,0.000000,0.000000,0.000000
4.134480,0.472880,0.040283,0.000000,0.000000,0.000000
4.138432,0.472880,-0.041504,0.000000,0.000000,0.000000
4.147092,0.649535,-0.107422,0.000000,0.000000,0.000000
4.150375,0.502176,-0.048828,0.000000,0.000000,0.000000
4.158772,0.464012,-0.034180,0.000000,0.000000,0.000000
4.163468,0.687896,-0.034180,0.000000,0.000000,0.000000
4.166869,0.650899,0.047607,0.000000,0.000000,0.000000
4.170647,0.650887,0.040283,0.000000,0.000000,0.000000
4.174056,0.650602,-0.041504,0.000000,0.000000,0.000000
4.179373,0.658678,-0.026855,0.000000,0.000000,0.000000
4.184482,0.471443,-0.034180,0.000000,0.000000,0.000000
4.187765,0.693704,-0.107422,0.000000,0.000000,0.000000
4.191062,0.695428,-0.034180,0.000000,0.000000,0.000000
4.194485,0.509961,-0.026855,0.000000,0.000000,0.000000
4.200513,0.658312,0.040283,0.000000,0.000000,0.000000
4.204774,0.502542,-0.041504,0.000000,0.000000,0.000000
4.208386,0.502542,-0.034180,0.000000,0.000000,0.000000
4.213138,0.656829,-0.034180,0.000000,0.000000,0.000000
4.216411,0.656829,0.040283,0.000000,0.000000,0.000000
4.222860,0.656829,0.106201,0.000000,0.000000,0.000000
4.226071,0.656829,0.047607,0.000000,0.000000,0.000000
4.229883,0.656829,0.040283,0.000000,0.000000,0.000000
4.233769,0.656829,-0.041504,0.000000,0.000000,0.000000
4.237069,0.656829,0.113525,0.000000,0.000000,0.000000
4.240754,0.656829,0.047607,0.000000,0.000000,0.000000
4.244402,0.656829,0.040283,0.000000,0.000000,0.000000
4.253933,0.656829,0.040283,0.000000,0.000000,0.000000
4.257922,0.656829,-0.026855,0.000000,0.000000,0.000000
4.263159,0.656829,-0.034180,0.000000,0.000000,0.000000
4.266655,0.656829,-0.034180,0.000000,0.000000,0.000000
4.271767,0.656829,-0.263672,0.000000,0.000000,0.000000
4.277525,0.656829,0.040283,0.000000,0.000000,0.000000
4.283092,0.656829,-0.041504,0.000000,0.000000,0.000000
4.286358,0.656829,0.031738,0.000000,0.000000,0.000000
4.291351,0.656829,0.040283,0.000000,0.000000,0.000000
4.294623,0.502246,0.047607,0.000000,0.000000,0.000000
4.297926,0.502246,-0.041504,0.000000,0.000000,0.000000
4.304793,0.502246,0.040283,0.000000,0.000000,0.000000
4.308784,0.502246,-0.034180,0.000000,0.000000,0.000000
4.312573,0.502246,0.031738,0.000000,0.000000,0.000000
4.316630,0.502246,-0.026855,0.000000,0.000000,0.000000
4.320021,0.502246,-0.034180,0.000000,0.000000,0.000000
4.324279,0.502246,0.031738,0.000000,0.000000,0.000000
4.328041,0.502246,-0.034180,0.000000,0.000000,0.000000
4.333436,0.502246,0.047607,0.000000,0.000000,0.000000
4.340762,0.502246,-0.107422,0.000000,0.000000,0.000000
4.344225,0.502246,-0.041504,0.000000,0.000000,0.000000
4.347582,0.502246,0.040283,0.000000,0.000000,0.000000
4.353928,0.502246,0.113525,0.000000,0.000000,0.000000
4.358912,0.502246,0.031738,0.000000,0.000000,0.000000
4.362161,0.502246,0.040283,0.000000,0.000000,0.000000
4.367795,0.502246,0.047607,0.000000,0.000000,0.000000
4.371357,0.842209,-0.034180,0.000000,0.000000,0.000000
4.375371,0.539322,0.106201,0.000000,0.000000,0.000000
4.380078,0.478744,0.040283,0.000000,0.000000,0.000000
4.383416,0.478744,-0.107422,0.000000,0.000000,0.000000
4.386684,0.837509,-0.034180,0.000000,0.000000,0.000000
4.391209,0.352942,-0.034180,0.000000,0.000000,0.000000
4.395949,0.648142,-0.034180,0.000000,0.000000,0.000000
4.399181,0.509582,0.040283,0.000000,0.000000,0.000000
4.402630,0.538157,0.040283,0.000000,0.000000,0.000000
4.406223,0.463732,0.040283,0.000000,0.000000,0.000000
4.409591,0.656958,0.047607,0.000000,0.000000,0.000000
4.414631,0.463365,-0.034180,0.000000,0.000000,0.000000
4.418932,0.471103,-0.034180,0.000000,0.000000,0.000000
4.423179,0.456258,-0.107422,0.000000,0.000000,0.000000
4.428898,0.650521,-0.034180,0.000000,0.000000,0.000000
4.432110,0.650521,-0.026855,0.000000,0.000000,0.000000
4.437035,0.650521,-0.034180,0.000000,0.000000,0.000000
4.440863,0.650521,0.040283,0.000000,0.000000,0.000000
4.444439,0.500984,0.040283,0.000000,0.000000,0.000000
4.456092,0.500984,0.031738,0.000000,0.000000,0.000000
4.459447,0.500984,0.040283,0.000000,0.000000,0.000000
4.464783,0.500984,-0.034180,0.000000,0.000000,0.000000
4.468662,0.500984,-0.034180,0.000000,0.000000,0.000000
4.473454,0.500984,-0.041504,0.000000,0.000000,0.000000
4.476801,0.500984,-0.322266,0.000000,0.000000,0.000000
4.480270,0.500984,0.047607,0.000000,0.000000,0.000000
4.484899,0.500984,-0.034180,0.000000,0.000000,0.000000
4.488224,0.500984,0.040283,0.000000,0.000000,0.000000
4.491448,0.500984,0.040283,0.000000,0.000000,0.000000
4.495111,0.500984,0.113525,0.000000,0.000000,0.000000
4.498429,0.500984,-0.034180,0.000000,0.000000,0.000000
4.501753,0.500984,-0.034180,0.000000,0.000000,0.000000
4.506557,0.500984,-0.026855,0.000000,0.000000,0.000000
4.509948,0.500984,-0.041504,0.000000,0.000000,0.000000
4.513440,0.500984,-0.026855,0.000000,0.000000,0.000000
4.516817,0.687719,-0.034180,0.000000,0.000000,0.000000
4.520810,0.657839,0.040283,0.000000,0.000000,0.000000
4.524094,0.693902,-0.034180,0.000000,0.000000,0.000000
4.530804,0.695100,-0.034180,0.000000,0.000000,0.000000
4.535533,0.695100,0.040283,0.000000,0.000000,0.000000
4.540152,0.695100,-0.026855,0.000000,0.000000,0.000000
4.546660,0.695100,0.040283,0.000000,0.000000,0.000000
4.551980,0.695100,-0.034180,0.000000,0.000000,0.000000
4.560237,0.695100,0.040283,0.000000,0.000000,0.000000
4.563764,0.695100,0.047607,0.000000,0.000000,0.000000
4.567812,0.695100,-0.034180,0.000000,0.000000,0.000000
4.571919,0.695100,0.040283,0.000000,0.000000,0.000000
4.575151,0.695100,-0.034180,0.000000,0.000000,0.000000
4.578462,0.695100,0.040283,0.000000,0.000000,0.000000
4.581782,0.695100,-0.034180,0.000000,0.000000,0.000000
4.585102,0.695100,-0.034180,0.000000,0.000000,0.000000
4.589928,0.695100,-0.034180,0.000000,0.000000,0.000000
4.593141,0.695100,0.047607,0.000000,0.000000,0.000000
4.596350,0.695100,0.113525,0.000000,0.000000,0.000000
4.599759,0.695100,-0.026855,0.000000,0.000000,0.000000
4.604851,0.695100,0.040283,0.000000,0.000000,0.000000
4.608012,0.695100,-0.034180,0.000000,0.000000,0.000000
4.612839,0.695100,0.040283,0.000000,0.000000,0.000000
4.618478,0.695100,-0.034180,0.000000,0.000000,0.000000
4.622650,0.695100,0.040283,0.000000,0.000000,0.000000
4.626144,0.880780,-0.034180,0.000000,0.000000,0.000000
4.632319,0.732476,-0.034180,0.000000,0.000000,0.000000
4.635462,0.695697,-0.034180,0.000000,0.000000,0.000000
4.639458,0.315258,0.113525,0.000000,0.000000,0.000000
4.643095,0.685891,-0.034180,0.000000,0.000000,0.000000
4.649858,0.695284,-0.026855,0.000000,0.000000,0.000000
4.653569,0.547028,-0.034180,0.000000,0.000000,0.000000
4.660500,0.502577,-0.034180,0.000000,0.000000,0.000000
4.664693,0.650599,0.040283,0.000000,0.000000,0.000000
4.671914,0.650599,-0.034180,0.000000,0.000000,0.000000
4.677039,0.650599,-0.018311,0.000000,0.000000,0.000000
4.681819,0.650599,-0.026855,0.000000,0.000000,0.000000
4.685129,0.650599,0.047607,0.000000,0.000000,0.000000
4.691209,0.315560,-0.034180,0.000000,0.000000,0.000000
4.694831,0.315560,0.040283,0.000000,0.000000,0.000000
4.698030,0.315560,0.040283,0.000000,0.000000,0.000000
4.703494,0.315560,-0.034180,0.000000,0.000000,0.000000
4.706813,0.315560,-0.026855,0.000000,0.000000,0.000000
4.710555,0.315560,-0.026855,0.000000,0.000000,0.000000
4.715473,0.315560,0.040283,0.000000,0.000000,0.000000
4.719529,0.315560,0.040283,0.000000,0.000000,0.000000
4.724541,0.315560,-0.034180,0.000000,0.000000,0.000000
4.728052,0.315560,-0.034180,0.000000,0.000000,0.000000
4.731421,0.315560,-0.041504,0.000000,0.000000,0.000000
4.736866,0.315560,-0.041504,0.000000,0.000000,0.000000
4.740436,0.315560,0.040283,0.000000,0.000000,0.000000
4.743769,0.315560,0.040283,0.000000,0.000000,0.000000
4.747764,0.315560,0.113525,0.000000,0.000000,0.000000
4.751241,0.315560,-0.034180,0.000000,0.000000,0.000000
4.754509,0.315560,-0.272217,0.000000,0.000000,0.000000
4.760433,0.457678,-0.107422,0.000000,0.000000,0.000000
4.764222,0.508077,-0.034180,0.000000,0.000000,0.000000
4.767472,0.694381,0.040283,0.000000,0.000000,0.000000
4.770978,0.464033,-0.034180,0.000000,0.000000,0.000000
4.774902,0.472818,0.031738,0.000000,0.000000,0.000000
4.780203,0.687611,-0.107422,0.000000,0.000000,0.000000
4.783461,0.323122,-0.034180,0.000000,0.000000,0.000000
4.789347,0.323122,0.031738,0.000000,0.000000,0.000000
4.794770,0.435184,0.031738,0.000000,0.000000,0.000000
4.798286,0.435184,-0.026855,0.000000,0.000000,0.000000
4.802197,0.435184,0.040283,0.000000,0.000000,0.000000
4.807545,0.643357,-0.034180,0.000000,0.000000,0.000000
4.811949,0.472795,0.040283,0.000000,0.000000,0.000000
4.815179,0.650879,0.040283,0.000000,0.000000,0.000000
4.819875,0.650879,0.040283,0.000000,0.000000,0.000000
4.823943,0.650879,-0.034180,0.000000,0.000000,0.000000
4.827254,0.836618,-0.100098,0.000000,0.000000,0.000000
4.831007,0.649637,-0.034180,0.000000,0.000000,0.000000
4.836332,0.658065,0.040283,0.000000,0.000000,0.000000
4.841908,0.285844,-0.034180,0.000000,0.000000,0.000000
4.845172,0.506684,0.040283,0.000000,0.000000,0.000000
4.849558,0.649385,-0.034180,0.000000,0.000000,0.000000
4.855148,0.315317,-0.026855,0.000000,0.000000,0.000000
4.859087,0.315317,0.040283,0.000000,0.000000,0.000000
4.865468,0.315317,-0.034180,0.000000,0.000000,0.000000
4.870423,0.656284,0.040283,0.000000,0.000000,0.000000
4.873817,0.465396,-0.026855,0.000000,0.000000,0.000000
4.877691,0.650479,0.040283,0.000000,0.000000,0.000000
4.884034,0.308228,0.106201,0.000000,0.000000,0.000000
4.887251,0.247246,-0.034180,0.000000,0.000000,0.000000
4.890601,0.677954,0.040283,0.000000,0.000000,0.000000
4.893820,0.472238,-0.026855,0.000000,0.000000,0.000000
4.899793,0.723769,-0.034180,0.000000,0.000000,0.000000
4.903438,0.873662,0.047607,0.000000,0.000000,0.000000
4.907087,0.480959,0.040283,0.000000,0.000000,0.000000
4.910458,0.478530,-0.041504,0.000000,0.000000,0.000000
4.913811,0.693684,0.040283,0.000000,0.000000,0.000000
4.919152,0.879704,0.047607,0.000000,0.000000,0.000000
4.922510,0.547663,0.047607,0.000000,0.000000,0.000000
4.926800,0.315395,0.040283,0.000000,0.000000,0.000000
4.933574,0.471354,-0.034180,0.000000,0.000000,0.000000
4.939808,0.501154,-0.107422,0.000000,0.000000,0.000000
4.943245,0.686188,-0.034180,0.000000,0.000000,0.000000
4.946905,0.317042,0.040283,0.000000,0.000000,0.000000
4.950540,0.466658,-0.026855,0.000000,0.000000,0.000000
4.955899,0.657239,0.031738,0.000000,0.000000,0.000000
4.959407,0.730946,-0.034180,0.000000,0.000000,0.000000
4.967165,0.692076,-0.107422,0.000000,0.000000,0.000000
4.970853,0.692076,-0.034180,0.000000,0.000000,0.000000
4.975825,0.692076,0.040283,0.000000,0.000000,0.000000
4.980113,0.692076,0.031738,0.000000,-2.757954,1.828869
4.983818,0.692076,-0.034180,0.000000,-0.837498,0.664401
4.989679,0.692076,-0.506592,-0.049078,-1.153161,0.779659
4.993186,0.650868,-0.815430,-0.092702,-1.307901,0.860988
4.998265,0.650615,-1.052246,-0.114515,-1.402357,0.879802
5.002530,0.732896,-1.228027,-0.174499,-1.580225,1.038959
5.007767,0.887618,-1.398926,-0.267201,-1.633392,1.116499
5.012935,0.919319,-1.530762,-0.278107,-1.746997,1.063745
5.017079,0.964270,-1.757812,-0.278107,-1.791139,1.095758
5.020649,1.114208,-1.749268,-0.289013,-1.752171,1.186737
5.024180,1.195698,-1.677246,-0.365356,-1.765378,1.235919
5.027440,1.122206,-2.181396,-0.490777,-1.541614,1.159869
5.032435,1.380524,-1.646729,-0.550761,-1.359090,1.049095
5.035770,1.018432,-1.452637,-0.507137,-1.438389,1.081338
5.041925,1.018432,-1.431885,-0.392622,-1.400908,1.015939
5.047511,1.018432,-1.319580,-0.392622,-1.232829,0.938080
5.053677,1.158743,-1.179199,-0.583480,-0.795289,0.884586
5.059337,0.787630,-0.871582,-0.747072,-0.727244,0.792536
5.062867,0.659050,-0.861816,-0.594386,-0.720059,0.712605
5.069777,0.703838,-0.666504,-0.447153,-0.558765,0.662324
5.073407,0.658399,-0.449219,-0.550761,-0.338324,0.609389
5.077632,0.688000,-0.400391,-0.823415,-0.032865,0.553020
5.081947,0.688000,-0.162354,-0.757978,0.039974,0.537228
5.085107,0.688000,-0.163574,-0.621651,0.138003,0.523409
5.088501,0.688000,-0.065918,-0.561667,0.261186,0.516120
5.091769,0.508480,0.120850,-0.583480,0.688770,0.508242
5.096526,0.391219,0.197754,-0.550761,0.575846,0.516562
5.099773,0.449124,0.312500,-0.447153,0.619240,0.546274
5.103366,0.316705,0.369873,-0.278107,0.799966,0.561810
5.107791,0.278113,0.275879,-0.059984,0.731027,0.618872
5.111257,0.462116,0.279541,0.076343,0.498689,0.595930
5.116193,0.465467,-0.419922,0.212670,0.335776,0.579581
5.122122,0.466567,0.279541,0.305373,0.123018,0.552740
5.125417,0.471361,0.200195,0.348997,0.118743,0.568939
5.129429,0.463548,0.205078,0.327185,-0.019071,0.539280
5.132772,0.545193,0.064697,0.190858,0.056568,0.543270
5.138092,0.509496,0.068359,0.158139,-0.103352,0.537413
5.142328,0.658015,0.069580,0.109062,-0.134435,0.538980
5.146145,0.462499,-0.018311,0.032718,-0.112077,0.541414
5.151366,0.492113,-0.070801,-0.038172,0.020474,0.541787
5.154795,0.693610,-0.020752,-0.092702,0.004626,0.539927
5.160526,0.471789,0.021973,-0.070890,-0.001800,0.539680
5.163842,0.686002,0.023193,-0.059984,0.005236,0.539560
5.167096,0.873347,0.023193,0.021812,0.043770,0.540176
5.173520,0.510022,0.021973,0.043625,0.060539,0.540492
5.177768,0.695679,0.109863,0.032718,0.059314,0.540883
5.182085,0.658792,0.118408,0.021812,-0.022103,0.540932
5.186900,0.472579,0.061035,-0.027265,0.081359,0.540269
5.193396,0.871669,0.068359,0.000000,0.096862,0.540783
5.198210,0.871669,0.068359,0.000000,0.104732,0.541459
5.201420,0.871669,0.166016,0.000000,0.114900,0.541708
5.207046,0.871669,0.102539,0.000000,0.121679,0.541972
5.210445,0.871669,0.068359,0.000000,0.125069,0.542251
5.213783,0.871669,0.068359,0.000000,0.131848,0.542547
5.217086,0.472992,0.158691,0.000000,0.121552,0.542104
5.223509,0.804827,0.158691,0.000000,0.192872,0.545905
5.228232,0.687520,0.197754,0.000000,0.209096,0.547011
5.231525,0.688015,0.069580,0.000000,0.219254,0.548205
5.237199,0.539628,0.236816,0.010906,0.238750,0.549936
5.242211,0.539628,0.196533,0.010906,0.228186,0.550954
5.246677,0.539628,0.175781,0.087249,0.163704,0.548870
5.252061,0.539628,0.133057,0.136327,-0.002167,0.539718
5.256197,0.539628,0.090332,0.223576,-0.046890,0.537721
5.259784,0.539628,-0.002441,0.376263,-0.272970,0.529944
5.266393,0.539628,-0.255127,0.408981,-0.403201,0.526041
5.269821,0.539628,-0.241699,0.419887,-0.672113,0.539141
5.276428,0.539628,-0.296631,0.283560,-0.648430,0.565357
5.282174,0.539628,-0.362549,0.032718,-0.551552,0.623377
5.287874,0.478806,-0.516357,-0.081796,-0.594947,0.612246
5.293813,0.478806,-0.427246,-0.185405,-0.416014,0.574132
5.300512,0.478806,-0.534668,-0.239936,-0.313561,0.600063
5.305517,0.478806,-0.522461,-0.130874,-0.415815,0.571846
5.311950,0.478806,-0.570068,0.054531,-0.422904,0.562796
5.315121,0.478806,-0.480957,0.054531,-0.403273,0.560973
5.318493,0.478806,-0.479736,0.021812,-0.396729,0.563347
5.322794,0.478806,-0.390625,-0.027265,-0.358558,0.564515
5.326615,0.478806,-0.480957,-0.049078,-0.352014,0.565094
5.330791,0.478806,-0.390625,-0.027265,-0.362920,0.564491
5.334323,0.478806,-0.390625,-0.038172,-0.330202,0.561355
5.337519,0.478806,-0.300293,-0.049078,-0.313842,0.560301
5.341081,0.881137,-0.343018,-0.049078,-0.293121,0.559149
5.347428,0.473265,-0.344238,-0.016359,-0.327475,0.557777
5.351176,0.649055,-0.389404,0.032718,-0.326930,0.554960
5.355358,0.656037,-0.252686,0.032718,-0.346561,0.556328
5.361169,0.309632,-0.212402,0.032718,-0.337836,0.558490
5.366905,0.463911,-0.300293,-0.027265,-0.335655,0.560119
5.371100,0.465029,-0.351562,-0.016359,-0.317659,0.559071
5.378867,0.465029,-0.340576,-0.016359,-0.343834,0.559639
5.384264,0.463566,-0.209961,0.000000,-0.332383,0.558326
5.390797,0.463566,-0.251465,0.000000,-0.332383,0.558326
5.394793,0.463566,-0.350342,0.000000,-0.332383,0.558326
5.398461,0.463566,-0.301514,0.000000,-0.332383,0.558326
5.404148,0.463566,-0.440674,0.000000,-0.332383,0.558326
5.408227,0.463566,-0.301514,0.000000,-0.332383,0.558326
5.411520,0.463566,-0.390625,0.000000,-0.332383,0.558326
5.416946,0.463566,-0.340576,0.000000,-0.332383,0.558326
5.420307,0.463566,-0.340576,0.000000,-0.332383,0.558326
5.426021,0.463566,-0.301514,0.000000,-0.332383,0.558326
5.430892,0.463566,-0.301514,0.000000,-0.332383,0.558326
5.434113,0.463566,-0.251465,0.000000,-0.332383,0.558326
5.438112,0.649033,-0.301514,0.000000,-0.332383,0.558326
5.441458,0.649033,-0.479736,0.000000,-0.332383,0.558326
5.449045,0.649033,-0.390625,0.000000,-0.332383,0.558326
5.452364,0.649033,-0.390625,0.000000,-0.332383,0.558326
5.457860,0.689456,-0.251465,0.000000,-0.332383,0.558326
5.462653,0.508768,-0.340576,0.000000,-0.332383,0.558326
5.465967,0.650596,-0.340576,0.000000,-0.332383,0.558326
5.471163,0.510294,-0.301514,0.000000,-0.332383,0.558326
5.474590,0.679174,-0.301514,0.000000,-0.332383,0.558326
5.481433,0.685003,-0.390625,0.000000,-0.332383,0.558326
5.484787,0.687886,-0.390625,0.000000,-0.332383,0.558326
5.489310,0.880847,-0.390625,0.000000,-0.332383,0.558326
5.494138,0.315544,-0.340576,0.000000,-0.332383,0.558326
5.497866,0.692826,-0.251465,0.000000,-0.332383,0.558326
5.501216,0.465434,-0.301514,0.000000,-0.332383,0.558326
5.504783,0.464287,-0.440674,0.000000,-0.332383,0.558326
5.509159,0.464287,-0.390625,0.000000,-0.332383,0.558326
5.513918,0.464287,-0.390625,0.000000,-0.332383,0.558326
5.517138,0.464287,-0.390625,0.000000,-0.332383,0.558326
5.520619,0.464287,-0.301514,0.000000,-0.332383,0.558326
5.523937,0.464287,-0.340576,0.000000,-0.361161,0.556678
5.531038,0.464287,-0.614014,0.000000,-0.371521,0.562563
5.536665,0.464287,-0.390625,0.000000,-0.357960,0.583344
5.542035,0.611979,-0.340576,0.000000,-0.495190,0.580273
5.554805,0.462421,-0.430908,0.000000,-0.736192,0.631465
5.560291,0.463364,-0.565186,-0.016359,-0.737694,0.634965
5.572349,0.463364,-0.612793,-0.016359,-0.766814,0.681091
5.576470,0.463364,-0.749512,-0.038172,-0.885675,0.678812
5.583140,0.463364,-0.928955,-0.027265,-0.907095,0.683142
5.586416,0.501081,-0.974121,-0.049078,-0.989490,0.694426
5.592781,0.725025,-0.933838,-0.059984,-1.016920,0.730695
5.598437,0.696891,-1.024170,-0.070890,-1.071017,0.752406
5.602782,0.695422,-1.024170,-0.103609,-1.086614,0.768953
5.607059,0.695422,-1.054688,-0.174499,-1.054388,0.775910
5.613840,0.695422,-0.876465,-0.229029,-0.976902,0.770203
5.619291,0.695422,-0.942383,-0.229029,-0.993045,0.773613
5.622552,0.695422,-1.010742,-0.207217,-0.990938,0.759550
5.627087,0.695422,-0.988770,-0.174499,-0.938712,0.731610
5.631482,0.695422,-0.930176,-0.174499,-0.887060,0.726031
5.634787,0.695404,-0.878906,-0.239936,-0.813886,0.666743
5.639436,0.695404,-0.781250,-0.267201,-0.747306,0.690334
5.642806,0.695404,-0.705566,-0.239936,-0.724391,0.674030
5.646247,0.695404,-0.745850,-0.278107,-0.594572,0.643003
5.651525,0.695404,-0.593262,-0.267201,-0.553056,0.623473
5.664281,0.695404,-0.422363,-0.185405,-0.453911,0.587309
5.676516,0.695404,-0.490723,-0.174499,-0.453353,0.595180
5.680213,0.695404,-0.539551,-0.059984,-0.517652,0.593195
5.686520,0.695404,-0.539551,-0.049078,-0.534544,0.594840
5.689788,0.694921,-0.485840,-0.059984,-0.555775,0.597000
5.696239,0.658810,-0.482178,-0.092702,-0.496846,0.600805
5.701074,0.428354,-0.513916,-0.207217,-0.468478,0.599583
5.704346,0.455907,-0.343018,-0.196311,-0.439540,0.601626
5.709913,0.613772,-0.500488,-0.174499,-0.428610,0.590364
5.714375,0.463840,-0.578613,-0.027265,-0.538181,0.593756
5.718490,0.695529,-0.577393,-0.016359,-0.553426,0.590261
5.723459,0.508797,-0.578613,0.000000,-0.673879,0.602767
5.732629,0.472959,-0.733643,0.010906,-0.741473,0.628609
5.737074,0.472959,-0.656738,0.010906,-0.778530,0.640140
5.742273,0.472959,-0.655518,0.010906,-0.792282,0.699983
5.746919,0.472959,-0.733643,-0.038172,-0.819696,0.716068
5.752642,0.472959,-0.656738,-0.049078,-0.881321,0.684962
5.758064,0.472959,-0.888672,-0.049078,-0.918378,0.694240
5.761857,0.472959,-0.968018,-0.049078,-0.964693,0.706880
5.768049,0.472959,-0.977783,-0.038172,-1.008827,0.716940
5.772790,0.472959,-0.977783,-0.049078,-0.980701,0.775334
5.776462,0.472959,-0.979004,-0.092702,-1.035609,0.746298
5.780257,0.472959,-0.997314,-0.163592,-0.930181,0.800782
5.790152,0.472959,-0.960693,-0.196311,-1.034640,0.754255
5.798432,0.472959,-0.950928,-0.114515,-1.015501,0.746373
5.804573,0.650912,-0.979004,-0.185405,-0.891664,0.746955
5.810792,0.545268,-0.860596,-0.289013,-0.813883,0.719730
5.818990,0.502544,-0.872803,-0.256295,-0.754597,0.686745
5.823127,0.545505,-0.750732,-0.256295,-0.730407,0.679053
5.826354,0.508742,-0.697021,-0.310826,-0.611136,0.652929
5.829668,0.465143,-0.706787,-0.414434,-0.442788,0.625885
5.833208,0.871630,-0.507812,-0.518043,-0.278003,0.579744
5.836371,0.733418,-0.426025,-0.528949,-0.185806,0.573447
5.839704,0.509678,-0.405273,-0.392622,-0.061177,0.546516
5.843542,0.509644,-0.368652,-0.239936,-0.187754,0.566778
5.846870,0.656826,-0.366211,-0.141780,-0.180641,0.551941
5.852518,0.472494,-0.410156,-0.081796,-0.225078,0.553011
5.856234,0.723402,-0.270996,0.010906,-0.122914,0.541815
5.860084,0.472898,-0.274658,0.076343,-0.202865,0.542067
5.865290,0.694735,-0.270996,0.076343,-0.254520,0.548776
5.868655,0.694735,-0.140381,0.032718,-0.220833,0.550366
5.874431,0.694735,-0.187988,-0.049078,-0.189205,0.548092
5.879429,0.694735,-0.228271,-0.049078,-0.204474,0.547954
5.883084,0.694735,-0.228271,-0.016359,-0.182662,0.546031
5.892830,0.694735,-0.228271,0.021812,-0.194658,0.546033
5.896426,0.694735,-0.228271,0.000000,-0.182966,0.553617
5.900810,0.694735,-0.277100,0.000000,-0.346186,0.548312
5.906471,0.694735,-0.277100,-0.016359,-0.310878,0.549932
5.910460,0.694735,-0.186768,-0.016359,-0.453524,0.576385
5.913811,0.694735,-0.408936,-0.016359,-0.512954,0.584199
5.917073,0.694735,-0.234375,-0.016359,-0.627572,0.569003
5.920434,0.694735,-0.408936,-0.038172,-0.483685,0.582673
5.923798,0.694735,-0.455322,-0.038172,-0.638884,0.615107
5.929253,0.694735,-0.725098,-0.049078,-0.744828,0.633012
5.932470,0.694735,-0.727539,-0.049078,-0.909289,0.691309
5.935599,0.694735,-0.681152,-0.059984,-0.864278,0.654653
5.938992,0.694735,-0.859375,-0.059984,-0.939841,0.703935
5.943886,0.695373,-0.819092,-0.081796,-1.010106,0.722977
5.948812,0.685735,-0.876465,-0.103609,-1.030983,0.747495
5.952143,0.695013,-0.783691,-0.174499,-1.016025,0.760715
5.956165,0.465451,-0.832520,-0.278107,-0.948172,0.760904
5.959463,0.649410,-0.686035,-0.539855,-0.684709,0.717359
5.965793,0.649410,-0.837402,-0.583480,-0.651756,0.707241
5.969223,0.649410,-0.758057,-0.365356,-0.725683,0.702786
5.972598,0.649410,-0.881348,-0.141780,-0.796338,0.676478
5.977497,0.649410,-0.880127,0.000000,-0.925050,0.676825
5.982652,0.501082,-0.992432,0.032718,-1.102216,0.715860
5.986460,0.501082,-1.169434,0.043625,-1.344889,0.776529
5.993034,0.501082,-1.347656,0.054531,-1.589833,0.950101
5.997543,0.501082,-1.436768,0.032718,-1.576434,0.907118
6.001824,0.501082,-1.433105,-0.103609,-1.721197,1.100170
6.005091,0.501082,-1.507568,-0.207217,-1.719986,1.118954
6.008380,0.501082,-1.406250,-0.343544,-1.572520,1.099565
6.011605,0.501082,-1.425781,-0.447153,-1.718660,1.232634
6.014823,0.501082,-1.549072,-0.605292,-1.765007,1.347344
6.020254,0.501082,-1.231689,-0.747072,-1.285663,1.240739
6.024821,0.501082,-1.387939,-0.812509,-1.394199,1.316187
6.029198,0.501082,-1.225586,-0.708901,-1.572837,1.109154
6.035408,0.501082,-1.068115,-1.106976,-0.899840,0.949915
6.041443,0.501082,-0.998535,-1.030632,-0.776559,1.016498
6.046596,0.501082,-0.986328,-1.052445,-0.505329,0.730637
6.050082,0.908619,-0.678711,-0.997914,-0.507973,0.708200
6.055063,0.687651,-0.435791,-0.757978,-0.044355,0.692013
6.058443,0.924490,-0.565186,-0.823415,0.012384,0.543226
6.061692,0.665519,-0.253906,-0.937930,0.456379,0.474480
6.067977,0.285937,-0.126953,-0.757978,0.672810,0.489704
6.071262,0.461782,-0.058594,-0.768884,1.106691,0.494819
6.074492,0.470664,0.345459,-0.812509,1.274867,0.553229
6.078211,0.455807,0.638428,-0.757978,1.463864,0.657370
6.082586,0.501839,0.820312,-0.414434,1.438210,0.737609
6.086085,0.687097,0.820312,0.000000,1.264868,0.890191
6.093699,0.925613,1.005859,0.534402,1.104239,0.914450
6.097097,0.941856,1.289062,0.501684,1.186651,0.923606
6.101882,0.732416,1.296387,0.098155,1.386794,0.900880
6.105595,0.924735,1.448975,-0.016359,1.489309,0.812644
6.110987,0.667421,1.379395,-0.130874,1.487423,0.874843
6.116664,0.875244,1.446533,-0.070890,1.437306,0.833886
6.122606,0.919341,1.445312,-0.059984,1.416735,0.865835
6.130996,0.739581,1.367188,0.000000,1.436418,0.893382
6.135023,1.075116,1.364746,0.054531,1.424966,0.895844
6.138320,1.075116,1.306152,0.158139,1.096146,0.861713
6.144682,1.075116,0.965576,0.408981,0.989265,0.811671
6.148231,1.075116,0.954590,0.556214,0.763749,0.751199
6.152128,1.075116,0.776367,0.567120,0.278607,0.652759
6.158812,1.075116,0.513916,0.616198,0.220345,0.586443
6.162576,0.585903,0.588379,0.578027,-0.180478,0.532425
6.166711,0.656774,0.115967,0.512590,-0.385877,0.517369
6.170554,0.732659,0.068359,0.474418,-0.691595,0.541591
6.176066,0.315622,-0.263672,0.523496,-0.969632,0.570187
6.181447,0.472264,-0.424805,0.534402,-1.154195,0.624351
6.184952,0.649589,-0.579834,0.316279,-1.199841,0.654925
6.188189,0.651008,-0.522461,-0.027265,-0.999338,0.715930
6.191865,0.695333,-0.584717,-0.381716,-0.781097,0.721476
6.195088,0.695399,-0.521240,-0.507137,-0.698830,0.789620
6.199820,0.734343,-0.640869,-0.528949,-0.605295,0.683468
6.204062,0.962336,-0.677490,-0.468965,-0.506484,0.646542
6.207960,0.741663,-0.979004,-0.185405,-0.816911,0.719298
6.214362,0.724418,-0.905762,0.000000,-0.885960,0.672645
6.217693,0.510173,-0.981445,0.065437,-0.955057,0.723351
6.220915,0.686501,-0.666504,0.010906,-1.135721,0.755029
6.224062,0.502247,-0.981445,-0.103609,-1.204518,0.811996
6.228688,0.463662,-1.146240,-0.152686,-1.119536,0.796474
6.232151,0.463662,-1.247559,-0.152686,-1.455155,0.918644
6.236872,0.463662,-1.334229,-0.141780,-1.382705,0.914555
6.240100,0.463662,-1.335449,-0.218123,-1.400423,0.951470
6.243439,0.463662,-1.337891,-0.299920,-1.657366,1.035964
6.246864,0.463662,-1.522217,-0.425340,-1.661380,1.191898
6.251601,0.463662,-1.334229,-0.518043,-1.488890,1.125935
6.255131,0.463662,-1.411133,-0.539855,-1.479509,1.138614
6.258400,0.463662,-1.397705,-0.605292,-1.399293,1.093935
6.261693,0.463662,-1.224365,-0.719807,-1.244606,0.984036
6.264953,0.463662,-1.207275,-0.834321,-0.836999,0.964116
6.271826,0.463662,-0.925293,-0.719807,-0.623915,0.775769
6.277145,0.463662,-0.227051,-0.959742,0.065173,0.532599
6.285642,0.917781,-0.184326,-0.768884,0.404449,0.519672
6.290523,0.649002,-0.031738,-0.757978,0.675606,0.489794
6.293795,0.472802,0.361328,-0.719807,0.926261,0.517335
6.300122,0.466916,0.308838,-0.381716,1.023015,0.593586
6.304926,0.471040,0.395508,0.032718,0.927527,0.693281
6.309798,0.701359,0.626221,0.212670,0.802042,0.703566
6.313639,0.695406,0.539551,0.441700,0.359252,0.683121
6.319286,0.657827,0.417480,0.659823,0.168939,0.577276
6.323886,0.656768,0.562744,0.452606,0.286726,0.562334
6.327112,0.693855,0.562744,0.010906,0.291634,0.572242
6.330745,0.649472,0.612793,-0.092702,0.332532,0.550448
6.334159,0.472505,1.048584,-0.310826,0.561016,0.548732
6.337470,0.465111,0.731201,-0.458059,0.754600,0.545224
6.340834,0.456194,0.666504,-0.447153,0.777503,0.553978
6.344106,0.456443,0.772705,-0.354450,0.880567,0.591454
6.347435,0.515512,0.777588,-0.239936,0.889292,0.609763
6.351089,0.471414,0.849609,-0.163592,0.993445,0.665094
6.355981,0.465163,0.899658,-0.114515,0.905447,0.651863
6.359443,0.649353,0.761719,0.010906,0.923769,0.693139
6.362819,0.694936,0.810547,0.098155,0.659494,0.682700
6.367844,1.058762,0.601807,0.316279,0.577765,0.644368
6.371894,0.694500,0.485840,0.474418,0.359637,0.600634
6.378550,0.509924,0.384521,0.305373,0.216888,0.563553
6.384182,0.509924,0.430908,0.125421,0.184897,0.551538
6.387548,0.509924,0.336914,0.087249,-0.000771,0.556729
6.391017,0.509924,0.250244,0.109062,0.038755,0.545394
6.395843,0.509924,0.194092,0.054531,-0.045185,0.539863
6.402461,0.287425,0.222168,0.021812,0.071410,0.540872
6.405860,0.684706,0.162354,-0.038172,-0.045749,0.540840
6.411379,0.694094,0.018311,-0.103609,-0.056026,0.539514
6.414656,0.462485,0.070801,-0.092702,-0.215311,0.538978
6.418391,0.685543,0.111084,-0.081796,0.083140,0.539074
6.421788,0.472920,0.068359,-0.059984,-0.013368,0.539871
6.426183,0.546696,-0.021973,-0.027265,-0.236759,0.557544
6.431247,0.501353,-0.201416,-0.027265,-0.570518,0.560598
6.436834,0.501353,-0.291748,-0.049078,-0.445523,0.576393
6.440169,0.501353,-0.383301,-0.114515,-0.659851,0.594277
6.444867,0.501353,-0.379639,-0.289013,-0.603068,0.642892
6.448448,0.501353,-0.429688,-0.528949,-0.523204,0.660157
6.453490,0.656470,-0.346680,-0.518043,-0.618724,0.689864
6.458292,0.650768,-0.589600,-0.479871,-0.869773,0.770266
6.461586,0.665629,-0.639648,-0.332638,-0.815962,0.730791
6.468010,0.693556,-0.902100,-0.447153,-0.961705,0.806381
6.473455,0.879831,-0.891113,-0.621651,-0.993027,0.843433
6.476883,0.879831,-0.881348,-0.605292,-1.030912,0.882904
6.482554,0.879831,-1.032715,-0.539855,-1.140274,0.921896
6.490085,0.879831,-1.057129,-0.719807,-0.797237,0.847527
6.494806,0.879831,-0.859375,-0.812509,-0.646719,0.748512
6.499197,0.879831,-0.582275,-0.507137,-0.550126,0.672619
6.506947,0.879831,-0.341797,-0.757978,0.134774,0.521541
6.514083,0.879831,-0.072021,-0.801603,0.369413,0.492048
6.517679,0.500907,-0.091553,-0.708901,0.636932,0.494815
6.522528,0.685596,0.017090,-0.687088,0.683780,0.501671
6.526205,0.465376,0.421143,-0.747072,1.188353,0.551264
6.531136,0.686020,0.754395,-0.468965,0.985715,0.577149
6.534807,0.471013,0.671387,-0.267201,0.920380,0.639361
6.539803,0.501837,0.629883,0.158139,0.740280,0.634179
6.544430,0.685834,0.515137,0.441700,0.131857,0.559407
6.551663,0.693437,0.518799,0.398075,0.114992,0.543048
6.556537,0.500744,0.361328,-0.403528,0.109799,0.531911
6.573489,0.648665,0.258789,-0.365356,0.264781,0.526681
6.580362,0.648665,0.328369,-0.594386,0.881954,0.538656
6.598154,0.648665,0.386963,-0.081796,0.609428,0.616647
6.605936,0.648665,0.494385,0.234483,0.562988,0.627976
6.609267,0.648665,0.480957,0.283560,0.523222,0.617301
6.612478,0.648665,0.512695,0.359903,0.201850,0.652554
6.616515,0.648665,0.350342,0.485324,0.126941,0.560434
6.621803,0.648665,0.264893,0.430793,0.150727,0.550500
6.629195,0.655899,0.218506,0.387169,-0.206076,0.527037
6.635098,0.502060,-0.074463,0.430793,-0.523650,0.527829
6.639074,0.684116,-0.119629,0.430793,-0.723567,0.527206
6.642634,0.465019,-0.211182,0.359903,-0.595578,0.547265
6.648280,0.656791,-0.136719,-0.049078,-0.591420,0.606417
6.651549,0.457664,-0.341797,-0.218123,-0.464507,0.647546
6.654971,0.649031,-0.270996,-0.332638,-0.492621,0.665775
6.658588,0.878985,-0.396729,-0.381716,-0.642559,0.674367
6.663602,0.686214,-0.500488,-0.403528,-0.553599,0.649186
6.667102,0.546681,-0.405273,-0.354450,-0.749104,0.653629
6.670412,0.546681,-0.458984,-0.343544,-0.614593,0.659324
6.673813,0.665656,-0.511475,-0.343544,-0.656675,0.702818
6.678462,0.665656,-0.600586,-0.561667,-0.501571,0.654962
6.684228,0.665656,-0.579834,-0.632558,-0.445936,0.649951
6.687551,0.665656,-0.629883,-0.632558,-0.446108,0.709242
6.690922,0.665656,-0.626221,-0.468965,-0.585496,0.682145
6.694130,0.665656,-0.638428,-0.321732,-0.721343,0.688779
6.697445,0.665656,-0.753174,-0.278107,-0.685980,0.683630
6.700797,0.665656,-0.787354,-0.163592,-0.825720,0.684517
6.708517,0.665656,-0.794678,-0.152686,-0.839569,0.692449
6.711873,0.665656,-0.823975,-0.196311,-0.659693,0.691676
6.719237,0.665656,-0.659180,-0.289013,-0.605289,0.659162
6.722882,0.665656,-0.666504,-0.267201,-0.686262,0.632839
6.727285,0.665656,-0.753174,-0.207217,-0.507766,0.634948
6.732957,0.665656,-0.578613,-0.299920,-0.411145,0.577373
6.736801,0.665656,-0.450439,-0.299920,-0.327660,0.584044
6.741569,0.665656,-0.213623,-0.278107,-0.400945,0.602094
6.744801,0.665656,-0.358887,-0.256295,-0.388489,0.591540
6.748126,0.665656,-0.344238,-0.310826,-0.345646,0.591019
6.752876,0.665656,-0.263672,-0.403528,-0.322090,0.592301
6.756104,0.503691,-0.197754,-0.539855,-0.343921,0.610355
6.759477,0.656578,-0.278320,-0.572574,-0.449821,0.620488
6.762709,0.472561,-0.218506,-0.518043,-0.555905,0.668939
6.768455,0.502036,-0.352783,-0.507137,-0.761771,0.722833
6.775917,0.693337,-0.507812,-0.872493,-0.811548,0.717726
6.781083,0.888581,-0.681152,-0.883399,-0.833080,0.947881
6.784581,0.881227,-0.671387,-0.801603,-1.009214,0.935147
6.788711,0.887789,-0.882568,-1.063351,-0.922305,0.909589
6.792446,0.926530,-0.880127,-0.823415,-1.272269,1.115625
6.798064,0.927236,-1.325684,-0.708901,-1.315441,1.092228
6.803882,1.156453,-1.060791,-0.997914,-1.174377,1.091042
6.808432,1.157040,-1.099854,-0.959742,-1.273965,1.139428
6.811815,1.343272,-1.132812,-1.030632,-0.955850,0.983806
6.815076,1.158682,-0.889893,-1.303287,-1.061853,0.883484
6.819373,0.787576,-0.942383,-1.085163,-0.744297,0.853248
6.825813,0.787576,-0.856934,-1.270568,-0.490850,0.756606
6.829468,0.787576,-0.668945,-1.096069,-0.600768,0.780239
6.833535,0.787576,-0.792236,-1.248756,-0.002101,0.556204
6.837662,0.787576,-0.316162,-1.145147,-0.070051,0.573246
6.842143,0.787576,-0.045166,-1.008820,0.275156,0.505062
6.846921,0.787576,-0.039062,-1.145147,0.583101,0.439377
6.850496,0.787576,0.031738,-0.905212,0.634665,0.478254
6.854860,0.787576,0.256348,-0.937930,1.111299,0.466020
6.860518,0.787576,0.550537,-0.708901,0.974655,0.509623
6.864207,0.787576,0.556641,-0.490777,1.061952,0.580868
6.868817,0.466192,0.803223,-0.081796,0.764906,0.686971
6.879825,0.695418,0.664062,0.169046,0.738354,0.670914
6.886078,0.723883,0.629883,0.190858,0.460171,0.593217
6.891024,0.471462,0.623779,0.021812,0.393800,0.565382
6.894943,0.694558,0.554199,-0.092702,0.388434,0.552183
6.902144,0.502186,0.402832,-0.196311,0.098867,0.540599
6.906416,0.502186,0.192871,-0.218123,-0.334259,0.560562
6.914562,0.502186,-0.068359,-0.141780,-0.564883,0.619833
6.918463,0.502186,-0.202637,-0.092702,-0.974435,0.614113
6.923139,0.471317,-0.562744,-0.163592,-0.952305,0.753066
6.926614,0.471317,-0.554199,-0.381716,-1.090329,0.810551
6.931609,0.471317,-0.871582,-0.632558,-1.209506,0.996222
6.937514,0.471317,-1.270752,-0.594386,-1.799830,1.001122
6.940679,0.471317,-1.768799,-0.114515,-2.136280,1.173225
6.945137,0.471317,-1.879883,0.021812,-2.481728,1.594050
6.950183,0.471317,-2.358398,0.032718,-2.692625,1.745736
6.953448,0.471317,-2.646484,-0.081796,-3.379093,2.375239
6.959497,0.471317,-2.906494,-0.299920,-3.514977,2.907293
6.964026,0.471317,-3.248291,-0.425340,-3.882071,3.522810
6.967341,0.471317,-2.728271,-0.632558,-3.083896,2.659875
6.973217,0.471317,-3.023682,-0.550761,-3.167917,2.682559
6.976874,0.471317,-3.061523,-0.479871,-3.160806,2.627471
6.980123,0.471317,-3.024902,-0.539855,-2.963207,2.651344
6.986515,0.471317,-2.663574,-1.008820,-2.703639,2.630792
6.991526,0.471317,-2.692871,-1.145147,-2.907649,2.808023
6.996182,0.471317,-2.719727,-1.472332,-2.447015,2.555539
7.000979,2.686501,-2.579346,-1.406895,-2.745799,2.746582
7.004514,2.998637,-2.484131,-1.406895,-2.611587,2.664241
7.009089,2.961055,-2.468262,-1.188772,-3.033827,3.045562
7.016233,2.781592,-2.736816,-1.521410,-2.963393,3.215571
7.019831,3.052258,-2.757568,-1.450520,-3.146265,3.592371
7.026313,3.911142,-2.838135,-1.565034,-3.697373,4.376036
7.029488,3.929212,-3.197021,-2.159420,-3.307890,4.284834
7.033843,4.603170,-3.225098,-2.377544,-3.391799,4.627458
7.038289,4.255529,-3.151855,-2.355731,-3.696625,5.159355
7.041922,4.255529,-3.201904,-2.661104,-3.662461,5.294744
7.049371,4.255529,-3.223877,-3.048273,-3.674976,5.789902
7.055482,4.255529,-3.524170,-3.184600,-3.709978,5.717988
7.062392,4.255529,-3.549805,-3.299114,-3.410207,6.195151
7.066575,4.255529,-3.273926,-3.528144,-3.737696,6.433080
7.070053,4.255529,-3.385010,-3.588128,-3.767333,6.702224
7.075605,6.746786,-3.483887,-3.828063,-3.427950,6.435336
7.079221,6.746786,-3.420410,-4.340653,-3.380373,6.377527
7.083396,6.746786,-2.847900,-4.302482,-3.336678,6.516301
7.087680,6.746786,-3.029785,-4.771446,-3.217796,6.483635
7.090899,6.746786,-2.696533,-5.071366,-2.892307,5.549323
7.094640,6.746786,-2.342529,-5.022288,-2.620324,6.026000
7.098864,6.746786,-2.575684,-5.513066,-2.295511,5.348367
7.102451,6.746786,-2.249756,-5.409457,-2.180162,5.362341
7.106647,6.746786,-1.973877,-5.649393,-1.895132,4.535610
7.112911,6.746786,-1.469727,-5.867516,-1.689454,3.880445
7.119142,6.272032,-1.649170,-5.867516,-1.552223,3.717139
7.124898,3.963385,-1.605225,-5.900235,-1.611587,3.452787
7.131143,4.051155,-1.488037,-5.812985,-1.667921,3.681033
7.134972,4.435575,-1.719971,-5.927500,-1.732300,3.968981
7.141517,4.007015,-1.567383,-6.167436,-1.761805,4.168294
7.145093,3.879417,-1.569824,-6.440089,-1.820838,4.145959
7.152008,5.481117,-1.722412,-6.527339,-1.584669,4.148757
7.155183,4.470016,-1.384277,-6.745462,-1.735189,4.590056
7.159684,5.251716,-1.253662,-7.170803,-1.703095,4.563593
7.163361,5.155897,-1.694336,-7.318036,-1.448336,4.210147
7.169351,4.942028,-1.462402,-7.547065,-1.356149,4.710885
7.172565,5.297313,-1.251221,-7.661580,-1.387810,3.928308
7.178229,5.297313,-1.251221,-7.863343,-1.221047,3.844701
7.181855,5.297313,-1.474609,-7.716110,-1.379391,4.134637
7.187915,5.297313,-1.225586,-7.497987,-1.476398,4.959357
7.195416,5.297313,-1.657715,-7.661580,-2.393849,5.676532
7.201258,5.297313,-2.213135,-7.672486,-2.600467,7.324327
7.207706,5.297313,-2.026367,-8.152357,-3.228200,9.391232
7.215050,5.297313,-2.808838,-8.948506,-3.198079,10.412232
7.224188,5.297313,-2.453613,-9.395659,-2.881386,10.493143
7.232017,5.297313,-2.775879,-10.044577,-2.640204,9.646399
7.243101,5.297313,-2.863770,-10.033670,-2.922236,9.567551
7.247427,5.297313,-3.249512,-9.886437,-2.902483,10.289066
7.251550,5.297313,-3.085938,-9.886437,-3.388770,10.945350
7.257290,5.297313,-3.026123,-9.848266,-3.383087,12.446648
7.260847,5.297313,-3.305664,-10.169997,-3.741735,13.656778
7.265530,13.662132,-3.198242,-10.649869,-3.206596,12.871168
7.271348,13.967726,-2.703857,-11.206083,-3.324104,13.202956
7.275583,16.997826,-3.021240,-11.456924,-2.956482,13.059193
7.280725,14.638645,-3.149414,-11.675048,-2.961122,12.222038
7.284237,13.373276,-2.418213,-11.473284,-3.063205,12.735582
7.289724,14.317013,-2.906494,-11.685954,-3.328749,12.267294
7.300417,14.317013,-3.194580,-12.340323,-2.943711,12.805572
7.309604,14.317013,-2.791748,-12.487557,-2.965041,13.578317
7.314627,14.317013,-2.498779,-12.727492,-2.772150,12.448278
7.318171,14.317013,-2.713623,-12.602071,-2.948209,13.205060
7.324456,14.317013,-3.184814,-12.929257,-2.951552,13.095389
7.336123,14.317013,-2.299805,-13.354597,-2.925395,13.408252
7.340405,14.317013,-2.855225,-13.910811,-2.577107,12.718503
7.349847,16.554522,-2.305908,-13.730860,-2.581423,13.267404
7.354548,15.884346,-2.460938,-13.796296,-2.863273,13.898058
7.358427,17.742321,-2.708740,-13.719954,-3.175883,15.216456
7.363493,19.141548,-3.171387,-13.796296,-3.018971,14.789753
7.368154,18.388796,-3.118896,-14.014421,-3.317999,16.240211
7.372093,20.865883,-2.917480,-14.679696,-3.020859,16.020119
7.378734,20.865883,-2.773438,-14.952350,-3.017438,15.965546
7.383522,20.865883,-3.052979,-15.132300,-3.113876,16.423304
7.386865,20.865883,-2.436523,-15.214098,-3.069687,16.358097
7.393011,19.146376,-2.924805,-15.257723,-3.256482,16.604027
7.397317,19.146376,-2.974854,-15.350425,-3.232360,17.288235
7.401084,19.146376,-2.689209,-15.633985,-3.098077,16.209341
7.406536,19.146376,-2.462158,-16.195652,-2.737940,15.693066
7.411432,19.146376,-2.945557,-16.321074,-2.753033,15.897176
7.415314,19.146376,-2.885742,-16.026606,-2.983047,16.835182
7.420245,20.058077,-2.896729,-16.048420,-3.330391,18.042933
7.426854,20.058077,-3.350830,-16.081139,-3.243656,18.194252
7.430138,20.058077,-2.799072,-16.261089,-3.037378,17.661524
7.434157,20.058077,-2.916260,-16.811852,-2.970951,18.238180
7.438921,20.058077,-3.198242,-17.117224,-2.999646,18.041389
7.442327,20.058077,-2.556152,-17.084505,-3.185893,18.907585
7.446953,20.058077,-2.760010,-17.259005,-2.934908,17.842113
7.450133,20.058077,-2.874756,-17.406237,-3.078737,18.544785
7.456893,20.058077,-3.028564,-17.624361,-3.090498,19.104921
7.462226,20.058077,-2.376709,-18.066061,-2.805673,17.987408
7.465430,20.058077,-2.403564,-18.224199,-2.868179,18.000242
7.470375,20.058077,-3.176270,-18.109684,-2.885156,18.606312
7.477531,22.143137,-3.012695,-18.295088,-2.865614,18.559753
7.481047,22.143137,-2.927246,-18.376886,-2.951378,19.151962
7.487142,22.143137,-2.308350,-18.889475,-2.652561,17.993162
7.490555,22.143137,-2.899170,-19.118504,-2.760278,18.415152
7.497195,22.143137,-2.884521,-18.867664,-2.988631,19.076788
7.500499,22.143137,-2.452393,-19.003990,-2.707726,18.218399
7.504906,20.413918,-2.556152,-19.358438,-2.681779,18.895472
7.511467,21.369236,-2.812500,-19.631096,-2.853514,18.287071
7.517235,21.369236,-3.059082,-19.642000,-2.844985,19.915188
7.522277,21.688854,-2.891846,-19.832857,-2.985287,20.973709
7.530448,20.877790,-2.806396,-20.165495,-2.949570,21.140375
7.533713,24.088001,-2.269287,-20.427244,-2.869863,21.041790
7.537830,24.610500,-2.752686,-20.612648,-2.867660,21.144024
7.541105,26.710550,-3.172607,-20.487226,-3.112989,22.514311
7.544372,25.401377,-2.858887,-20.874397,-2.955223,21.631985
7.552466,23.798071,-1.833496,-21.021629,-2.983347,22.335587
7.555665,24.248962,-2.918701,-21.523314,-2.839064,21.449121
7.560454,24.248962,-2.580566,-21.250660,-3.030830,22.872368
7.565823,24.248962,-2.908936,-21.294283,-3.073800,23.243210
7.569530,24.248962,-3.153076,-21.616016,-2.949967,22.516710
7.572898,24.248962,-2.871094,-21.708717,-3.042960,23.486256
7.576127,24.248962,-2.648926,-22.128605,-2.881897,22.897465
7.581831,24.248962,-2.733154,-22.188589,-2.818247,22.590092
7.585099,24.248962,-3.100586,-22.084982,-3.148919,23.742340
7.588402,28.723232,-2.481689,-22.128605,-2.898409,23.140472
7.591773,23.112795,-2.532959,-22.379448,-2.792113,22.761320
7.595262,27.804562,-2.891846,-22.701178,-2.820029,23.187611
7.600157,25.314144,-2.302246,-22.902943,-2.920531,23.965158
7.603473,27.554306,-2.714844,-22.701178,-2.993840,24.379494
7.608339,25.867485,-2.811279,-22.913849,-2.904159,24.012245
7.611842,26.925396,-2.779541,-23.306471,-2.651390,24.133230
7.618528,26.053247,-2.434082,-23.611845,-2.617472,22.816103
7.621837,25.542788,-2.814941,-23.519142,-2.807816,23.936520
7.629492,27.944120,-2.313232,-23.808155,-2.499572,24.205957
7.632681,23.092842,-2.353516,-24.124432,-2.545977,22.312614
7.638447,23.092842,-2.132568,-24.009918,-2.821358,24.701418
7.644240,23.092842,-2.385254,-23.966295,-2.982857,25.823137
7.647530,23.092842,-2.568359,-24.424353,-2.512143,22.968267
7.651458,23.092842,-2.321777,-24.675194,-2.492507,22.674189
7.656829,23.092842,-2.104492,-24.615210,-2.651340,24.186485
7.660042,23.092842,-2.897949,-24.489788,-2.923666,26.026196
7.663606,23.092842,-2.651367,-24.527962,-2.888037,26.619598
7.667152,23.092842,-1.905518,-25.018738,-2.551166,23.782722
7.671855,23.092842,-2.008057,-25.187784,-2.557925,24.150406
7.675458,23.092842,-2.634277,-25.395000,-2.652165,24.799562
7.678939,23.092842,-3.106689,-25.198692,-2.897855,26.692661
7.682304,23.092842,-2.528076,-25.291393,-2.654064,25.043776
7.685488,23.092842,-2.374268,-25.585859,-2.409463,24.818802
7.688753,23.092842,-1.982422,-25.951216,-2.410635,23.901966
7.693532,23.092842,-2.142334,-26.011200,-2.525205,23.978849
7.697287,23.092842,-2.332764,-25.700375,-2.619910,25.145817
7.701370,23.092842,-2.412109,-26.136621,-2.392760,23.971022
7.707536,25.528166,-1.857910,-26.545601,-2.422608,23.658772
7.712725,30.536789,-2.333984,-26.054823,-2.644632,25.793625
7.716030,27.497513,-1.881104,-26.109354,-2.577729,25.247295
7.720553,27.458393,-1.826172,-26.349293,-2.359787,24.282425
7.725888,22.842314,-2.727051,-26.714649,-2.607725,25.562311
7.732827,29.160740,-2.589111,-26.409275,-2.630505,26.148941
7.736067,27.208099,-2.548828,-26.878239,-2.419313,24.997995
7.741833,28.146858,-2.239990,-27.227238,-2.445535,24.331430
7.748904,28.083813,-2.625732,-26.840069,-2.301800,24.751232
7.752856,27.699621,-1.983643,-27.265408,-2.095184,22.899197
7.758185,23.924391,-1.450195,-27.608952,-2.050765,22.893402
7.764323,25.799267,-2.147217,-27.641672,-2.084700,23.376728
7.767709,26.361336,-1.971436,-27.745279,-2.053002,22.960808
7.770889,22.753384,-1.658936,-27.756187,-1.972147,22.445446
7.774124,25.557234,-2.429199,-28.007027,-1.933095,22.393332
7.778353,26.305567,-1.574707,-27.696203,-2.107235,23.290329
7.783566,27.093760,-1.741943,-27.674389,-2.024421,22.901297
7.787667,27.093760,-1.251221,-28.028841,-1.915970,22.258104
7.791711,26.711555,-1.419678,-28.121542,-1.989732,22.827648
7.796896,24.362631,-1.619873,-28.405102,-1.977686,23.060364
7.804421,24.362631,-2.121582,-28.312401,-2.052843,22.958963
7.810889,24.362631,-1.954346,-28.246962,-2.086712,23.841431
7.817877,27.052528,-1.557617,-28.323305,-2.042686,23.592117
7.822318,27.052528,-1.840820,-28.623224,-1.936780,23.052177
7.825848,27.052528,-1.419678,-28.688663,-2.001308,23.641380
7.835474,27.426411,-1.761475,-28.824987,-1.916244,23.132515
7.838740,24.961786,-1.574707,-28.939503,-1.874807,22.874180
7.841990,23.755707,-1.496582,-29.114004,-1.881830,23.059200
7.845835,27.165630,-1.241455,-29.103096,-1.888309,23.151125
7.849444,23.948879,-1.588135,-29.239422,-1.790191,22.457077
7.852820,26.191313,-1.862793,-29.397564,-1.718239,21.922100
7.856046,24.203228,-2.226562,-29.397564,-1.654003,21.531094
7.860047,22.533897,-1.632080,-29.304861,-1.711931,21.961727
7.863524,22.287315,-1.802979,-29.468454,-1.184636,19.217899
7.868481,22.648994,-0.888672,-29.468454,-1.209501,17.995937
7.871826,18.644707,-1.423340,-29.419374,-1.120083,17.211073
7.875095,20.050776,-1.442871,-29.397564,-0.595348,14.581537
7.880545,17.180126,-0.533447,-29.353937,-0.438119,11.825848
7.884111,17.180126,-1.130371,-29.075832,-0.069495,8.828737
7.889417,17.180126,-0.609131,-29.043114,0.169710,6.973748
7.894066,17.180126,-0.140381,-28.645039,0.195153,6.649056
7.897554,17.180126,-0.036621,-28.519617,0.270763,7.005912
7.900829,17.180126,-0.495605,-28.350569,-0.032613,6.652320
7.904953,17.180126,-0.194092,-27.957951,-0.068246,8.225067
7.909943,17.180126,-0.460205,-28.268776,0.153509,6.773072
7.913219,17.180126,-0.173340,-28.323305,-0.032081,8.137824
7.917594,17.180126,0.147705,-28.361477,0.083148,7.331032
7.925639,17.180126,0.057373,-28.312401,0.111318,7.141449
7.929082,17.180126,-0.017090,-28.154263,-0.111895,8.998274
7.932492,17.180126,0.228271,-28.176073,-0.225154,9.492922
7.948108,17.180126,-0.633545,-28.072466,-0.272058,10.575047
7.953341,8.450211,-0.308838,-28.508709,-0.235528,8.017878
7.958755,7.729048,-0.526123,-28.279682,-0.385495,10.644405
7.969004,9.894843,-0.715332,-28.236055,-0.382052,10.632354
7.973152,8.751670,-0.161133,-27.985216,-0.669256,12.768356
7.980423,11.414787,-1.048584,-27.947044,-0.956275,13.309802
7.985004,11.414787,-0.726318,-27.843435,-0.964093,14.536306
7.988945,11.414787,-1.325684,-28.132448,-0.883029,14.378538
7.993818,11.414787,-0.517578,-28.039747,-1.252934,17.098734
7.998864,11.414787,-1.402588,-27.870701,-1.373272,18.390181
8.005259,11.414787,-1.643066,-28.110638,-1.587042,19.690044
8.011213,11.414787,-1.040039,-28.132448,-1.561420,19.230358
8.017458,16.397837,-1.450195,-28.208792,-1.673760,19.870996
8.022672,16.397837,-1.237793,-28.236055,-1.505629,19.309372
8.030608,16.397837,-1.807861,-28.405102,-1.243162,18.781803
8.039151,16.397837,-1.524658,-28.530523,-1.205723,17.328362
8.042662,16.397837,-1.563721,-28.497807,-1.183730,16.974220
8.046024,16.397837,-1.040039,-28.552334,-1.037232,15.882445
8.050089,16.397837,-1.217041,-28.519617,-1.077046,15.704268
8.055125,16.397837,-1.058350,-28.061558,-1.378242,17.488888
8.058831,16.397837,-1.330566,-28.017935,-1.328803,17.690929
8.063576,16.397837,-1.217041,-28.007027,-1.528393,18.743685
8.068892,22.006395,-1.130371,-28.017935,-1.612192,19.885952
8.072131,21.022884,-1.204834,-28.176073,-1.600568,20.602146
8.078746,21.436127,-1.645508,-28.257870,-1.628565,20.238894
8.083856,19.708069,-1.700439,-28.448727,-1.370282,18.386986
8.096674,19.089630,-1.262207,-28.623224,-1.005295,16.709141
8.100608,18.992998,-0.631104,-28.574148,-0.890971,16.382196
8.105059,18.992998,-1.485596,-28.552334,-0.806999,13.290449
8.110488,18.992998,-0.583496,-28.486900,-0.689031,13.235847
8.114014,14.993320,-1.019287,-28.519617,-0.635055,12.719378
8.119221,14.993320,-0.809326,-28.383291,-0.581255,12.927948
8.122495,14.993320,-1.052246,-28.236055,-0.733034,13.292295
8.127831,14.993320,-1.550293,-28.154263,-0.848646,14.074064
8.133219,14.993320,-0.399170,-27.892511,-1.126942,15.079617
8.140863,14.993320,-1.610107,-27.925232,-1.473583,17.021622
8.145875,14.993320,-1.435547,-27.996122,-1.420328,18.377613
8.150106,14.993320,-1.157227,-28.334211,-1.248745,17.341888
8.153349,14.993320,-0.908203,-28.290588,-1.492680,18.329800
8.156880,14.993320,-1.132812,-28.361477,-1.314554,17.876286
8.161846,14.993320,-1.395264,-28.497807,-1.169139,16.860847
8.165718,14.993320,-1.099854,-28.574148,-1.074989,16.214266
8.169180,14.993320,-1.401367,-28.590508,-0.824698,15.518240
8.174521,14.993320,-1.409912,-28.634130,-0.831431,15.267243
8.178967,14.993320,-1.313477,-28.459633,-0.835976,13.132521
8.182373,14.993320,-1.230469,-28.459633,-0.747461,13.588186
8.185703,14.993320,-0.286865,-28.372383,-0.720381,13.320225
8.189382,14.750664,-0.917969,-28.334211,-0.763100,13.186594
8.192569,13.793467,-0.449219,-28.165165,-0.873988,14.334394
8.198264,14.528864,-1.480713,-28.176073,-0.864356,14.269482
8.201499,13.543463,-0.830078,-27.974308,-1.062490,15.799229
8.204843,14.554539,-0.736084,-27.936136,-1.270443,17.127357
8.210210,16.203388,-0.902100,-27.881603,-1.419316,17.581114
8.216969,16.936577,-1.047363,-27.881603,-1.575463,19.474257
8.220383,16.936577,-1.132812,-28.176073,-1.369519,18.142397
8.223837,16.936577,-1.123047,-28.323305,-1.467318,19.034592
8.229619,16.936577,-1.689453,-28.590508,-1.318454,18.071655
8.233429,16.936577,-1.406250,-28.519617,-1.083065,17.592533
8.238113,16.936577,-0.797119,-28.590508,-0.878769,14.677102
8.247536,18.012674,-1.413574,-28.475992,-0.858053,14.432390
8.253694,18.012674,-1.185303,-28.416010,-0.750266,13.636958
8.257569,18.012674,-1.213379,-28.257870,-0.851337,14.231289
8.262073,18.012674,-0.972900,-28.186979,-0.802813,14.303701
8.267373,18.012674,-1.121826,-28.186979,-1.015669,13.777882
8.270594,18.012674,-0.677490,-28.017935,-1.084196,15.818183
8.273841,18.012674,-0.572510,-28.083372,-1.014582,15.339869
8.277278,18.012674,-1.049805,-28.121542,-1.220895,15.962532
8.280586,18.012674,-1.053467,-28.007027,-1.241982,17.033020
8.285775,18.012674,-1.083984,-28.072466,-1.345051,17.863155
8.289154,18.012674,-0.821533,-28.132448,-1.427032,19.618202
8.292834,18.012674,-1.676025,-28.028841,-1.562636,19.510174
8.296577,18.012674,-1.425781,-28.132448,-1.549736,19.504910
8.299831,18.012674,-1.756592,-28.208792,-1.390146,18.475092
8.303061,18.012674,-1.270752,-28.279682,-1.456682,19.468040
8.308454,20.267000,-1.380615,-28.486900,-1.266731,17.611221
8.314381,21.628407,-1.442871,-28.590508,-1.130413,16.636087
8.318114,17.435568,-1.333008,-28.497807,-1.123875,16.509598
8.323188,18.291002,-1.398926,-28.666849,-0.919571,15.740890
8.327545,16.308420,-1.442871,-28.497807,-0.893036,14.753838
8.331411,15.362247,-1.372070,-28.508709,-0.781258,13.881369
8.337583,15.925934,-0.791016,-28.301493,-0.849062,14.246290
8.341983,16.458445,-1.364746,-28.323305,-0.772547,13.680855
8.351097,12.942902,-1.308594,-28.132448,-0.940329,14.821503
8.359697,16.946482,-1.112061,-28.121542,-1.413487,16.378632
8.371149,16.946482,-1.591797,-28.143354,-1.379143,17.120605
8.377010,16.946482,-0.941162,-28.236055,-1.350067,18.326139
8.384516,16.946482,-1.341553,-28.208792,-1.364610,18.166166
8.387728,16.946482,-1.024170,-28.394196,-1.372250,17.182989
8.392833,16.946482,-0.931396,-28.323305,-1.133047,17.811531
8.397840,16.946482,-1.116943,-28.372383,-1.194308,17.926449
8.401017,16.946482,-0.755615,-28.350569,-1.251935,17.380444
8.404255,16.946482,-0.887451,-28.475992,-1.042720,15.864265
8.407524,16.946482,-0.666504,-28.383291,-1.092896,16.083948
8.412869,16.750736,-1.162109,-28.497807,-0.942030,14.767506
8.416998,16.750736,-1.132812,-28.475992,-0.978757,15.681803
8.420643,16.750736,-1.076660,-28.361477,-0.852247,14.896688
8.427880,16.414124,-0.568848,-28.350569,-1.018753,15.525127
8.431261,15.198412,-0.872803,-28.165165,-0.910241,15.403635
8.436706,16.511454,-1.058350,-28.246962,-0.994589,15.314690
8.439888,17.595377,-0.699463,-28.154263,-1.220903,16.994022
8.451070,15.575411,-0.697021,-28.279682,-1.003515,15.693615
8.454513,17.017797,-1.137695,-28.312401,-1.048412,16.453741
8.458838,15.971448,-1.556396,-28.590508,-0.750315,13.704008
8.463510,15.482176,-1.098633,-28.486900,-0.793402,14.510215
8.468500,14.758136,-1.219482,-28.497807,-0.719057,13.399132
8.472000,16.274050,-0.458984,-28.486900,-0.792316,13.874514
8.475201,13.302058,-0.903320,-28.475992,-0.669806,12.324756
8.478360,12.653746,-0.809326,-28.437819,-0.575113,12.266166
8.483840,11.292099,-0.651855,-28.301493,-0.675455,12.892643
8.491256,13.282341,-1.031494,-28.225153,-0.857779,12.734566
8.498624,13.282341,-0.648193,-28.028841,-0.847062,14.054086
8.503507,13.282341,-0.242920,-28.165165,-0.640031,12.685787
8.507835,13.282341,-0.393066,-28.508709,-0.652212,12.890862
8.511414,13.282341,-0.810547,-28.486900,-0.640947,12.885186
8.514680,13.282341,-1.145020,-28.350569,-0.644953,12.734196
8.519489,13.282341,-1.091309,-28.301493,-0.430289,12.422209
8.522746,13.282341,0.057373,-28.475992,-0.427567,10.629099
8.528595,13.282341,-0.577393,-28.405102,-0.429025,11.145976
8.532126,13.282341,-0.501709,-28.361477,-0.410127,10.977026
8.535854,13.282341,0.291748,-28.416010,-0.212727,10.765963
8.540493,13.282341,-0.422363,-28.475992,-0.289802,9.143906
8.544408,8.942118,-0.260010,-28.301493,-0.417958,10.116841
8.551094,8.942118,-0.545654,-28.143354,-0.162396,9.887092
8.554565,7.778584,0.013428,-28.257870,-0.397974,10.784245
8.561175,9.021870,-0.382080,-28.154263,-0.617198,10.611645
8.567525,11.285080,-0.839844,-27.903418,-0.660282,12.489450
8.573884,11.065035,-0.388184,-28.208792,-0.637566,12.581261
8.578150,11.065035,-0.664062,-27.974308,-0.901137,14.397290
8.581889,11.065035,-1.129150,-28.154263,-0.805166,13.805506
8.588215,11.065035,-0.662842,-28.186979,-1.008755,15.376209
8.591570,11.065035,-0.402832,-28.121542,-1.109276,16.026777
8.595061,11.065035,-1.423340,-28.072466,-1.104555,15.479019
8.598566,11.065035,-0.782471,-28.061558,-1.234705,17.004538
8.601854,11.065035,-0.751953,-28.017935,-1.342861,17.780355
8.605078,11.065035,-1.184082,-27.974308,-1.313598,17.548748
8.608435,16.464607,-1.512451,-27.985216,-1.553356,19.397987
8.611654,16.464607,-1.370850,-28.072466,-1.338146,18.380116
8.614896,16.464607,-1.596680,-28.121542,-1.533732,19.390060
8.618130,16.464607,-1.584473,-28.165165,-1.427947,18.668606
8.623581,16.464607,-1.354980,-28.323305,-1.392691,18.509514
8.626942,16.464607,-1.330566,-28.372383,-1.359247,18.262529
8.630107,16.464607,-1.728516,-28.541431,-1.145671,16.714466
8.633321,16.464607,-0.772705,-28.508709,-1.053344,16.846134
8.640714,16.464607,-0.859375,-28.552334,-0.782876,14.628098
8.646830,16.464607,-0.886230,-28.519617,-0.712177,12.843567
8.656750,16.464607,-0.625000,-28.361477,-0.816155,14.040035
8.660183,16.464607,-0.849609,-28.186979,-0.851605,14.180900
8.666074,17.214521,-0.798340,-28.154263,-1.019017,15.386375
8.671204,14.709972,-1.186523,-28.072466,-1.106456,15.727139
8.674518,15.432383,-1.727295,-28.028841,-1.169351,16.476763
8.679874,17.905424,-0.943604,-27.936136,-1.357125,17.838249
8.683229,17.783333,-1.240234,-27.925232,-1.421479,18.130011
8.689283,18.402330,-1.520996,-28.007027,-1.741947,19.386211
8.696521,18.402330,-1.734619,-28.083372,-1.736677,20.427280
8.700715,18.402330,-2.093506,-28.383291,-1.542736,20.278883
8.704944,18.402330,-1.791992,-28.437819,-1.526564,19.603722
8.709197,21.320465,-1.374512,-28.552334,-1.338805,17.738964
8.716622,21.320465,-1.569824,-28.666849,-1.084876,16.326244
8.721998,21.320465,-1.287842,-28.655945,-0.760972,14.911956
8.726895,21.320465,-0.812988,-28.655945,-0.762249,14.762497
8.730502,21.320465,-0.388184,-28.645039,-0.539945,12.138600
8.735858,21.320465,-0.511475,-28.475992,-0.708092,13.273245
8.739405,21.320465,-1.121826,-28.383291,-0.642839,12.871315
8.743641,21.320465,-0.899658,-28.268776,-0.543054,11.980883
8.749206,21.320465,-0.917969,-28.225153,-0.490533,12.822541
8.756548,21.320465,0.061035,-28.383291,-0.561240,12.125031
8.760733,21.320465,-0.686035,-28.508709,-0.613601,12.497597
8.766134,21.320465,-0.992432,-28.208792,-0.449290,12.258198
8.772596,21.320465,-0.640869,-28.301493,-0.555810,12.029716
8.777644,21.320465,-0.765381,-28.236055,-0.553272,11.967260
8.782204,13.587933,-1.024170,-28.110638,-0.753952,13.599633
8.786887,11.872199,-0.589600,-28.225153,-0.646533,13.895584
8.792668,12.998720,-1.086426,-28.208792,-0.677979,12.949602
8.796456,12.119735,-0.302734,-28.072466,-0.957361,14.896752
8.799750,15.817998,-0.098877,-28.061558,-0.959732,14.906392
8.803702,12.227344,-1.235352,-28.323305,-0.718890,13.324367
8.807948,14.230017,-0.914307,-28.225153,-0.934837,14.710250
8.812929,14.221233,-1.210938,-28.176073,-1.013550,14.300718
8.818239,14.259202,-0.906982,-28.236055,-1.044271,15.587355
8.821737,16.017035,-0.616455,-28.301493,-0.903410,14.894724
8.828863,16.956026,-1.308594,-28.236055,-1.133168,16.210499
8.832566,15.440352,-1.066895,-28.154263,-1.101908,16.062416
8.838608,15.400510,-1.097412,-28.323305,-1.009580,15.607480
8.843006,15.400510,-0.499268,-28.312401,-1.024311,15.176982
8.849198,15.400510,-1.135254,-28.290588,-1.023773,15.135196
8.854939,15.400510,-0.732422,-28.176073,-1.153193,16.763870
8.858652,15.400510,-1.680908,-28.176073,-1.135567,16.338009
8.862025,15.400510,-1.555176,-28.186979,-1.220820,17.002485
8.866333,15.400510,-1.448975,-28.176073,-1.267719,17.336517
8.871292,15.400510,-1.619873,-28.197886,-1.342982,17.936798
8.877411,15.400510,-1.516113,-28.197886,-1.279911,17.467627
8.882107,15.400510,-1.505127,-28.301493,-1.202667,16.957813
8.887151,15.400510,-1.004639,-28.236055,-1.320461,17.814112
8.892316,15.400510,-1.538086,-28.426916,-1.196502,16.878771
8.898490,15.400510,-0.672607,-28.383291,-1.231589,17.199783
8.904337,15.400510,-1.546631,-28.416010,-1.025100,15.681013
8.908263,15.400510,-0.845947,-28.372383,-1.137078,16.509468
8.911848,16.784424,-1.157227,-28.312401,-0.957677,15.145980
8.917263,16.929647,-0.905762,-28.437819,-0.996033,15.215795
8.920592,15.844570,-0.716553,-28.383291,-0.953319,15.104176
8.924152,15.844570,-1.317139,-28.361477,-1.107467,14.646692
8.931539,15.844570,-1.317139,-28.323305,-0.935884,14.924776
8.935626,15.844570,-1.044922,-28.165165,-1.092032,15.995550
8.940620,15.844570,-1.160889,-28.246962,-1.123117,14.973444
8.944578,15.844570,-1.029053,-28.165165,-1.145112,16.345232
8.948680,15.844570,-1.375732,-28.121542,-1.119492,15.500346
8.954568,16.934034,-0.618896,-28.176073,-1.227836,16.922827
8.962314,16.934034,-0.948486,-28.323305,-1.014262,16.163185
8.967395,16.934034,-1.358643,-28.323305,-1.106974,16.237438
8.973720,16.934034,-1.076660,-28.645039,-0.816876,14.995485
8.978932,16.934034,-0.987549,-28.634130,-0.690735,13.749662
8.986461,16.934034,-0.491943,-28.508709,-0.566590,12.234716
8.991238,16.934034,-0.540771,-28.394196,-0.609314,12.454159
8.995543,16.934034,-0.362549,-28.426916,-0.601683,12.568857
9.000716,16.934034,-0.899658,-28.143354,-0.750191,11.906103
9.006865,16.934034,-0.693359,-28.072466,-0.800002,13.707254
9.010197,16.934034,-0.396729,-28.246962,-0.646957,12.651831
9.013428,16.934034,-0.491943,-28.121542,-0.849453,14.156536
9.017250,16.934034,-0.928955,-28.083372,-0.906350,14.518423
9.021696,14.485815,-1.214600,-28.099731,-1.042862,14.194000
9.024885,13.641886,-0.524902,-28.083372,-1.016332,15.425083
9.028873,15.819727,-1.325684,-28.176073,-1.007247,16.382780
9.032971,14.378172,-0.594482,-28.186979,-1.270815,16.034706
9.036638,16.785938,-1.416016,-28.061558,-1.303901,17.499344
9.041599,15.930546,-1.322021,-28.007027,-1.285367,17.444851
9.045079,20.122305,-1.779785,-28.186979,-1.509494,18.912523
9.051012,17.853802,-1.691895,-28.143354,-1.335728,18.688129
9.054320,20.271069,-1.102295,-28.279682,-1.408074,18.533091
9.057719,20.073799,-1.376953,-28.372383,-1.244308,18.785234
9.064303,18.867561,-1.574707,-28.437819,-1.277398,17.652496
9.069620,17.622519,-0.806885,-28.541431,-1.111080,16.445869
9.073849,16.981655,-0.963135,-28.508709,-0.907524,15.637928
9.093732,15.380150,-1.231689,-28.197886,-1.099657,16.110884
9.097438,15.380150,-1.245117,-28.208792,-1.081302,15.922136
9.101089,15.380150,-1.279297,-28.197886,-1.192735,15.296982
9.104587,15.380150,-1.123047,-28.099731,-1.225636,16.893408
9.109239,15.380150,-1.087646,-28.197886,-1.145117,16.429077
9.115930,15.380150,-1.094971,-28.061558,-1.409055,18.348171
9.119550,15.380150,-1.041260,-28.132448,-1.451772,18.713003
9.125998,15.380150,-1.524658,-28.236055,-1.481591,19.081644
9.130523,15.380150,-1.573486,-28.236055,-1.422521,18.606962
9.134092,15.380150,-1.639404,-28.394196,-1.336549,18.075912
9.140144,18.523060,-0.843506,-28.405102,-1.206042,18.144310
9.144436,19.211046,-0.706787,-28.312401,-1.312020,17.814323
9.149930,19.464123,-1.584473,-28.372383,-1.167521,16.257683
9.154749,16.392023,-0.756836,-28.475992,-1.005206,16.688585
9.158759,19.230722,-1.567383,-28.459633,-0.954501,15.057317
9.165016,16.353394,-0.938721,-28.426916,-0.987227,14.867973
9.171009,16.357471,-0.982666,-28.383291,-0.799827,13.979432
9.176140,14.426831,-1.169434,-28.301493,-0.930884,14.853344
9.179500,16.062572,-1.379395,-28.312401,-0.925984,13.590275
9.184899,13.415752,-0.501709,-28.236055,-0.891452,14.519985
9.188115,14.588646,-0.286865,-28.257870,-0.994151,15.239408
9.191352,16.156534,-0.981445,-28.110638,-0.880915,14.254813
9.194703,14.828107,-0.972900,-28.236055,-1.083410,15.510224
9.198432,14.828107,-0.572510,-28.083372,-1.067240,15.900408
9.203534,14.828107,-0.760498,-28.176073,-1.019983,15.517447
9.207304,14.828107,-1.123047,-28.186979,-1.123778,16.629934
9.210506,14.828107,-1.319580,-28.279682,-1.030350,15.613985
9.213852,14.828107,-1.218262,-28.634130,-0.734436,13.613835
9.218219,14.828107,-0.966797,-28.459633,-0.885673,14.643869
9.223155,14.828107,-1.092529,-28.394196,-0.699006,13.829361
9.228374,14.828107,-0.568848,-28.486900,-0.528325,12.506062
9.237625,14.828107,-0.606689,-28.530523,-0.411826,11.061810
9.245147,14.828107,-0.598145,-28.552334,-0.234606,10.322511
9.251425,14.828107,-0.319824,-28.279682,-0.399476,10.232288
9.254869,14.828107,-0.718994,-28.143354,-0.386577,10.679363
9.259593,11.695748,-0.560303,-28.165165,-0.488187,11.392547
9.263241,11.242842,-0.722656,-27.936136,-0.748853,13.225771
9.269611,11.458023,-0.894775,-27.903418,-1.051139,15.378249
9.273013,14.175779,-1.256104,-27.947044,-0.847378,14.068005
9.276979,11.900640,-0.173340,-28.132448,-0.945176,14.876255
9.280344,14.415165,-0.828857,-28.208792,-0.935548,15.380350
9.284537,14.791970,-1.396484,-28.165165,-1.086965,15.956766
9.287780,14.654253,-1.102295,-28.143354,-1.086060,15.932418
9.291426,15.172054,-0.560303,-28.383291,-0.823224,13.846958
9.296849,15.229271,-0.635986,-28.437819,-0.963741,15.226177
9.300117,13.563111,-1.027832,-28.372383,-0.882128,14.551186
9.303356,14.916957,-1.005859,-28.350569,-0.742170,14.516658
9.306918,13.537216,-1.062012,-28.552334,-0.673650,12.451881
9.310569,12.350111,-0.349121,-28.508709,-0.602940,12.509771
9.315563,12.519897,-0.308838,-28.541431,-0.648937,11.688328
9.318857,11.303200,-0.482178,-28.437819,-0.447362,11.304323
9.323869,11.119200,-0.344238,-28.361477,-0.578238,11.498041
9.328864,11.638457,-0.939941,-28.361477,-0.536071,11.860001
9.332486,11.638457,-0.424805,-28.186979,-0.650045,12.509933
9.336442,11.638457,-0.445557,-28.225153,-0.550990,13.136696
9.342600,11.638457,-0.123291,-28.236055,-0.685322,12.959410
9.345767,11.638457,-0.705566,-28.099731,-0.767301,14.132149
9.348969,11.638457,-1.019287,-28.050652,-0.879457,14.290592
9.352096,14.414492,-0.791016,-28.083372,-0.927085,14.617783
9.355926,14.414492,-0.806885,-27.985216,-1.078867,15.803617
9.360603,14.414492,-0.504150,-28.007027,-1.153577,16.798441
9.365210,14.414492,-0.626221,-28.236055,-1.141590,16.433075
9.372135,14.414492,-1.486816,-28.405102,-1.029988,15.710032
9.375605,17.656019,-1.090088,-28.279682,-1.152142,16.549927
9.381358,16.514246,-0.755615,-28.372383,-1.091257,16.214365
9.384870,15.664670,-0.633545,-28.508709,-0.891493,14.725506
9.388188,16.373852,-0.860596,-28.563240,-0.914948,14.868310
9.393212,13.676987,-0.501709,-28.459633,-0.646296,14.219728
9.398921,13.621597,-0.517578,-28.634130,-0.357834,12.033573
9.402529,11.402465,-1.153564,-28.623224,-0.363477,10.790524
9.407599,12.046142,-0.236816,-28.574148,-0.329305,11.014240
9.410889,11.026200,-0.249023,-28.416010,-0.327493,10.413490
9.414193,10.365721,-0.734863,-28.350569,-0.327681,10.355281
9.419142,10.468493,-0.052490,-28.257870,-0.328777,9.272943
9.422532,8.894621,-0.413818,-28.208792,-0.545448,11.745016
9.426515,11.773438,-0.487061,-27.996122,-0.559995,11.865945
9.430093,11.924409,-0.947266,-27.936136,-0.821204,13.744076
9.435720,13.116302,-0.190430,-27.859795,-1.086229,15.251440
9.440671,15.219641,-0.878906,-27.859795,-1.141670,16.128397
9.444292,15.890109,-1.057129,-28.017935,-1.273641,16.748386
9.448542,16.771257,-1.396484,-27.985216,-1.382343,17.292259
9.454787,17.356766,-1.402588,-28.132448,-1.462508,18.806103
9.459193,17.356766,-1.397705,-28.312401,-1.262022,17.426357
9.463855,17.356766,-0.744629,-28.405102,-1.109888,17.163353
9.472214,17.356766,-0.922852,-28.541431,-0.956482,15.250366
9.477123,17.356766,-1.291504,-28.574148,-0.975209,15.377797
9.481573,17.356766,-0.679932,-28.459633,-0.790905,15.114697
9.486942,17.356766,-0.904541,-28.459633,-0.703662,13.254986
9.493470,17.356766,-1.094971,-28.361477,-0.809092,13.986279
9.498271,13.945142,-1.225586,-28.301493,-0.690221,13.484791
9.504695,14.376331,-0.964355,-28.197886,-0.839642,14.098278
9.510636,15.014132,-0.435791,-28.186979,-0.906720,14.599165
9.515863,15.835568,-1.129150,-28.007027,-1.143028,16.257914
9.519858,15.986874,-0.697021,-27.974308,-1.276455,16.830429
9.527156,15.986874,-1.527100,-28.039747,-1.351346,17.893202
9.530920,15.986874,-0.673828,-28.154263,-1.318814,18.516346
9.534432,15.986874,-1.219482,-28.208792,-1.378073,18.237360
9.537872,18.893898,-1.539307,-28.246962,-1.418068,18.538477
9.541243,20.051558,-0.996094,-28.301493,-1.311197,17.840769
9.547445,20.183838,-1.352539,-28.426916,-1.343009,17.452236
9.550695,18.799347,-1.228027,-28.372383,-1.330833,18.012451
9.554085,17.134140,-1.165771,-28.519617,-1.097627,16.323868
9.557594,20.309811,-1.607666,-28.574148,-1.040011,15.921276
9.561187,15.910928,-1.473389,-28.541431,-1.009117,15.472858
9.566154,15.560025,-0.552979,-28.530523,-0.877882,14.637455
9.570178,15.560025,-1.253662,-28.383291,-0.798092,13.515516
9.577060,15.560025,-0.385742,-28.416010,-0.632330,13.033253
9.582850,15.560025,-0.979004,-28.334211,-0.744302,13.435552
9.587926,15.560025,-1.003418,-28.290588,-0.672327,13.963760
9.592436,15.560025,-0.811768,-28.083372,-0.938988,14.765718
9.599126,15.560025,-0.373535,-28.061558,-0.930449,14.818029
9.602504,14.306726,-0.637207,-28.290588,-0.867926,13.290808
9.607522,12.981666,-1.333008,-28.236055,-0.909012,14.870941
9.610741,12.981666,-1.187744,-28.208792,-0.954091,14.976177
9.613898,12.981666,-0.108643,-28.448727,-0.740519,13.527529
9.617866,14.234575,-0.782471,-28.601414,-0.665448,12.983790
9.621139,13.117908,-0.925293,-28.519617,-0.659641,12.836834
9.624362,12.289072,-0.496826,-28.459633,-0.512595,12.202984
9.629924,12.937855,-0.747070,-28.323305,-0.630564,12.599445
9.633140,11.967480,-0.754395,-28.372383,-0.347732,11.835954
9.636577,10.525439,-0.578613,-28.448727,-0.471888,11.495595
9.639860,12.001916,-0.452881,-28.486900,-0.457170,9.883776
9.645570,8.519722,-0.687256,-28.225153,-0.523339,11.043670
9.648861,12.042732,-0.412598,-28.312401,-0.335937,10.393538
9.653576,12.042732,-0.583496,-28.197886,-0.522440,11.711480
9.659179,12.042732,-0.449219,-28.154263,-0.539531,11.810506
9.663880,12.042732,-0.262451,-27.996122,-0.805468,12.889191
9.671534,12.042732,-1.219482,-28.099731,-1.056137,14.861444
9.678323,12.042732,-0.930176,-27.925232,-1.083767,15.741222
9.681653,12.042732,-1.062012,-28.099731,-0.955084,15.004637
9.687734,12.042732,-1.342773,-28.110638,-1.197381,16.758806
9.691246,12.042732,-0.914307,-28.083372,-1.144134,16.981846
9.695410,12.042732,-1.292725,-28.083372,-1.371708,18.078499
9.699771,13.793906,-1.376953,-28.110638,-1.270469,17.376194
9.704272,13.793906,-1.341553,-28.143354,-1.220853,17.116665
9.709677,13.793906,-1.439209,-28.197886,-1.312474,18.287176
9.714300,13.793906,-0.998535,-28.350569,-1.219593,17.129726
9.717520,13.793906,-0.712891,-28.394196,-1.208692,17.252327
9.722371,13.793906,-0.966797,-28.372383,-1.082912,16.152868
9.728169,13.793906,-0.955811,-28.361477,-1.183981,16.863106
9.731858,13.793906,-0.587158,-28.497807,-1.070565,16.022608
9.737424,15.032668,-1.578369,-28.426916,-0.807188,14.079563
9.743187,16.703207,-1.298828,-28.383291,-0.943703,15.245173
9.747979,15.223345,-1.124268,-28.246962,-1.000055,15.356474
9.751236,15.563278,-0.720215,-28.197886,-0.850280,14.308107
9.756047,15.799839,-1.079102,-28.154263,-1.051137,15.674160
9.759594,15.146896,-0.797119,-28.143354,-1.057692,15.715600
9.765550,15.755871,-1.217041,-28.110638,-1.228557,15.665621
9.768887,15.787565,-1.080322,-28.083372,-1.274729,17.293627
9.772120,18.700031,-1.492920,-28.143354,-1.318005,18.049911
9.780731,17.078772,-1.484375,-28.154263,-1.401796,18.373581
9.783954,19.024427,-1.010742,-28.186979,-1.343089,17.980139
9.787876,19.558428,-1.362305,-28.246962,-1.446889,18.806530
9.791535,18.756081,-1.518555,-28.257870,-1.425257,18.860188
9.795457,18.824268,-0.888672,-28.486900,-1.254040,17.567299
9.800912,18.338957,-0.878906,-28.426916,-1.247135,17.461535
9.806017,16.892860,-1.229248,-28.416010,-1.109362,16.405972
9.809245,18.090582,-1.375732,-28.541431,-0.999396,17.218540
9.812564,16.853636,-1.003418,-28.530523,-0.955045,15.230867
9.815943,16.437649,-1.533203,-28.448727,-0.933784,14.987844
9.821176,16.057428,-0.869141,-28.459633,-0.930697,13.974239
9.825893,16.057428,-1.063232,-28.323305,-0.910709,14.732462
9.829667,16.057428,-1.351318,-28.372383,-0.986336,14.120335
9.837259,16.057428,-0.565186,-28.176073,-1.038868,15.585749
9.840552,16.057428,-1.368408,-28.165165,-0.986528,15.244637
9.847941,16.057428,-1.231689,-28.110638,-1.240104,16.706570
9.853096,16.057428,-1.477051,-28.121542,-1.270827,16.334372
9.856859,16.057428,-1.473389,-28.083372,-1.313001,17.407038
9.860470,16.059645,-0.839844,-28.176073,-1.274649,17.408464
9.863861,19.324444,-1.137695,-28.236055,-1.267204,17.401787
9.868181,18.214375,-0.594482,-28.246962,-1.367726,18.190376
9.871514,17.967827,-1.097412,-28.257870,-1.335189,17.918879
9.875469,18.487865,-1.596680,-28.323305,-1.226137,17.211750
9.881901,17.648485,-0.610352,-28.383291,-1.227960,17.212868
9.885139,17.201157,-1.046143,-28.372383,-1.064551,16.092793
9.888586,18.520041,-1.655273,-28.552334,-0.945314,16.934040
9.892323,18.520041,-1.164551,-28.459633,-1.012575,15.618874
9.897489,15.812249,-1.232910,-28.486900,-0.869892,15.252126
9.900703,15.812249,-0.635986,-28.475992,-0.843357,14.332102
9.906116,15.812249,-1.141357,-28.437819,-0.837912,14.185619
9.911357,15.812249,-0.909424,-28.268776,-0.688682,12.983788
9.914991,15.812249,-1.276855,-28.361477,-0.830831,14.107639
9.918276,15.812249,-0.969238,-28.154263,-0.875728,14.339474
9.923123,15.812249,-0.644531,-28.208792,-0.888278,14.104567
9.926860,15.812249,-0.841064,-28.061558,-1.018971,15.394543
9.930035,15.812249,-1.129150,-28.028841,-1.109133,16.016928
9.933229,15.812249,-1.036377,-28.110638,-1.231833,15.734703
9.938443,15.812249,-0.706787,-28.083372,-1.207661,16.815128
9.941648,15.812249,-0.974121,-28.028841,-1.335993,18.474899
9.944860,15.812249,-1.678467,-28.099731,-1.416523,18.396326
9.948147,15.812249,-0.783691,-28.143354,-1.369812,18.116121
9.952161,15.812249,-1.329346,-28.186979,-1.513414,19.271347
9.956098,15.812249,-1.107178,-28.416010,-1.349282,18.005548
9.960862,15.812249,-1.352539,-28.416010,-1.340921,18.128975
9.964461,15.812249,-1.376953,-28.666849,-1.043012,15.423568
9.970665,15.812249,-0.738525,-28.737740,-0.678930,14.172930
9.975012,15.812249,-0.590820,-28.645039,-0.547709,12.053280
9.984371,12.802235,-0.567627,-28.475992,-0.509898,11.799494
9.987884,12.813983,-0.411377,-28.426916,-0.542805,11.953734
9.993879,11.094486,-0.867920,-28.257870,-0.646967,12.621977
9.997153,12.261364,-0.743408,-28.083372,-0.710406,12.950345
10.000378,12.724585,-1.042480,-27.936136,-0.825653,13.420240
10.004544,14.603129,-1.021729,-27.870701,-1.067411,15.574066
10.009551,12.787827,-1.103516,-27.914326,-0.933815,15.894575
10.014912,15.783832,-0.559082,-28.323305,-0.998348,15.785631
10.018771,13.994392,-0.976562,-28.225153,-1.156131,14.871363
10.022423,15.185136,-0.330811,-28.246962,-1.056159,15.785950
10.025753,15.185136,-1.269531,-28.497807,-1.025263,15.575001
10.030421,15.185136,-0.456543,-28.437819,-0.837317,14.326303
10.033629,15.185136,-0.938721,-28.448727,-0.866951,14.492336
10.036962,15.185136,-0.515137,-28.497807,-0.735893,13.527391
10.040162,15.185136,-0.509033,-28.486900,-0.521778,11.986289
10.043520,15.185136,-0.523682,-28.677757,-0.344735,12.037622
10.046883,12.417827,-0.439453,-28.781364,-0.207328,10.134869
10.052768,12.417827,-0.522461,-28.574148,-0.134441,9.047947
10.058232,12.417827,-0.166016,-28.759552,0.233455,6.421607
10.061499,12.417827,0.148926,-28.688663,0.173830,6.394366
10.065223,12.417827,0.148926,-28.519617,0.115295,6.802443
10.070141,12.417827,-0.004883,-28.208792,0.089481,7.208828
10.073419,12.417827,-0.363770,-28.072466,-0.091567,8.318274
10.078921,12.417827,-0.531006,-28.017935,-0.095568,8.776951
10.082347,12.417827,-0.100098,-27.974308,-0.344239,10.250111
10.089868,8.297325,0.238037,-28.154263,-0.245175,9.627745
10.093127,8.932046,-0.551758,-28.110638,-0.467125,11.249968
10.100149,10.556799,-0.032959,-27.914326,-0.779225,13.437498
10.103664,11.103574,-0.740967,-27.892511,-0.841578,13.888893
10.107268,12.543604,-0.543213,-28.197886,-0.731610,13.146609
10.110536,13.279740,-0.622559,-28.121542,-0.809412,13.853457
10.114254,12.953214,-0.748291,-28.143354,-0.882490,14.382587
10.119423,14.696299,-1.013184,-28.110638,-1.036450,14.873735
10.122686,12.118390,-0.880127,-28.236055,-0.837056,14.862786
10.127643,13.703523,-1.329346,-28.334211,-1.039002,14.939087
10.130892,16.237804,-0.889893,-28.176073,-1.027562,15.558339
10.137661,14.505806,-1.148682,-28.246962,-1.007568,15.872208
10.140904,14.505806,-0.892334,-28.236055,-1.075917,14.833752
10.145331,13.890922,-1.113281,-28.186979,-1.084285,15.953682
10.149869,13.890922,-1.477051,-28.236055,-1.248793,15.939598
10.156926,13.890922,-0.731201,-28.154263,-1.235895,17.063854
10.162612,13.890922,-0.988770,-28.225153,-1.121933,16.773632
10.166500,13.890922,-1.502686,-28.246962,-1.301704,17.678118
10.170007,13.890922,-0.749512,-28.350569,-1.239910,17.255045
10.177433,13.890922,-1.068115,-28.301493,-1.090679,17.010233
10.180996,13.890922,-1.116943,-28.394196,-1.137220,17.332649
10.186172,13.890922,-0.509033,-28.475992,-1.073423,16.062109
10.191885,13.890922,-1.265869,-28.426916,-0.998357,15.483791
10.196600,13.890922,-1.308594,-28.437819,-0.860404,14.619183
10.200982,13.890922,-0.959473,-28.372383,-0.993097,15.610739
10.205563,13.890922,-1.245117,-28.301493,-1.000376,14.852324
10.208814,13.890922,-1.235352,-28.268776,-0.904042,14.689804
10.213872,13.890922,-0.681152,-28.176073,-1.084724,15.922197
10.218253,13.890922,-0.998535,-28.143354,-1.084365,15.919450
10.221582,13.890922,-1.271973,-28.186979,-1.195069,16.768101
10.227709,13.890922,-0.943604,-28.225153,-1.100195,16.123783
10.233996,13.890922,-0.877686,-28.110638,-1.382300,18.184223
10.238189,13.890922,-0.793457,-28.246962,-1.192178,16.831585
10.242609,17.390583,-1.589355,-28.312401,-1.235807,17.223280
10.248295,17.754774,-1.191406,-28.323305,-1.235449,17.229675
10.251885,18.310349,-0.880127,-28.437819,-1.109488,16.127573
10.256714,16.627396,-1.601562,-28.383291,-1.062055,16.453678
10.262279,17.210119,-1.667480,-28.394196,-0.939001,15.065476
10.267915,17.210119,-1.215820,-28.459633,-0.978995,15.360342
10.271164,17.210119,-0.925293,-28.459633,-0.725436,15.195194
10.277985,17.210119,-0.780029,-28.519617,-0.515499,11.945892
10.283300,17.210119,-1.153564,-28.530523,-0.470610,11.728724
10.291937,17.210119,-0.294189,-28.530523,-0.329560,10.478784
10.295260,17.210119,-0.233154,-28.519617,-0.252858,10.167262
10.299360,17.210119,-0.356445,-28.383291,-0.214871,9.602840
10.305106,17.210119,-0.424805,-28.208792,-0.275953,10.679892
10.308432,17.210119,0.021973,-28.132448,-0.409738,10.686647
10.313626,17.210119,-0.620117,-28.110638,-0.479177,11.332575
10.318250,17.210119,-0.184326,-27.881603,-0.656409,12.550677
10.323116,17.210119,-0.399170,-28.072466,-0.773293,13.506193
10.327605,17.210119,-0.844727,-28.050652,-0.958705,14.256631
10.332523,17.210119,-0.761719,-28.186979,-0.872187,14.336977
10.337928,13.937704,-0.738525,-28.186979,-0.914362,14.657238
10.342026,14.526103,-1.202393,-28.197886,-1.001797,15.331592
10.345869,15.679815,-1.397705,-28.372383,-1.031798,14.146818
10.351273,15.283429,-0.587158,-28.246962,-1.010170,15.733644
10.355009,15.937531,-0.766602,-28.383291,-0.812594,14.004947
10.358166,14.541948,-0.878906,-28.383291,-0.783695,14.182690
10.362518,15.633102,-0.551758,-28.361477,-0.764797,14.614491
10.366642,15.793820,-0.944824,-28.312401,-0.872042,14.429358
10.369873,15.793820,-1.209717,-28.350569,-0.721182,13.310844
10.373132,15.793820,-1.032715,-28.225153,-0.878959,14.449438
10.377510,15.793820,-1.004639,-28.225153,-0.830611,14.049866
10.381270,15.793820,-1.473389,-28.197886,-0.974582,13.802645
10.386521,15.793820,-0.690918,-28.165165,-0.986399,15.163486
10.389834,15.793820,-1.577148,-28.099731,-1.012946,15.416720
10.397486,16.339645,-1.353760,-28.061558,-1.286698,16.629562
10.402774,16.339645,-0.769043,-28.121542,-1.222536,17.006605
10.407895,16.339645,-0.893555,-28.176073,-1.341968,17.592842
10.413477,16.339645,-1.520996,-28.268776,-1.247814,17.316261
10.417042,16.339645,-1.259766,-28.350569,-1.269266,18.053898
10.420583,16.339645,-1.146240,-28.350569,-1.200929,16.985203
10.423782,16.339645,-0.798340,-28.475992,-1.074966,16.113350
10.429705,16.339645,-0.955811,-28.361477,-1.163493,16.704651
10.433162,16.339645,-1.008301,-28.497807,-0.937918,15.073882
10.437128,16.339645,-1.231689,-28.552334,-0.942472,15.118620
10.441876,16.339645,-0.635986,-28.426916,-0.949198,15.106104
10.445518,16.339645,-1.064453,-28.448727,-0.828874,14.201199
10.449413,16.339645,-1.223145,-28.530523,-0.684007,14.447138
10.452610,16.339645,-0.814209,-28.448727,-0.724180,13.403246
10.455776,16.339645,-0.836182,-28.279682,-0.826883,14.061609
10.458991,16.339645,-1.232910,-28.372383,-0.829618,12.859699
10.465316,16.339645,-1.258545,-28.165165,-0.803629,14.037230
10.469386,13.031130,-1.239014,-28.165165,-0.841445,14.087849
10.474266,15.376430,-0.898438,-27.996122,-1.172089,15.775724
10.483780,16.461700,-1.575928,-28.154263,-1.215356,16.856062
10.487322,17.444670,-1.217041,-28.028841,-1.262437,17.256691
10.490552,15.911325,-0.856934,-28.110638,-1.311881,17.640045
10.493752,18.669943,-1.434326,-28.416010,-1.133571,16.517971
10.499794,14.990293,-0.866699,-28.601414,-0.903639,14.889141
10.504243,16.869717,-0.800781,-28.623224,-0.801852,14.122705
10.507714,15.573085,-0.811768,-28.590508,-0.737516,14.369101
10.512727,13.939072,-1.021729,-28.508709,-0.539750,13.031420
10.516336,13.738381,-0.759277,-28.475992,-0.559025,12.170243
10.521254,13.739872,-0.944824,-28.350569,-0.651916,11.366663
10.524877,13.739872,-0.859375,-28.279682,-0.541580,11.944534
10.528049,13.739872,-0.887451,-28.236055,-0.494690,12.314462
10.532909,13.739872,-0.269775,-28.165165,-0.666104,12.036243
10.536871,13.739872,-0.461426,-28.165165,-0.758080,13.411221
10.540180,13.739872,-0.895996,-28.143354,-0.709736,13.078392
10.543529,13.739872,-1.262207,-28.007027,-0.872968,14.225405
10.548221,13.739872,-0.963135,-28.039747,-0.982761,15.064329
10.551503,13.739872,-0.966797,-28.143354,-1.037300,15.559915
10.557302,13.739872,-1.027832,-28.121542,-1.078927,15.985069
10.560573,13.739872,-1.190186,-28.154263,-1.077113,15.846639
10.563933,14.861574,-0.864258,-28.290588,-1.116925,16.261129
10.569227,14.861574,-0.866699,-28.257870,-0.915716,15.959936
10.575549,17.292990,-0.688477,-28.257870,-1.165105,16.591633
10.579319,16.513796,-1.290283,-28.236055,-1.025335,16.178020
10.588201,18.445023,-0.899658,-28.208792,-1.148581,16.464586
10.593291,15.339319,-1.235352,-28.301493,-1.016259,15.523108
10.597779,18.368925,-1.470947,-28.361477,-1.075157,16.152231
10.603270,16.739216,-1.173096,-28.323305,-1.002818,15.437136
10.607888,16.853811,-1.281738,-28.176073,-1.234215,17.096584
10.611189,16.599926,-1.457520,-28.257870,-1.007011,15.578554
10.614883,15.928841,-0.629883,-28.246962,-1.135518,16.421881
10.618098,16.592327,-1.163330,-28.225153,-1.136794,16.387323
10.621317,18.331951,-1.496582,-28.301493,-1.150615,15.417933
10.625656,16.205809,-1.186523,-28.208792,-1.158982,16.544548
10.629249,16.205809,-1.125488,-28.323305,-0.985216,16.760727
10.633171,16.205809,-1.414795,-28.236055,-1.229519,17.170959
10.638582,16.205809,-1.383057,-28.225153,-1.223345,17.003729
10.641918,16.205809,-1.418457,-28.176073,-1.238253,17.127703
10.646274,16.205809,-1.201172,-28.039747,-1.481645,18.891006
10.651134,16.205809,-1.386719,-28.061558,-1.385135,18.624546
10.655225,16.205809,-1.589355,-28.208792,-1.411860,19.146883
10.660475,16.205809,-1.075439,-28.323305,-1.446945,18.246954
10.665639,16.205809,-1.011963,-28.508709,-1.200656,17.114933
10.669876,16.205809,-1.363525,-28.530523,-1.266275,17.547333
10.673062,16.205809,-1.242676,-28.426916,-1.041796,17.164560
10.676886,16.205809,-1.237793,-28.486900,-1.091056,16.246569
10.681889,16.205809,-0.998535,-28.416010,-1.042711,15.816626
10.685470,16.826408,-1.295166,-28.405102,-0.938201,15.046790
10.689141,16.196468,-0.666504,-28.508709,-0.799878,15.534657
10.693919,15.415680,-0.815430,-28.383291,-0.794253,14.740736
10.701095,15.707135,-0.800781,-28.334211,-0.913861,13.317478
10.705882,14.572210,-0.986328,-28.279682,-0.846429,14.194006
10.710324,14.133410,-0.676270,-28.257870,-0.824080,13.922240
10.715878,14.133410,-0.515137,-28.099731,-1.047294,15.601809
10.719512,14.133410,-0.870361,-28.099731,-1.098196,15.823840
10.722889,15.637384,-1.080322,-28.236055,-1.191995,15.441017
10.728904,14.911441,-0.751953,-28.176073,-1.197813,16.762119
10.732160,16.651798,-1.193848,-28.416010,-0.993327,15.436607
10.737156,15.703804,-1.074219,-28.655945,-0.903541,14.630869
10.740892,15.356030,-0.523682,-28.519617,-0.856465,14.464970
10.745194,15.582636,-1.080322,-28.655945,-0.565642,12.341158
10.751663,11.203417,-0.841064,-28.634130,-0.434406,11.318281
10.755892,12.846013,-0.728760,-28.459633,-0.499487,11.710342
10.759783,11.535062,-0.465088,-28.279682,-0.494042,10.162601
10.764761,11.397349,-0.447998,-28.246962,-0.540575,11.208223
10.768489,10.808847,-0.480957,-28.246962,-0.428978,11.045658
10.774750,10.858619,-0.440674,-28.225153,-0.501140,11.570116
10.778210,10.858619,-0.500488,-28.290588,-0.407536,10.913242
10.781907,10.858619,-0.664062,-28.350569,-0.508970,11.813541
10.786883,10.858619,-0.565186,-28.208792,-0.664024,12.727463
10.791323,10.858619,-0.468750,-28.050652,-0.548056,12.115128
10.794883,10.858619,-0.827637,-28.279682,-0.638767,12.769915
10.799336,10.858619,-0.126953,-28.154263,-0.766195,13.511328
10.807786,12.395122,-0.563965,-27.985216,-0.936516,14.672568
10.811498,13.171704,-0.991211,-27.974308,-0.844002,14.580578
10.815618,13.035975,-0.704346,-28.197886,-0.879088,15.127998
10.818883,14.361110,-0.474854,-28.121542,-0.830377,14.104188
10.822152,13.009880,-0.776367,-28.176073,-1.105216,16.052692
10.827437,15.423346,-0.972900,-28.350569,-0.810394,14.004168
10.830991,12.758920,-0.653076,-28.405102,-0.755865,14.741838
10.836625,15.364039,-1.180420,-28.459633,-0.801863,13.986996
10.841587,12.955906,-1.047363,-28.372383,-0.840220,13.085947
10.845708,13.234779,-0.697021,-28.350569,-0.811501,13.968725
10.848952,13.234779,-0.941162,-28.257870,-0.811868,13.931681
10.852259,13.234779,-0.454102,-28.301493,-0.755710,13.537512
10.857586,13.234779,-0.363770,-28.475992,-0.543046,12.049563
10.863312,13.234779,-0.789795,-28.437819,-0.639206,12.998626
10.866523,13.234779,-0.798340,-28.361477,-0.600855,12.408893
10.869881,13.234779,-1.127930,-28.323305,-0.567779,12.134181
10.874681,13.234779,-0.783691,-28.394196,-0.526884,12.104916
10.878431,13.234779,-0.422363,-28.383291,-0.499440,11.660206
10.881785,13.234779,-0.532227,-28.372383,-0.467455,11.427156
10.885543,13.234779,-1.071777,-28.246962,-0.683401,12.033269
10.890544,13.234779,-0.859375,-28.132448,-0.609607,12.319736
10.893890,13.234779,-0.943604,-27.903418,-0.966971,14.840326
10.897173,13.234779,-0.737305,-27.936136,-0.860273,13.885984
10.900776,13.234779,-1.041260,-28.121542,-0.956442,15.252143
10.911066,13.234779,-1.113281,-28.121542,-1.029338,15.694654
10.918579,13.234779,-1.074219,-28.323305,-0.910647,15.538794
10.923153,14.522239,-0.521240,-28.437819,-0.867213,14.486185
10.927750,16.669439,-0.705566,-28.497807,-0.781062,13.828408
10.933675,14.106649,-0.687256,-28.426916,-0.712903,13.899721
10.940334,12.686480,-1.055908,-28.688663,-0.428437,11.321940
10.943677,11.568876,-0.948486,-28.497807,-0.400634,11.699253
10.948897,11.619027,-0.598145,-28.416010,-0.500244,11.687571
10.952214,11.866632,-0.622559,-28.497807,-0.277398,10.068960
10.955885,9.983727,-0.640869,-28.426916,-0.447176,11.202120
10.959149,9.983727,-0.463867,-28.197886,-0.371021,11.218956
10.963607,9.983727,-0.162354,-28.132448,-0.551525,11.878461
10.969668,9.983727,-0.612793,-28.132448,-0.549528,11.870758
10.973548,9.983727,-0.699463,-27.985216,-0.792564,13.520103
10.982030,9.983727,-1.011963,-28.017935,-1.141932,16.213175
10.988781,14.647145,-0.947266,-27.985216,-1.086676,15.845757
10.992038,14.647145,-0.908203,-28.028841,-1.337706,17.721907
10.995777,15.377028,-1.250000,-28.208792,-1.176299,17.101791
11.002524,16.665867,-1.436768,-28.394196,-1.163041,16.728081
11.009593,17.253178,-1.020508,-28.486900,-1.067250,17.591101
11.012899,17.253178,-0.888672,-28.416010,-1.130148,16.491499
11.017926,17.253178,-1.285400,-28.475992,-0.834055,15.257722
11.023682,17.253178,-0.484619,-28.486900,-0.891498,14.688507
11.028214,17.253178,-0.740967,-28.394196,-0.887321,14.607252
11.032262,17.253178,-0.821533,-28.508709,-0.828431,13.223841
11.037230,17.253178,-0.548096,-28.323305,-0.808988,14.079778
11.041314,14.583325,-0.993652,-28.257870,-0.755192,13.533587
11.045186,12.767391,-1.026611,-28.154263,-0.868987,14.537815
11.052913,14.142321,-0.976562,-28.225153,-1.087296,14.385653
11.058232,15.883173,-1.385498,-28.208792,-0.919526,14.712999
11.061524,14.273571,-0.994873,-28.050652,-1.119840,16.133753
11.065758,16.775024,-0.568848,-27.996122,-1.271075,17.228716
11.069160,16.009502,-0.832520,-28.061558,-1.272900,16.565559
11.072512,16.970713,-1.411133,-28.039747,-1.332889,17.821016
11.079733,16.970713,-1.093750,-28.197886,-1.428504,18.619631
11.085620,16.970713,-1.258545,-28.246962,-1.246924,17.912975
11.088891,17.806944,-1.427002,-28.405102,-1.102423,16.927849
11.094275,17.806944,-0.722656,-28.426916,-1.145144,16.634306
11.099504,17.806944,-1.483154,-28.590508,-0.859587,15.724042
11.102789,17.806944,-1.160889,-28.563240,-0.802157,14.065053
11.111358,17.806944,-0.761719,-28.508709,-0.555863,12.540462
11.114799,17.806944,-0.736084,-28.459633,-0.610582,12.549057
11.120157,17.806944,-0.733643,-28.459633,-0.474442,11.521843
11.123365,17.806944,-0.718994,-28.459633,-0.535157,11.921481
11.127144,17.806944,-0.363770,-28.246962,-0.637859,12.032980
11.130623,17.806944,-0.556641,-28.225153,-0.547157,11.914251
11.134462,17.806944,-0.604248,-28.039747,-0.830905,13.916275
11.137741,17.806944,-0.639648,-28.165165,-0.806370,12.763866
11.142883,17.806944,-0.677490,-28.154263,-0.746208,13.360649
11.146078,17.806944,-1.058350,-28.186979,-0.813468,13.892086
11.149893,17.806944,-0.849609,-28.257870,-0.764032,13.569256
11.153227,17.806944,-0.876465,-28.323305,-0.739680,13.431639
11.158224,14.027320,-1.318359,-28.448727,-0.773493,12.740106
11.163390,11.276781,-0.698242,-28.361477,-0.422690,12.484581
11.170386,11.422884,-0.339355,-28.645039,-0.295996,10.296531
11.173574,10.295906,-0.065918,-28.519617,-0.369254,11.220638
11.176794,10.667757,-0.339355,-28.475992,-0.222754,10.586126
11.180802,11.190586,0.278320,-28.437819,-0.289833,10.859703
11.186571,8.767077,-0.310059,-28.394196,-0.170595,9.268616
11.190307,8.767077,-0.299072,-28.497807,-0.072806,8.548718
11.193498,8.767077,-0.539551,-28.361477,-0.379822,10.602404
11.199416,8.767077,-0.684814,-27.996122,-0.381097,10.899769
11.202998,8.767077,-0.855713,-27.892511,-0.712105,12.897882
11.209173,8.767077,-0.733643,-27.914326,-0.884975,14.230883
11.215691,8.767077,-0.675049,-28.061558,-0.973322,15.009493
11.221531,8.767077,-0.661621,-27.985216,-1.177453,16.887932
11.224886,8.767077,-0.991211,-27.974308,-1.315782,17.562733
11.228212,8.767077,-0.895996,-28.050652,-1.274346,17.369141
11.234390,8.767077,-1.558838,-28.099731,-1.423945,18.497183
11.239152,8.767077,-1.562500,-28.383291,-1.254363,16.749397
11.242418,8.767077,-1.423340,-28.426916,-1.111132,17.501038
11.246962,8.767077,-0.974121,-28.497807,-1.115860,16.429749
11.250263,8.767077,-0.987549,-28.497807,-1.004443,15.586151
11.256958,8.767077,-1.219482,-28.530523,-0.972094,15.298805
11.260191,8.767077,-1.077881,-28.601414,-0.703440,13.353525
11.264471,8.767077,-0.895996,-28.475992,-0.666914,12.987328
11.270080,8.767077,-0.738525,-28.437819,-0.634745,14.177066
11.274889,13.967052,-1.076660,-28.394196,-0.658017,12.863080
11.278224,12.548099,-0.482178,-28.186979,-0.828338,14.004639
11.281721,15.282618,-0.490723,-28.236055,-0.717826,13.219923
11.285901,13.846165,-0.554199,-28.083372,-0.953039,14.872293
11.290181,15.597168,-1.060791,-28.017935,-1.057923,15.618244
11.294708,16.584044,-1.263428,-28.121542,-1.056475,15.689057
11.298035,16.422029,-0.970459,-27.936136,-1.286783,17.298443
11.301717,16.870436,-1.596680,-27.974308,-1.295511,17.902115
11.306536,19.174400,-1.539307,-28.083372,-1.475650,18.883701
11.315404,18.159967,-1.550293,-28.186979,-1.404041,18.492031
11.318974,18.159967,-0.957031,-28.301493,-1.421677,18.668184
11.324070,18.159967,-1.206055,-28.497807,-1.159575,18.397406
11.333670,18.159967,-1.188965,-28.541431,-1.086515,16.650229
11.339576,17.877275,-1.464844,-28.655945,-0.770426,14.425223
11.348322,17.877275,-0.924072,-28.486900,-0.777879,13.839735
11.351710,17.877275,-0.759277,-28.530523,-0.672825,13.005577
11.355158,17.877275,-0.664062,-28.257870,-0.843508,13.976828
11.360671,17.877275,-0.861816,-28.225153,-0.786618,13.716625
11.364234,17.877275,-1.175537,-28.225153,-0.848422,14.184962
11.367591,17.877275,-0.565186,-28.154263,-0.886235,14.419125
11.371028,17.877275,-0.965576,-28.208792,-0.808987,14.897936
11.374686,17.877275,-1.171875,-28.083372,-1.097641,14.833220
11.378423,17.877275,-0.485840,-28.028841,-1.108914,16.015259
11.382172,17.877275,-0.966797,-28.007027,-1.108922,16.604021
11.386387,17.877275,-1.433105,-28.186979,-1.121283,16.237259
11.389597,17.877275,-0.773926,-28.143354,-1.335597,17.688778
11.395066,16.280300,-0.899658,-28.197886,-1.258347,16.891018
11.398276,18.955139,-1.245117,-28.246962,-1.312156,17.759115
11.401642,17.422464,-1.367188,-28.279682,-1.151839,17.783518
11.407803,18.949095,-0.946045,-28.301493,-1.304168,17.743977
11.411242,17.174505,-0.948486,-28.437819,-1.052065,15.906040
11.419422,15.940184,-1.536865,-28.552334,-0.898292,13.960325
11.425206,14.078413,-0.705566,-28.459633,-0.746887,14.220612
11.428900,15.605338,-0.622559,-28.508709,-0.815955,14.086512
11.432207,15.517483,-1.156006,-28.416010,-0.619653,12.628917
11.437119,13.986254,-0.521240,-28.361477,-0.740896,13.386732
11.440352,13.039673,-0.794678,-28.301493,-0.656197,12.785221
11.444470,13.039673,-0.687256,-28.279682,-0.766355,13.397458
11.450202,13.039673,-0.493164,-28.099731,-0.732553,14.141234
11.454531,13.039673,-0.711670,-28.099731,-0.951405,14.872375
11.459931,13.039673,-0.483398,-27.996122,-1.050293,15.543052
11.463437,13.039673,-0.570068,-27.974308,-1.051023,15.865143
11.466905,13.039673,-1.157227,-28.165165,-1.263880,17.219467
11.471895,13.039673,-1.274414,-28.007027,-1.306603,17.510815
11.476246,13.039673,-1.541748,-28.165165,-1.282251,17.457890
11.479513,13.039673,-0.921631,-28.143354,-1.327696,17.818468
11.483200,13.039673,-1.525879,-28.186979,-1.285713,17.610086
11.489096,13.039673,-1.065674,-28.361477,-1.205197,17.027332
11.494431,13.039673,-1.257324,-28.405102,-1.256640,17.463150
11.497940,13.039673,-0.989990,-28.459633,-1.101413,16.304676
11.501289,13.039673,-1.154785,-28.541431,-0.830768,15.228446
11.509001,13.039673,-0.837402,-28.601414,-0.701714,14.869207
11.512673,13.039673,-0.903320,-28.519617,-0.641561,13.653908
11.520891,13.039673,-0.583496,-28.437819,-0.560497,11.987122
11.524294,13.039673,-0.447998,-28.312401,-0.634843,12.631696
11.529902,13.039673,-0.585938,-28.290588,-0.738095,13.307257
11.534256,13.039673,-0.196533,-28.257870,-0.641213,12.642297
11.537705,13.039673,-1.098633,-28.039747,-0.885697,14.329606
11.542203,13.039673,-0.751953,-28.061558,-0.736287,14.198959
11.546617,13.039673,-0.968018,-28.372383,-0.671222,12.947857
11.549901,13.039673,-0.377197,-28.372383,-0.747749,13.520082
11.553285,11.538155,-0.971680,-28.323305,-0.679772,13.303102
11.556824,14.077414,-0.612793,-28.383291,-0.751393,14.123553
11.561917,14.077414,-0.565186,-28.361477,-0.699776,13.156382
11.566071,14.077414,-0.976562,-28.334211,-0.708689,13.204672
11.569558,14.077414,-1.166992,-28.448727,-0.585090,12.895342
11.572898,14.077414,-0.858154,-28.225153,-0.661616,12.780818
11.576787,14.077414,-0.676270,-28.372383,-0.679978,12.934322
11.580282,14.077414,-1.149902,-28.416010,-0.549109,12.055429
11.585181,11.835483,-0.472412,-28.459633,-0.416610,11.342270
11.591253,11.835483,-0.620117,-28.497807,-0.133054,9.590488
11.596573,11.835483,-0.491943,-28.634130,-0.044537,8.413005
11.600028,11.835483,-0.650635,-28.677757,0.148864,7.005325
11.603381,11.835483,0.074463,-28.394196,-0.071271,7.866255
11.611074,11.835483,0.369873,-28.225153,0.100864,7.517063
11.615106,11.835483,-0.399170,-28.350569,-0.150706,7.071608
11.618326,11.835483,-0.437012,-27.925232,-0.131087,9.738711
11.624588,11.835483,0.159912,-28.257870,-0.186893,8.638463
11.629295,11.835483,-0.385742,-28.186979,-0.345765,9.453540
11.632572,11.835483,-0.501709,-27.947044,-0.450649,10.237804
11.637229,11.835483,-0.139160,-28.017935,-0.552807,13.030395
11.640527,11.835483,-0.557861,-27.936136,-0.661875,11.457805
11.647101,11.835483,-0.195312,-28.099731,-0.852374,13.907790
11.650667,11.835483,-0.859375,-28.039747,-0.878188,13.936977
11.655900,11.835483,-0.791016,-28.257870,-0.800762,14.868583
11.661640,11.835483,-1.135254,-28.323305,-0.902194,14.626346
11.667901,11.835483,-0.482178,-28.279682,-0.828039,15.089127
11.674204,11.835483,-0.772705,-28.268776,-0.941102,14.923002
11.677559,11.835483,-1.196289,-28.290588,-0.895305,14.749901
11.683201,14.464617,-1.315918,-28.350569,-0.959117,14.429363
11.688270,14.464617,-1.174316,-28.208792,-0.909134,15.100382
11.692487,14.464617,-0.537109,-28.312401,-0.900771,14.623727
11.695904,14.464617,-1.040039,-28.197886,-1.062371,15.785938
11.699228,14.464617,-1.358643,-28.197886,-0.996212,15.310147
11.706971,14.438522,-1.323242,-28.225153,-1.180536,16.647478
11.713527,14.438522,-1.517334,-28.176073,-1.009494,15.454218
11.718565,14.438522,-0.777588,-28.257870,-1.067490,17.099777
11.726462,14.438522,-0.645752,-28.323305,-1.210545,16.955101
11.731933,14.438522,-0.892334,-28.394196,-1.146206,16.530930
11.738149,15.690426,-1.514893,-28.301493,-0.928634,15.894035
11.744231,16.662086,-0.729980,-28.301493,-0.897203,15.966381
11.752560,16.162601,-1.231689,-28.426916,-1.030263,14.768762
11.758281,17.026220,-1.160889,-28.279682,-0.973372,15.177849
11.761535,14.935205,-1.242676,-28.312401,-0.878676,14.524824
11.765779,17.122633,-0.887451,-28.312401,-0.968836,15.168413
11.769144,14.518939,-0.587158,-28.246962,-0.841787,14.636686
11.774911,15.242437,-1.193848,-28.268776,-0.905229,14.649469
11.780207,15.242437,-0.830078,-28.186979,-1.016659,15.483463
11.784153,15.242437,-1.315918,-28.257870,-0.969767,15.691584
11.788282,17.412159,-0.732422,-28.246962,-1.042301,15.888628
11.795912,16.153337,-1.058350,-28.323305,-1.024312,15.559149
11.802086,14.482132,-1.076660,-28.208792,-0.876733,14.543720
11.816914,15.796768,-1.196289,-28.677757,-0.372339,12.111880
11.828637,12.870472,-0.043945,-28.623224,-0.358526,10.753262
11.831896,11.153700,-0.452881,-28.563240,-0.122783,8.955200
11.839471,11.153700,-0.201416,-28.497807,-0.093885,7.677458
11.844717,11.153700,0.074463,-28.290588,-0.034086,8.152514
11.850305,11.153700,0.047607,-28.039747,-0.246398,9.570248
11.854032,11.153700,0.021973,-27.821623,-0.534507,11.555715
11.857223,11.153700,-0.396729,-27.914326,-0.646300,10.392876
11.862908,11.153700,-0.738525,-27.936136,-0.747916,13.218765
11.867442,11.153700,-0.401611,-27.936136,-0.928056,13.001516
11.870895,11.520900,-0.852051,-27.936136,-0.932055,14.647109
11.875247,13.105461,-0.305176,-28.165165,-0.925699,13.864429
11.878476,12.611724,-0.324707,-28.208792,-0.841910,14.808415
11.884146,13.645692,-0.933838,-28.225153,-0.930977,14.812572
11.887680,12.695587,-1.546631,-28.246962,-1.069672,15.815802
11.890922,12.695587,-0.391846,-28.312401,-0.865917,14.392364
11.894652,12.695587,-0.457764,-28.361477,-0.921724,14.845587
11.900211,12.695587,-0.441895,-28.508709,-0.714694,13.373646
11.903992,12.695587,-1.013184,-28.361477,-0.814127,14.024597
11.907270,12.695587,-1.114502,-28.383291,-0.855755,14.289131
11.912157,12.695587,-1.395264,-28.334211,-0.826860,13.056970
11.916748,12.695587,-0.778809,-28.208792,-1.008281,14.374889
11.930314,12.695587,-0.769043,-28.121542,-0.978657,15.096167
11.934318,15.375917,-0.583496,-28.165165,-1.116626,16.679684
11.939807,15.375917,-0.626221,-28.039747,-1.308757,15.669298
11.944215,15.375917,-1.424561,-28.143354,-1.326397,17.700508
11.947925,15.375917,-1.063232,-28.186979,-1.219701,16.993862
11.951472,15.375917,-1.115723,-28.154263,-1.408382,18.424685
11.957655,15.375917,-1.682129,-28.361477,-1.271699,17.510647
11.961445,15.375917,-0.817871,-28.394196,-1.159370,17.952572
11.966640,15.375917,-1.173096,-28.459633,-1.160830,16.764847
11.970172,15.375917,-1.159668,-28.497807,-0.992338,15.750748
11.975281,15.375917,-0.977783,-28.448727,-1.025241,16.021486
11.978746,15.375917,-1.361084,-28.530523,-0.859285,14.494743
11.982065,15.375917,-1.159668,-28.519617,-0.873106,14.592604
11.986492,14.620783,-0.938721,-28.519617,-0.791858,13.293490
11.990901,14.137062,-1.041260,-28.486900,-0.579376,12.642433
11.995763,11.454090,-1.064453,-28.323305,-0.706074,13.177202
12.000176,13.984131,-0.313721,-28.334211,-0.602652,12.403971
12.003509,11.672772,-1.092529,-28.257870,-0.728078,13.179274
12.010044,12.869360,-0.880127,-28.176073,-0.722811,13.199821
12.013955,12.694836,-0.609131,-28.007027,-1.029462,15.393386
12.017665,14.974630,-1.042480,-27.974308,-1.116173,14.444228
12.024052,14.335172,-0.887451,-27.936136,-1.228510,16.974823
12.028502,16.980940,-1.165771,-28.099731,-1.290682,17.467268
12.035036,15.884661,-1.251221,-28.301493,-1.086928,17.557758
12.038955,15.884661,-0.936279,-28.530523,-0.984771,15.460014
12.042207,15.884661,-1.040039,-28.508709,-1.001318,15.587692
12.046205,14.567332,-1.297607,-28.541431,-0.855908,14.521789
12.049721,15.950693,-1.225586,-28.814085,-0.536546,12.189158
12.054142,12.538173,-0.343018,-28.737740,-0.494196,11.852398
12.057644,13.049334,-0.178223,-28.726835,-0.253354,10.025146
12.061018,12.842475,-0.755615,-28.590508,-0.343340,10.505207
12.067415,9.994116,-0.676270,-28.334211,-0.399690,10.834348
12.070977,11.401731,-0.379639,-28.165165,-0.306083,10.158579
12.076123,9.935526,-0.316162,-28.039747,-0.634364,12.382649
12.080355,9.935526,-0.664062,-28.099731,-0.542943,11.363097
12.086475,9.935526,-0.605469,-28.154263,-0.650549,12.641376
12.089711,11.758946,-1.154785,-28.110638,-0.771071,13.516821
12.095942,11.758946,-0.739746,-28.039747,-0.837606,14.124355
12.101570,11.758946,-0.858154,-28.072466,-1.023195,15.396887
12.105582,15.512918,-0.854492,-28.110638,-1.117718,16.315863
12.108910,16.602209,-1.038818,-28.072466,-1.111541,16.092283
12.112169,15.021893,-0.621338,-28.165165,-1.202073,16.840015
12.117938,18.224483,-1.278076,-28.312401,-1.123186,16.353491
12.121591,17.038357,-1.271973,-28.246962,-1.187175,16.793011
12.125051,15.715023,-0.789795,-28.312401,-1.209718,16.449223
12.128592,18.087830,-0.988770,-28.257870,-1.151379,15.886409
12.135109,16.373114,-1.406250,-28.361477,-1.104668,15.928415
12.138284,16.117241,-1.029053,-28.372383,-0.874186,15.502460
12.142266,17.832190,-0.623779,-28.394196,-1.034332,15.734848
12.146031,14.920671,-1.203613,-28.334211,-1.039244,14.874020
12.151124,17.048956,-1.094971,-28.279682,-0.803857,14.018166
12.156187,14.129017,-0.556641,-28.279682,-0.936374,15.108992
12.160597,14.562203,-1.129150,-28.323305,-0.862945,14.368179
12.165689,14.562203,-0.834961,-28.236055,-1.014545,15.139342
12.172065,14.562203,-0.765381,-28.246962,-1.186868,14.898153
12.177467,14.818840,-1.066895,-28.246962,-1.186877,15.085414
12.182246,14.818840,-1.599121,-28.110638,-1.248682,16.364807
12.187015,14.818840,-1.491699,-28.246962,-1.222515,16.966478
12.192262,14.818840,-0.975342,-28.208792,-1.215067,16.976341
12.197999,14.818840,-1.215820,-28.279682,-1.259966,17.382729
12.201619,14.818840,-1.381836,-28.257870,-1.294874,17.634537
12.207905,14.818840,-1.871338,-28.334211,-1.224173,17.151503
12.211267,14.818840,-1.447754,-28.350569,-1.294705,17.712545
12.215298,14.818840,-1.524658,-28.383291,-1.216367,17.565027
12.218641,14.818840,-1.068115,-28.426916,-1.061135,16.023890
12.224133,14.818840,-1.301270,-28.437819,-1.026248,15.707047
12.229924,17.299908,-0.692139,-28.361477,-0.971364,15.269213
12.238619,16.280767,-1.099854,-28.350569,-0.816501,14.422438
12.244627,15.627373,-0.887451,-28.323305,-0.889762,14.572608
12.249621,15.070720,-0.490723,-28.279682,-0.824508,14.067587
12.253620,14.734310,-0.811768,-28.334211,-0.813244,13.997925
12.257918,15.323069,-1.102295,-28.143354,-0.976297,15.095015
12.263916,15.323069,-0.539551,-28.236055,-0.891418,14.519722
12.267912,15.323069,-0.950928,-28.279682,-0.975579,15.194719
12.271634,15.323069,-1.003418,-28.475992,-0.730199,13.468445
12.277960,15.172855,-1.209717,-28.383291,-0.755653,12.692343
12.284689,15.172855,-0.264893,-28.448727,-0.656050,12.383883
12.288649,15.172855,-1.132812,-28.574148,-0.520453,12.376883
12.292722,15.172855,-0.163574,-28.312401,-0.614800,12.106724
12.298710,15.172855,-0.300293,-28.405102,-0.480659,11.021060
12.305400,15.172855,-0.660400,-28.372383,-0.413773,11.011147
12.309219,15.172855,-0.361328,-28.361477,-0.349612,11.466425
12.313913,15.172855,-0.031738,-28.301493,-0.398695,10.847340
12.319147,15.172855,-0.247803,-28.459633,-0.266371,10.039392
12.323023,15.172855,-0.705566,-28.372383,-0.505949,10.365450
12.326279,15.172855,-0.845947,-28.132448,-0.486139,11.398364
12.329595,15.172855,-0.579834,-28.143354,-0.559394,11.911922
12.333800,15.172855,-0.246582,-28.143354,-0.610115,12.360403
12.340126,11.340332,-0.562744,-28.007027,-0.724818,13.095865
12.343331,13.498195,-1.035156,-28.186979,-0.657206,12.713855
12.350074,12.617882,-0.858154,-28.246962,-0.724833,13.265142
12.355666,13.183342,-0.635986,-28.290588,-0.914784,14.619287
12.358951,13.312634,-0.600586,-28.132448,-0.699573,13.927856
12.362660,13.202180,-1.079102,-28.323305,-0.763927,13.615455
12.369393,13.921544,-1.105957,-28.383291,-0.683949,13.051811
12.374919,12.539139,-0.263672,-28.236055,-0.793569,13.490566
12.378650,13.521988,-0.729980,-28.350569,-0.600166,12.450298
12.382709,13.521988,-0.363770,-28.334211,-0.659248,12.830858
12.388404,13.521988,-0.479736,-28.268776,-0.596002,13.252001
12.392381,13.521988,-0.119629,-28.437819,-0.608004,12.576038
12.399385,13.521988,-1.242676,-28.334211,-0.553662,12.035318
12.404258,13.521988,-0.714111,-28.246962,-0.670363,12.820284
12.409241,13.521988,-0.758057,-28.197886,-0.779608,13.573304
12.413125,13.521988,-0.534668,-28.132448,-0.865775,14.231697
12.419635,13.521988,-0.911865,-28.083372,-0.742362,14.450733
12.426650,13.521988,-0.418701,-28.426916,-0.757268,13.639345
12.432018,13.521988,-0.684814,-28.334211,-0.780361,13.748045
12.435205,13.521988,-1.153564,-28.416010,-0.694030,13.078527
12.443942,13.521988,-1.112061,-28.197886,-0.957417,14.058247
12.449051,13.521988,-0.860596,-28.197886,-0.857813,14.236041
12.454375,14.244879,-1.068115,-28.165165,-0.803110,15.293578
12.460411,16.052969,-0.952148,-28.448727,-0.828200,14.365051
12.467194,13.613753,-0.522461,-28.405102,-0.832209,14.154257
12.470993,14.599922,-1.134033,-28.361477,-0.549920,12.145100
12.475147,13.058943,-0.579834,-28.519617,-0.575014,12.616324
12.480833,12.104214,-0.400391,-28.426916,-0.507581,11.771311
12.485007,13.271416,-0.878906,-28.361477,-0.538850,12.201892
12.489173,11.218651,-0.257568,-28.312401,-0.423797,11.079248
12.495108,11.736776,-0.789795,-28.312401,-0.581578,12.186742
12.500181,11.473917,-0.844727,-28.165165,-0.535778,11.818327
12.506145,11.473917,-1.029053,-28.176073,-0.727185,12.688586
12.510656,11.473917,-0.328369,-28.072466,-0.733738,13.525832
12.516389,11.696383,-1.019287,-28.061558,-0.917872,14.589235
12.519619,11.696383,-1.069336,-28.154263,-0.712477,13.650453
12.523718,11.696383,-0.937500,-28.132448,-1.038029,14.483953
12.529414,12.098158,-0.753174,-28.246962,-0.923159,15.338306
12.532662,12.098158,-0.474854,-28.132448,-1.090208,15.955416
12.537528,12.098158,-1.284180,-28.197886,-1.018415,16.460989
12.544059,12.098158,-1.335449,-28.246962,-1.004065,15.889915
12.549138,12.098158,-1.276855,-28.361477,-0.939546,14.149674
12.557274,12.098158,-0.461426,-28.437819,-0.706522,13.572649
12.564935,12.098158,-0.965576,-28.437819,-0.763247,13.532562
12.570476,12.098158,-1.041260,-28.323305,-0.658187,12.483974
12.574449,12.098158,-0.987549,-28.405102,-0.618744,12.573584
12.577674,12.098158,-0.511475,-28.372383,-0.757981,13.500053
12.581423,13.804992,-0.623779,-28.165165,-0.755626,13.344313
12.588435,14.028561,-0.723877,-28.072466,-0.941038,14.772976
12.595409,13.021798,-0.819092,-28.143354,-1.051745,15.984436
12.600280,16.669241,-1.029053,-28.154263,-1.244968,17.055923
12.605081,15.065771,-1.046143,-28.050652,-1.252790,16.376133
12.608331,18.129911,-0.621338,-28.017935,-1.151548,17.675266
12.612457,15.758286,-0.925293,-28.110638,-1.340226,17.028591
12.619670,18.800568,-1.394043,-28.383291,-1.237175,16.488386
12.624675,18.546354,-0.876465,-28.361477,-1.134297,17.037094
12.628364,18.546354,-1.088867,-28.486900,-0.988338,15.453490
12.634165,18.546354,-1.059570,-28.541431,-1.007975,15.967524
12.638659,18.546354,-0.549316,-28.426916,-0.956538,15.162444
12.642231,18.546354,-0.828857,-28.519617,-0.750784,13.656578
12.649603,18.546354,-0.913086,-28.563240,-0.593196,12.465572
12.655924,18.546354,-0.574951,-28.459633,-0.495774,11.682381
12.660171,18.546354,-0.737305,-28.301493,-0.603750,12.456764
12.664647,18.546354,-0.382080,-28.334211,-0.571218,12.130875
12.669627,18.546354,-0.434570,-28.154263,-0.659018,13.158712
12.674941,18.546354,-0.830078,-28.246962,-0.832067,12.577230
12.678677,14.181751,-0.761719,-28.301493,-0.836437,12.443604
12.684417,14.181751,-0.368652,-28.176073,-0.789907,13.706022
12.688135,14.181751,-0.739746,-28.208792,-0.647592,13.471416
12.695355,12.753951,-0.635986,-28.448727,-0.557072,12.170064
12.699048,12.202868,-0.607910,-28.497807,-0.484738,11.000083
12.703560,11.813240,-0.611572,-28.530523,-0.467471,12.285039
12.706940,11.439922,0.150146,-28.486900,-0.336235,10.502120
12.711913,11.027816,-0.334473,-28.612322,-0.137928,9.095327
12.715062,10.364731,-0.422363,-28.405102,-0.357877,10.451881
12.719487,9.033557,-0.523682,-28.323305,-0.067418,10.013135
12.723576,8.109739,-0.340576,-28.574148,-0.034884,8.622548
12.726934,6.826722,-0.343018,-28.383291,-0.140678,9.347391
12.732829,9.043843,-0.672607,-28.186979,-0.314819,9.742073
12.736251,8.451039,-0.100098,-28.110638,-0.218663,9.407535
12.739567,8.327449,-0.419922,-28.039747,-0.289739,9.677852
12.743665,8.496027,-0.839844,-28.028841,-0.662379,12.572758
12.753288,8.496027,-0.789795,-27.843435,-0.658749,12.579322
12.757222,8.496027,-0.257568,-28.083372,-0.734730,14.152466
12.761121,8.496027,-0.679932,-27.974308,-0.999761,15.142694
12.767929,8.496027,-0.667725,-27.903418,-1.172809,16.400620
12.771622,8.496027,-1.132812,-28.143354,-1.092289,15.980061
12.775759,14.355206,-1.214600,-28.165165,-1.198632,16.795486
12.780980,14.355206,-1.123047,-28.208792,-1.255350,17.494972
12.786947,14.355206,-1.435547,-28.301493,-1.083037,17.358755
12.793491,14.355206,-0.743408,-28.383291,-1.171563,16.785048
12.798377,14.355206,-1.058350,-28.394196,-1.036881,16.141657
12.803679,14.355206,-0.843506,-28.519617,-0.903467,14.825722
12.808641,15.149121,-0.959473,-28.459633,-0.772601,14.765062
12.812338,16.391264,-0.852051,-28.552334,-0.682085,14.586258
12.819402,14.596252,-0.474854,-28.334211,-0.739896,13.441051
12.825726,14.207994,-0.325928,-28.361477,-0.633746,12.657061
12.828954,14.207994,-0.504150,-28.257870,-0.786616,13.504957
12.832353,14.207994,-1.185303,-28.186979,-0.788075,13.707940
12.836051,14.207994,-0.880127,-28.257870,-0.698284,13.072397
12.839350,14.207994,-1.055908,-28.197886,-1.046744,13.789099
12.845012,14.742720,-0.881348,-28.017935,-1.050386,15.625380
12.854071,16.390461,-0.954590,-28.007027,-1.337226,17.746380
12.860146,15.179214,-1.007080,-28.225153,-1.166728,16.617552
12.864208,15.179214,-1.408691,-28.143354,-1.397224,18.145355
12.870937,15.179214,-1.057129,-28.225153,-1.211456,16.823387
12.874922,15.179214,-1.228027,-28.459633,-1.297806,17.777092
12.878918,15.179214,-1.379395,-28.416010,-1.176932,17.193542
12.883207,15.179214,-1.832275,-28.574148,-0.981355,15.467657
12.887668,15.179214,-0.943604,-28.508709,-0.976635,15.380309
12.891576,15.179214,-1.163330,-28.459633,-0.933561,15.011161
12.897445,15.179214,-1.026611,-28.612322,-0.595653,12.539801
12.901931,15.179214,-1.230469,-28.519617,-0.614748,12.580594
12.908157,15.179214,-0.737305,-28.437819,-0.596942,12.431073
12.911832,15.179214,-0.748291,-28.301493,-0.596036,12.332047
12.915935,15.179214,-0.518799,-28.165165,-0.740918,12.290211
12.923478,15.179214,-0.935059,-27.985216,-0.943230,14.702620
12.929922,14.055021,-0.895996,-28.017935,-1.085930,15.376556
12.936303,15.671056,-1.398926,-28.039747,-1.122104,16.124664
12.941925,16.805227,-0.714111,-28.083372,-1.246985,17.353422
12.947739,16.805227,-1.270752,-28.197886,-1.125388,17.713947
12.954759,18.189138,-1.120605,-28.416010,-1.220281,17.362030
12.958393,18.189138,-1.047363,-28.448727,-0.943268,16.014332
12.964921,18.189138,-1.052246,-28.612322,-0.941823,14.714050
12.968460,17.933668,-1.101074,-28.530523,-0.874566,14.612001
12.972003,14.554914,-0.394287,-28.497807,-0.782961,13.886455
12.977760,14.520794,-1.221924,-28.552334,-0.487046,11.723204
12.983155,13.085361,-0.491943,-28.475992,-0.507778,11.758506
12.987093,12.462034,-0.649414,-28.475992,-0.486147,10.666143
12.990650,10.893979,-0.576172,-28.290588,-0.569588,11.567093
12.996934,10.756696,-1.000977,-28.110638,-0.496701,10.915386
13.000674,10.756696,-0.611572,-28.061558,-0.768817,13.233932
13.007918,10.756696,-1.162109,-28.061558,-0.973859,14.934069
13.013929,12.452379,-0.976562,-27.936136,-1.225620,16.812307
13.021936,15.762111,-1.097412,-28.039747,-1.280156,17.617783
13.026688,15.762111,-1.379395,-28.143354,-1.178193,16.768774
13.034153,15.762111,-1.019287,-28.372383,-1.219464,17.115038
13.041021,15.762111,-1.297607,-28.437819,-0.994985,15.555881
13.046070,17.340271,-1.539307,-28.563240,-1.009893,15.679628
13.049950,15.933349,-1.387939,-28.666849,-0.658357,14.340036
13.058272,15.306079,-0.883789,-28.601414,-0.551847,12.199781
13.062223,12.438916,-1.102295,-28.437819,-0.627834,12.664717
13.065955,13.373442,-0.943604,-28.475992,-0.463880,11.452942
13.069214,12.124424,-0.429688,-28.350569,-0.617663,12.475636
13.074559,10.871143,-0.290527,-28.165165,-0.693282,12.969915
13.077920,12.916436,-1.202393,-28.246962,-0.634576,12.584894
13.081439,13.094167,-0.076904,-28.083372,-0.714197,13.497405
13.088133,13.340654,-0.549316,-28.301493,-0.556065,12.076035
13.094195,12.945146,-0.471191,-28.225153,-0.555895,13.116091
13.101953,11.399456,-0.308838,-28.437819,-0.581894,12.247665
13.109240,11.399456,-0.887451,-28.257870,-0.558632,12.883499
13.113479,11.399456,0.058594,-28.416010,-0.373231,11.762009
13.118245,11.399456,-0.051270,-28.655945,-0.188202,9.435708
13.127617,11.399456,-0.155029,-28.416010,-0.179113,9.296460
13.131203,11.399456,-0.067139,-28.552334,0.082444,7.432044
13.135803,11.399456,-0.042725,-28.634130,0.248577,6.252192
13.139443,11.399456,0.205078,-28.361477,0.073894,7.398679
13.143277,11.399456,-0.129395,-28.279682,0.164230,6.700473
13.147626,11.399456,0.030518,-28.268776,0.072973,7.347932
13.152010,11.399456,-0.242920,-28.225153,-0.121166,7.358173
13.163316,5.105958,-0.030518,-28.143354,-0.146982,8.900072
13.167412,9.056334,-0.321045,-28.083372,-0.412008,9.703769
13.174120,8.580327,-0.424805,-27.821623,-0.605598,12.113882
13.179935,10.022666,-0.468750,-28.165165,-0.535080,11.949063
13.186718,11.060431,-0.788574,-27.985216,-0.841730,13.957870
13.192178,13.410213,-1.066895,-28.072466,-0.866639,14.466934
13.200204,14.505397,-0.769043,-28.186979,-0.866650,14.339560
13.206124,14.878442,-0.881348,-28.176073,-1.011160,15.071474
13.210420,15.267399,-0.950928,-28.323305,-1.014985,14.219280
13.216977,14.351057,-1.075439,-28.312401,-0.809044,14.017828
13.222128,14.787608,-0.932617,-28.246962,-0.901396,15.113734
13.230691,14.424416,-0.871582,-28.257870,-0.958662,14.650589
13.236932,14.008497,-0.462646,-28.268776,-0.856874,13.716129
13.242147,14.008497,-0.566406,-28.208792,-0.903774,15.450580
13.246437,14.008497,-1.004639,-28.257870,-1.022839,15.389014
13.250675,14.008497,-1.350098,-28.290588,-0.971230,15.853851
13.261148,14.008497,-0.808105,-28.197886,-1.132280,15.656119
13.264657,14.008497,-1.000977,-28.186979,-1.207541,16.863968
13.270953,14.008497,-1.544189,-28.312401,-1.070854,15.950787
13.275024,15.068899,-1.512451,-28.312401,-1.231362,17.003456
13.278676,15.068899,-1.368408,-28.257870,-1.174834,16.225599
13.284813,18.075253,-1.591797,-28.334211,-1.127222,16.578838
13.291154,16.391800,-1.395264,-28.426916,-0.980541,15.042513
13.296371,14.935289,-0.794678,-28.372383,-1.081788,16.082916
13.299923,16.225422,-1.004639,-28.312401,-1.027808,15.620238
13.306149,15.409885,-1.356201,-28.459633,-0.860586,14.451771
13.310196,14.320697,-1.468506,-28.394196,-0.905310,15.142779
13.314657,15.600317,-0.867920,-28.448727,-0.928401,14.888354
13.319683,15.381824,-0.989990,-28.426916,-0.754628,13.619257
13.325619,15.381824,-1.113281,-28.268776,-0.893689,14.561571
13.329937,15.381824,-0.554199,-28.323305,-0.785362,13.778122
13.334167,15.381824,-0.605469,-28.268776,-0.957685,14.986844
13.339384,15.381824,-0.449219,-28.312401,-0.817181,14.011884
13.343234,15.381824,-1.420898,-28.176073,-1.013320,14.614641
13.350498,15.381824,-1.081543,-28.361477,-0.807925,13.977400
13.355932,15.381824,-0.664062,-28.350569,-0.646883,14.232398
13.363938,15.381824,-0.151367,-28.677757,-0.472574,11.649113
13.367216,15.381824,-0.676270,-28.623224,-0.344611,10.682188
13.371232,11.743244,-0.623779,-28.437819,-0.237192,10.190447
13.376583,11.743244,-0.148926,-28.437819,-0.356439,10.623129
13.379952,11.743244,-0.386963,-28.383291,-0.248649,9.787193
13.383759,11.743244,-0.848389,-28.448727,-0.154499,9.126374
13.387777,11.743244,0.135498,-28.279682,-0.280104,9.946497
13.391691,11.743244,-0.444336,-28.132448,-0.315194,10.131221
13.395759,11.743244,-0.601807,-28.154263,-0.508419,11.511212
13.399181,8.946770,-0.831299,-28.143354,-0.370095,10.484562
13.403069,10.481602,-0.008545,-28.050652,-0.574226,11.923967
13.406245,10.719923,-0.058594,-28.028841,-0.650754,12.556978
13.411845,11.919712,-0.374756,-28.099731,-0.755829,12.933924
13.419462,12.366360,-0.957031,-28.208792,-0.887618,14.588401
13.427948,13.712721,-0.915527,-28.312401,-0.656783,13.235249
13.435253,13.657933,-0.257568,-28.268776,-0.845466,14.337205
13.440649,13.303513,-0.821533,-28.361477,-0.791666,13.810162
13.446151,14.368265,-1.134033,-28.197886,-0.941087,14.272580
13.451786,14.761093,-1.110840,-28.257870,-0.846387,14.193689
13.455754,14.024108,-0.469971,-28.154263,-0.919645,14.672653
13.458982,14.024108,-0.828857,-28.121542,-1.053434,14.401164
13.465705,14.024108,-0.979004,-28.176073,-0.920929,14.785677
13.469043,15.444021,-0.986328,-28.197886,-1.119606,16.197968
13.473805,15.444021,-0.626221,-28.257870,-0.993282,15.313175
13.477350,15.444021,-1.181641,-28.301493,-1.078536,16.067749
13.480590,15.444021,-1.330566,-28.312401,-1.020555,15.564600
13.483956,15.444021,-1.188965,-28.225153,-1.111628,16.220407
13.488942,15.444021,-1.166992,-28.405102,-0.968944,16.402584
13.492732,15.444021,-0.887451,-28.383291,-1.012932,15.561701
13.496147,15.444021,-1.072998,-28.290588,-0.957321,16.101513
13.500930,15.444021,-0.878906,-28.394196,-1.005494,15.496017
13.504959,15.444021,-0.522461,-28.426916,-0.940612,14.574112
13.510578,15.444021,-1.046143,-28.312401,-0.758664,13.685289
13.515073,15.444021,-0.822754,-28.448727,-0.854280,14.506270
13.518557,13.205122,-0.449219,-28.350569,-0.721229,13.464545
13.524939,15.426154,-0.511475,-28.350569,-0.777039,13.722817
13.529606,13.300947,-1.030273,-28.197886,-0.903374,13.201155
13.536969,14.362580,-1.177979,-28.186979,-0.843765,14.416178
13.544410,15.031364,-0.517578,-28.225153,-0.765972,13.805214
13.548790,14.194145,-0.644531,-28.154263,-0.900309,14.719038
13.559222,14.820576,-0.603027,-28.394196,-0.747809,13.543949
13.563960,14.530195,-0.435791,-28.448727,-0.685655,13.137314
13.574926,14.530195,-0.634766,-28.405102,-0.732195,13.433122
13.579949,14.530195,-0.269775,-28.497807,-0.571337,12.110222
13.584941,14.530195,0.065918,-28.574148,-0.297233,10.292656
13.589269,14.530195,-0.256348,-28.601414,-0.178541,9.423079
13.593962,14.530195,-0.675049,-28.486900,-0.270160,9.940553
13.599469,14.530195,-0.086670,-28.437819,-0.050588,8.352273
13.605637,14.530195,-0.247803,-28.197886,-0.289076,8.646527
13.612843,14.530195,-0.361328,-28.039747,-0.420321,10.830894
13.616160,14.530195,-0.396729,-27.914326,-0.435226,10.927346
13.620045,14.530195,0.065918,-27.936136,-0.696981,12.680978
13.624236,14.530195,-1.199951,-28.050652,-0.934742,13.160494
13.631248,14.530195,-0.555420,-27.936136,-0.962560,15.323656
13.636221,14.575128,-1.494141,-28.017935,-1.107978,15.999372
13.639575,12.410074,-1.456299,-27.996122,-1.097257,15.991848
13.644190,15.242618,-1.485596,-28.099731,-1.223777,16.606426
13.648229,14.412910,-0.628662,-28.154263,-1.268309,17.341066
13.651580,17.494316,-1.081543,-28.372383,-1.130899,15.679309
13.656612,14.229071,-0.501709,-28.372383,-0.866429,16.371981
13.663936,15.477095,-1.279297,-28.459633,-0.909699,14.828043
13.670745,14.296474,-0.538330,-28.486900,-0.806281,13.435433
13.676975,13.548234,-0.662842,-28.405102,-0.647059,13.361567
13.684107,14.686193,-0.618896,-28.361477,-0.689600,13.051801
13.689783,12.285273,-0.811768,-28.268776,-0.674516,12.900718
13.693454,12.285273,-0.960693,-28.225153,-0.962081,14.924212
13.697700,12.285273,-0.539551,-28.143354,-1.049702,15.602701
13.704774,12.285273,-1.343994,-28.007027,-1.186763,16.533764
13.709321,12.285273,-0.754395,-27.996122,-1.293282,17.399176
13.714148,17.069454,-0.915527,-28.099731,-1.457246,17.525173
13.720758,17.069454,-0.993652,-28.132448,-1.519052,19.255745
13.725182,17.069454,-1.164551,-28.197886,-1.382368,18.192169
13.728590,17.069454,-1.728516,-28.225153,-1.547957,19.576214
13.732109,17.069454,-1.308594,-28.383291,-1.244955,17.432266
13.735261,17.069454,-1.413574,-28.426916,-1.169162,17.680750
13.740272,17.069454,-1.000977,-28.623224,-1.058104,16.091969
13.744938,17.069454,-0.784912,-28.552334,-0.907786,15.861378
13.748294,17.069454,-0.841064,-28.486900,-0.830541,15.545729
13.752950,17.380411,-1.315918,-28.497807,-0.835630,13.829437
13.756409,14.724113,-0.277100,-28.383291,-0.800374,13.935846
13.761790,15.350939,-1.450195,-28.459633,-0.660417,12.926649
13.765389,13.865158,-1.276855,-28.394196,-0.724405,13.134083
13.768645,12.890846,-0.737305,-28.290588,-0.924903,13.131470
13.776441,13.894148,-0.826416,-28.154263,-0.756587,13.489519
13.781784,11.375734,-0.705566,-28.083372,-1.061970,14.785779
13.787445,13.873466,-0.926514,-28.061558,-1.059429,15.664156
13.791640,13.873660,-1.018066,-28.050652,-1.235570,17.002064
13.797995,14.861823,-1.116943,-28.312401,-1.079620,15.626058
13.802481,15.597900,-0.267334,-28.519617,-0.733897,15.088676
13.808965,14.047245,-1.021729,-28.928598,-0.471247,12.421604
13.813447,13.115049,-0.656738,-28.748648,-0.389636,11.066379
13.817970,13.115049,-0.114746,-28.770458,-0.104448,8.857822
13.822638,13.115049,-0.195312,-28.677757,-0.138441,9.034878
13.827433,13.115049,-0.446777,-28.290588,-0.079558,8.518626
13.833382,13.115049,-0.085449,-28.197886,-0.280418,9.893975
13.837155,13.115049,-0.402832,-28.121542,-0.286054,9.880754
13.841168,13.115049,-0.427246,-28.236055,-0.242075,9.652467
13.845745,13.115049,-0.031738,-28.197886,-0.536544,10.054482
13.850810,13.115049,-0.612793,-28.061558,-0.412947,10.854610
13.855212,13.115049,-0.798340,-28.225153,-0.741412,11.416504
13.864435,13.115049,-1.235352,-28.050652,-0.588368,13.040687
13.868981,13.115049,-0.881348,-28.236055,-0.495857,12.039747
13.879468,12.181463,-0.256348,-28.268776,-0.611470,12.425985
13.884963,10.431235,-0.257568,-28.426916,-0.437156,11.796466
13.888397,11.133722,-0.098877,-28.486900,-0.347911,10.548197
13.893784,11.461269,-0.323486,-28.301493,-0.469158,11.373329
13.897730,11.461269,-0.426025,-28.279682,-0.502977,10.924080
13.902946,11.882992,-0.036621,-28.143354,-0.583322,12.130449
13.907935,10.700648,-0.516357,-28.132448,-0.738375,13.235986
13.911312,10.927899,-0.615234,-28.143354,-0.862167,12.877007
13.917635,11.015533,-0.743408,-28.143354,-0.793099,13.690710
13.921993,12.531488,-0.561523,-28.334211,-0.843091,14.070386
13.930038,12.102654,-0.250244,-28.334211,-0.801296,14.877018
13.939388,12.679146,-0.559082,-28.197886,-0.912914,14.654459
13.947942,12.679146,-1.110840,-28.383291,-0.768955,13.611634
13.955159,12.679146,-0.695801,-28.426916,-0.632635,12.693566
13.959410,12.679146,-0.646973,-28.257870,-0.851491,14.232460
13.963709,12.679146,-1.011963,-28.208792,-0.805872,13.850483
13.967833,12.679146,-1.206055,-28.323305,-0.736626,13.408504
13.973197,12.679146,-0.501709,-28.176073,-0.906220,14.570733
13.980137,12.679146,-1.198730,-28.361477,-0.921496,13.606829
13.984404,12.679146,-0.723877,-28.257870,-0.873875,14.402619
13.988198,12.679146,-1.308594,-28.279682,-0.821532,14.020970
13.993940,16.114054,-0.363770,-28.225153,-0.967859,15.093709
13.998203,13.674150,-0.987549,-28.225153,-0.905879,14.621527
14.002500,15.254091,-1.071777,-28.426916,-0.791372,13.891128
14.007164,12.681587,-0.197754,-28.448727,-0.555261,13.196831
14.013104,12.462079,-1.008301,-28.601414,-0.649241,12.038265
14.016360,12.732850,-0.643311,-28.508709,-0.384407,10.917430
14.022493,11.172073,-0.283203,-28.623224,-0.136666,9.092056
14.029726,11.172073,-0.721436,-28.372383,-0.321351,9.666670
14.037018,11.172073,-0.339355,-28.361477,-0.240110,9.695135
14.043215,11.172073,-0.051270,-28.143354,-0.329545,10.243797
14.049941,11.172073,-0.544434,-28.099731,-0.577121,10.843858
14.054707,11.172073,-0.385742,-27.914326,-0.724539,12.563200
14.058708,11.172073,-0.186768,-27.914326,-0.856333,13.997835
14.066268,11.172073,-0.618896,-27.985216,-1.105726,15.916706
14.071221,11.172073,-1.002197,-28.176073,-1.134087,15.006798
14.076694,11.172073,-1.137695,-28.143354,-1.093929,16.172495
14.086939,11.172073,-1.206055,-28.257870,-1.147007,16.905792
14.090671,11.172073,-0.694580,-28.361477,-0.971059,15.299302
14.095454,11.172073,-0.872803,-28.426916,-0.968517,15.254433
14.099715,11.172073,-0.930176,-28.448727,-0.833833,15.038073
14.104791,11.172073,-0.860596,-28.486900,-0.812932,14.107471
14.109588,11.172073,-0.986328,-28.541431,-0.681519,13.113518
14.113948,11.172073,-0.830078,-28.519617,-0.438314,12.742318
14.118791,11.172073,-0.615234,-28.497807,-0.516117,11.860724
14.122684,12.085251,-0.659180,-28.268776,-0.612646,12.522277
14.126492,10.489997,-0.717773,-28.186979,-0.600107,12.201180
14.133288,11.188192,-0.529785,-28.083372,-0.901305,13.924858
14.137217,13.580438,-1.009521,-27.947044,-0.873678,14.697567
14.140636,15.264185,-0.808105,-28.017935,-0.984198,15.058428
14.143847,13.344049,-1.005859,-27.974308,-1.125620,16.098730
14.148151,14.968573,-1.047363,-27.925232,-1.235234,16.617285
14.153170,16.537445,-1.153564,-28.017935,-1.341208,17.786442
14.157163,16.537445,-0.877686,-28.083372,-1.503350,19.098904
14.161207,19.051579,-1.076660,-28.257870,-1.269785,17.602509
14.169433,19.026472,-1.285400,-28.508709,-0.962240,16.700096
14.174632,17.254581,-0.484619,-28.645039,-0.787025,14.040806
14.183880,14.023842,-0.863037,-28.737740,-0.453124,11.418030
14.190798,13.503778,-0.404053,-28.563240,-0.379148,10.871076
14.195706,13.503778,-0.659180,-28.552334,-0.222286,9.689807
14.200102,13.503778,-0.559082,-28.416010,-0.395697,10.804628
14.204947,13.503778,-0.113525,-28.132448,-0.402249,11.115345
14.210413,13.503778,-0.838623,-28.050652,-0.659274,12.167788
14.214415,13.503778,-1.152344,-28.007027,-0.736348,12.441542
14.219610,13.503778,-0.404053,-28.072466,-0.826876,13.909807
14.225075,12.270435,-0.391846,-28.072466,-0.922490,13.540724
14.228648,11.539706,-0.750732,-28.208792,-0.735090,13.146919
14.233212,12.162028,-1.263428,-28.475992,-0.628396,12.661496
14.237178,11.412395,-1.013184,-28.301493,-0.739648,13.415859
14.243948,10.845275,-0.958252,-28.574148,-0.481725,11.088909
14.248245,11.174133,-0.606689,-28.530523,-0.348308,11.165547
14.253502,9.751368,-1.080322,-28.416010,-0.154184,11.113328
14.258436,10.631625,-0.297852,-28.645039,-0.084575,8.502901
14.264012,7.915553,0.074463,-28.574148,0.059925,7.911975
14.269400,8.056568,0.119629,-28.372383,-0.124575,8.793014
14.273961,6.228855,-0.581055,-28.099731,-0.218372,9.399146
14.280169,6.228855,-0.432129,-27.947044,-0.453773,11.040273
14.287961,6.228855,-0.374756,-27.821623,-0.738618,13.126171
14.298664,6.228855,-1.418457,-27.914326,-1.005825,15.150625
14.303444,6.228855,-1.297607,-27.843435,-1.286120,17.228771
14.309171,6.228855,-1.203613,-28.050652,-1.211054,16.814020
14.314205,6.228855,-1.120605,-28.061558,-1.473354,18.826534
14.318703,6.228855,-1.158447,-28.186979,-1.423917,18.740700
14.324067,6.228855,-0.970459,-28.486900,-1.277232,17.702450
14.329287,6.228855,-1.300049,-28.552334,-0.842629,16.192698
14.334645,6.228855,-1.035156,-28.634130,-0.913709,14.991703
14.339631,6.228855,-1.260986,-28.612322,-0.646511,12.926903
14.345948,6.228855,-0.270996,-28.508709,-0.374972,10.970771
14.362683,11.711777,-0.335693,-28.132448,-0.575830,12.251055
14.366485,12.910743,-0.572510,-28.050652,-0.743244,13.249373
14.373215,11.881624,-1.019287,-27.947044,-0.909204,14.437698
14.377468,15.554706,-0.433350,-27.947044,-1.061355,15.221411
14.383206,14.996328,-1.403809,-27.903418,-1.346011,17.724653
14.389798,17.092934,-1.668701,-28.039747,-1.320022,17.642044
14.394171,20.439827,-1.400146,-28.039747,-1.599227,19.589952
14.398527,18.299667,-1.645508,-28.143354,-1.591776,19.679529
14.403951,21.116411,-1.198730,-28.416010,-1.372204,18.373299
14.408169,21.116411,-1.600342,-28.486900,-1.353673,18.257101
14.414169,21.116411,-1.329346,-28.645039,-1.091384,16.376869
14.419278,21.116411,-0.661621,-28.699572,-0.915435,15.046692
14.423404,21.116411,-0.643311,-28.699572,-0.671326,14.716797
14.426757,21.116411,-1.365967,-28.852255,-0.564995,12.884103
14.433150,21.116411,-0.970459,-28.601414,-0.332881,11.037901
14.436366,21.116411,-0.269775,-28.497807,-0.323796,10.415698
14.443149,21.116411,-0.845947,-28.236055,-0.446863,11.147830
14.448951,11.813522,-0.407715,-28.225153,-0.558837,10.660650
14.452213,11.813522,-0.650635,-27.996122,-0.641912,12.325380
14.456512,11.813522,-0.994873,-28.007027,-0.696628,12.884860
14.462335,11.351886,-0.590820,-27.810719,-1.103610,15.800497
14.465605,14.888170,-1.115723,-27.843435,-1.135973,16.071949
14.469265,14.354897,-0.609131,-27.914326,-1.210139,17.213614
14.474307,18.173468,-0.712891,-28.072466,-1.304297,17.548931
14.477779,15.496832,-1.180420,-28.236055,-1.234687,17.150505
14.481020,17.162470,-0.616455,-28.459633,-1.077277,16.118093
14.485395,17.214872,-1.188965,-28.541431,-0.856254,15.534163
14.494831,16.199818,-0.748291,-28.666849,-0.704669,14.937994
14.499508,14.099426,-0.395508,-28.552334,-0.699402,13.288007
14.503415,12.575259,-1.010742,-28.508709,-0.494552,12.529355
14.506656,13.553603,-0.313721,-28.459633,-0.545996,12.060953
14.512164,11.627661,-0.576172,-28.323305,-0.431487,10.924942
14.516754,11.962840,-0.386963,-28.197886,-0.653793,12.695713
14.520044,11.314734,-1.181641,-28.290588,-0.447307,11.210035
14.524060,12.516029,-0.241699,-28.083372,-0.671069,12.746426
14.529641,12.516029,-1.110840,-28.007027,-0.834671,13.920715
14.533971,12.516029,-0.605469,-27.957951,-0.983179,15.004560
14.537738,12.516029,-1.359863,-27.957951,-1.061888,15.601036
14.543165,12.516029,-0.788574,-28.017935,-1.227124,16.909996
14.547161,12.516029,-1.068115,-28.154263,-1.211866,18.030745
14.552503,12.516029,-1.522217,-28.246962,-1.232406,17.142035
14.556789,12.516029,-0.515137,-28.268776,-1.306031,18.062702
14.560415,12.516029,-1.309814,-28.372383,-1.082636,16.181421
14.565662,12.516029,-0.928955,-28.530523,-1.095367,16.315172
14.569044,12.516029,-0.939941,-28.552334,-0.859977,15.697761
14.572857,12.516029,-1.385498,-28.666849,-0.937057,14.194302
14.576239,12.516029,-1.182861,-28.574148,-0.711661,13.396957
14.579854,12.516029,-0.478516,-28.563240,-0.702035,13.315791
14.583646,12.516029,-0.582275,-28.552334,-0.410300,12.211089
14.592187,12.516029,-0.263672,-28.394196,-0.477928,11.505747
14.595545,11.531206,-0.841064,-28.186979,-0.617711,12.417364
14.600076,12.417601,-0.523682,-28.268776,-0.709875,12.191542
14.604245,12.417601,-0.889893,-28.007027,-0.796221,13.631542
14.609987,12.040481,-0.593262,-28.017935,-0.928555,14.506594
14.616584,14.584760,-1.029053,-28.028841,-0.788964,13.813385
14.623431,14.344926,-1.260986,-28.312401,-0.876397,14.462542
14.628008,14.725063,-0.985107,-28.279682,-0.696820,14.817657
14.635257,13.963224,-0.727539,-28.552334,-0.693190,13.167757
14.639668,13.129253,-0.122070,-28.552334,-0.530697,11.511423
14.644716,13.129253,-1.123047,-28.448727,-0.465444,11.932324
14.648539,13.129253,-0.169678,-28.426916,-0.357113,12.006919
14.652979,13.129253,-0.156250,-28.519617,-0.350211,10.689232
14.657266,13.129253,-0.181885,-28.601414,-0.149178,9.172970
14.661073,13.129253,-0.552979,-28.383291,-0.250790,9.899582
14.664703,13.129253,-0.762939,-28.563240,0.117831,8.236940
14.670709,13.129253,-0.030518,-28.612322,0.085650,6.582010
14.677226,13.129253,-0.006104,-28.225153,0.187797,6.524343
14.685407,13.129253,0.599365,-28.323305,0.158710,6.730095
14.694558,13.129253,0.319824,-28.083372,0.074175,8.399875
14.701103,4.736141,-0.360107,-28.121542,-0.187214,9.182876
14.706172,6.921355,0.201416,-27.870701,-0.434068,11.203678
14.713016,9.789970,-0.108643,-27.925232,-0.646375,12.453603
14.717184,8.978270,-0.749512,-28.028841,-0.691824,12.732536
14.721320,10.979944,-1.203613,-28.039747,-0.948669,14.743698
14.727020,12.810503,-1.062012,-27.947044,-1.016473,14.902946
14.730364,13.069635,-0.979004,-28.154263,-0.834159,14.024703
14.733982,13.308049,-0.804443,-28.225153,-1.010479,15.419158
14.737354,13.308049,-1.108398,-28.279682,-0.837263,14.544210
14.740751,13.308049,-0.800781,-28.208792,-0.994126,15.319628
14.743980,13.308049,-0.976562,-28.268776,-0.917246,14.732794
14.749012,13.308049,-0.732422,-28.246962,-0.998141,15.093318
14.752668,13.308049,-0.841064,-28.225153,-1.021770,15.505480
14.758013,13.831531,-0.449219,-28.361477,-1.040320,14.840649
14.763334,13.831531,-1.113281,-28.334211,-0.926358,14.432667
14.768964,13.831531,-0.859375,-28.416010,-0.803124,13.980681
14.776697,13.831531,-1.234131,-28.416010,-0.845308,13.369444
14.784691,13.831531,-0.246582,-28.257870,-0.747339,13.782078
14.789188,13.831531,-1.065674,-28.236055,-0.751339,13.488807
14.793493,13.831531,-1.171875,-28.197886,-0.901127,14.682537
14.800403,13.831531,-1.503906,-28.225153,-0.886042,14.470678
14.805476,13.831531,-1.370850,-28.176073,-0.993113,14.954897
14.808751,13.831531,-0.787354,-28.110638,-0.990574,15.744789
14.812682,13.831531,-0.921631,-28.236055,-1.183249,16.641369
14.817705,13.831531,-0.799561,-28.121542,-1.190892,16.763035
14.822962,13.831531,-1.086426,-28.143354,-1.223796,16.272068
14.826728,13.831531,-0.971680,-28.225153,-1.148003,16.509127
14.834198,13.831531,-1.201172,-28.383291,-1.196730,16.033285
14.842981,14.800253,-0.711670,-28.361477,-1.061501,15.917975
14.848991,17.343615,-1.177979,-28.552334,-0.831569,14.298405
14.853478,14.832778,-1.354980,-28.372383,-0.890465,15.150419
14.859400,14.944876,-1.264648,-28.486900,-0.857755,13.521374
14.865984,14.133817,-0.450439,-28.383291,-0.709615,13.269403
14.869539,14.044549,-0.577393,-28.279682,-0.633824,12.937233
14.874957,13.720081,-0.903320,-28.361477,-0.779612,13.906610
14.880679,12.952408,-1.123047,-28.257870,-0.747082,13.326788
14.888703,14.340515,-0.938721,-28.312401,-0.605490,12.451241
14.893968,12.491100,-1.019287,-28.290588,-0.498981,12.015993
14.900714,12.198111,-0.622559,-28.448727,-0.538428,11.982174
14.905974,11.106502,-0.897217,-28.437819,-0.514443,10.814355
14.911961,11.106502,-0.466309,-28.334211,-0.432834,11.129581
14.917172,11.106502,-0.925293,-28.563240,-0.278336,10.075962
14.923221,11.106502,-0.253906,-28.405102,-0.318880,10.159945
14.926712,11.106502,-0.495605,-28.279682,-0.273260,9.977905
14.930212,11.106502,-0.643311,-28.246962,-0.437036,10.332481
14.935457,11.106502,-0.688477,-28.165165,-0.376152,10.602072
14.939423,9.630820,-0.128174,-28.208792,-0.523933,12.094850
14.944361,9.630820,-0.606689,-28.039747,-0.611188,12.363945
14.950528,10.193265,-0.864258,-28.186979,-0.415065,12.830283
14.954727,10.193265,-0.812988,-28.225153,-0.802418,13.342760
14.958490,10.193265,-0.349121,-28.061558,-0.795879,13.735357
14.965024,10.193265,-1.016846,-28.154263,-0.802066,13.805831
14.969491,12.371396,-1.062012,-28.257870,-0.832064,13.660434
14.974497,14.609894,-1.269531,-28.176073,-0.881875,14.402344
14.980125,14.972528,-1.140137,-28.176073,-1.019478,15.449543
14.983722,15.721849,-0.853271,-28.176073,-1.010939,15.384373
14.987097,15.721849,-0.787354,-28.312401,-1.009491,14.743120
14.990460,15.721849,-1.004639,-28.208792,-1.039300,15.626696
14.993702,15.721849,-1.145020,-28.208792,-1.042756,15.666039
15.001985,15.721849,-0.921631,-28.334211,-0.922986,14.834509
15.008093,15.422450,-0.717773,-28.405102,-0.755035,13.665478
15.014173,15.422450,-0.368652,-28.323305,-0.858651,14.548826
15.019525,15.422450,-0.627441,-28.437819,-0.799400,13.928432
15.024047,15.422450,-0.914307,-28.405102,-0.697614,13.170664
15.028011,15.422450,-0.739746,-28.290588,-0.755057,13.524760
15.033598,15.422450,-0.638428,-28.268776,-0.759426,13.542217
15.037267,15.422450,-0.972900,-28.208792,-0.911754,14.653873
15.041982,15.422450,-1.069336,-28.186979,-0.945389,14.699599
15.048760,15.422450,-0.614014,-28.110638,-0.935582,14.749444
15.054979,15.422450,-1.535645,-28.257870,-0.990843,16.588131
15.058567,15.422450,-1.208496,-28.279682,-1.108269,14.943334
15.062681,15.422450,-1.461182,-28.246962,-1.086640,15.540518
15.066717,16.573977,-1.217041,-28.323305,-1.030481,15.640748
15.073621,14.689679,-1.243896,-28.323305,-0.986500,15.320555
15.076994,16.843586,-0.916748,-28.486900,-0.950517,14.389616
15.082413,14.176985,-1.071777,-28.361477,-0.866904,14.426811
15.085769,15.771267,-1.381836,-28.350569,-0.624616,13.357655
15.092832,15.771267,-0.817871,-28.394196,-0.787849,13.982679
15.096372,15.771267,-0.456543,-28.312401,-0.744588,13.461048
15.099611,13.274574,-0.885010,-28.268776,-0.639904,12.370434
15.111181,13.226283,-0.122070,-28.208792,-0.753514,13.454611
15.115293,13.737128,-0.314941,-28.208792,-0.670634,12.886604
15.120670,11.109808,-0.991211,-28.426916,-0.564305,11.730805
15.126991,12.336897,-0.563965,-28.257870,-0.753168,13.444217
15.132347,10.689939,-0.317383,-28.405102,-0.324928,11.943544
15.138968,10.689939,0.102539,-28.634130,-0.361654,10.739628
15.143408,10.689939,-0.123291,-28.519617,-0.201340,9.785990
15.149961,10.689939,-0.721436,-28.197886,-0.336039,10.347945
15.155968,10.689939,-0.258789,-28.143354,-0.410753,10.535259
15.162209,10.689939,-0.589600,-27.947044,-0.706313,12.915490
15.168193,10.689939,-0.952148,-28.154263,-0.780302,13.617755
15.176026,12.077589,-0.843506,-28.072466,-0.872646,14.255336
15.179521,14.135295,-1.138916,-28.121542,-0.921365,14.660982
15.183417,13.106461,-0.454102,-28.028841,-1.113867,15.738564
15.188988,16.277641,-1.292725,-28.099731,-1.298187,16.169847
15.195027,17.351147,-1.284180,-28.121542,-1.158773,16.226925
15.198773,16.080368,-1.202393,-28.186979,-1.125530,16.683561
15.216577,18.167431,-0.987549,-28.437819,-1.010838,15.588371
15.220130,17.895523,-1.228027,-28.486900,-0.883608,15.514807
15.226292,13.918508,-1.343994,-28.601414,-0.770735,13.826493
15.232817,13.918508,-0.447998,-28.486900,-0.754017,13.344821
15.236777,13.918508,-1.219482,-28.475992,-0.579883,12.327902
15.240056,13.918508,-0.974121,-28.197886,-0.886532,14.453999
15.243525,13.918508,-0.902100,-28.072466,-0.889990,14.386458
15.246884,13.918508,-1.236572,-28.061558,-0.886725,14.197114
15.252428,13.918508,-1.292725,-28.061558,-1.099762,15.971673
15.255985,13.918508,-0.584717,-28.017935,-1.130483,16.171009
15.259262,13.918508,-0.682373,-28.154263,-1.262455,16.153217
15.264875,13.918508,-1.402588,-28.099731,-1.335169,16.913780
15.268279,13.918508,-1.241455,-28.208792,-1.407155,17.290127
15.275194,13.918508,-1.557617,-28.279682,-1.164135,16.718588
15.279225,13.918508,-1.240234,-28.361477,-1.172500,16.774292
15.285732,13.918508,-0.845947,-28.475992,-1.080895,16.159189
15.289423,13.918508,-0.590820,-28.541431,-0.880405,14.665035
15.293968,13.918508,-1.333008,-28.405102,-0.798073,15.613681
15.300181,13.918508,-1.003418,-28.383291,-0.671211,14.067877
15.309270,13.918508,-0.480957,-28.323305,-0.794636,13.807163
15.313972,13.918508,-0.396729,-28.225153,-0.676494,12.972551
15.317464,13.918508,-0.272217,-28.225153,-0.710309,13.193874
15.323228,13.918508,-0.836182,-28.186979,-0.859361,14.239697
15.327755,13.918508,-1.127930,-28.143354,-0.906989,14.568363
15.331696,13.918508,-0.718994,-28.176073,-0.952436,14.938532
15.335443,13.918508,-1.044922,-28.110638,-1.066592,15.766284
15.339454,13.918508,-0.767822,-28.334211,-0.909553,14.744265
15.345217,13.918508,-0.576172,-28.541431,-0.762322,13.308811
15.352196,13.066502,-0.966797,-28.612322,-0.540390,12.112904
15.357410,13.066502,-0.721436,-28.666849,-0.134688,10.348719
15.363465,13.066502,-0.561523,-28.563240,-0.201949,9.544446
15.369718,13.066502,0.019531,-28.312401,-0.304839,9.581609
15.376980,13.066502,0.103760,-28.268776,-0.182695,8.764568
15.381788,13.066502,-0.034180,-28.132448,-0.367195,10.515637
15.385496,13.066502,-0.046387,-28.236055,-0.204155,9.999872
15.392000,13.066502,-0.202637,-28.290588,-0.347036,9.663262
15.396664,13.066502,-0.545654,-28.197886,-0.403929,11.792898
15.400449,13.066502,-0.727539,-28.143354,-0.430473,10.991511
15.403870,13.066502,-0.518799,-28.268776,-0.497737,11.105536
15.412649,13.066502,0.000000,-28.154263,-0.279443,12.013414
15.423713,10.447647,0.018311,-28.334211,-0.326353,10.724011
15.433820,11.973568,-0.134277,-28.165165,-0.530485,11.750134
15.439211,8.825294,-0.136719,-28.154263,-0.376171,10.652618
15.443197,11.408617,-0.798340,-28.061558,-0.583392,12.288139
15.448491,10.544201,-0.764160,-28.099731,-0.647199,12.337950
15.454985,11.329639,-0.052490,-28.383291,-0.507245,11.697464
15.458987,11.329639,-0.853271,-28.225153,-0.780990,13.622951
15.467628,11.329639,-0.587158,-28.246962,-0.734106,13.335182
15.471450,11.329639,-0.705566,-28.246962,-0.718844,13.219912
15.478018,11.329639,-0.584717,-28.143354,-0.751023,13.463045
15.486434,11.329639,-0.638428,-28.197886,-0.843008,14.159973
15.491350,11.329639,-0.753174,-28.246962,-0.893182,14.658926
15.496488,11.329639,-0.383301,-28.290588,-0.879557,14.011012
15.503166,11.329639,-1.158447,-28.301493,-0.955540,15.400290
15.506785,11.329639,-0.576172,-28.225153,-1.017892,14.861217
15.510249,14.865928,-0.887451,-28.225153,-1.048432,15.709491
15.517982,14.865928,-0.612793,-28.197886,-0.940837,15.485114
15.524211,14.865928,-1.337891,-28.312401,-0.989732,15.328377
15.527736,14.865928,-1.375732,-28.268776,-1.009005,15.441954
15.532077,15.043906,-0.614014,-28.383291,-0.891948,14.634416
15.535499,16.105879,-0.898438,-28.437819,-0.894502,13.921379
15.542417,12.628981,-0.437012,-28.405102,-0.768723,14.311334
15.546433,14.757114,-1.181641,-28.563240,-0.671300,12.399097
15.551647,12.506371,-0.399170,-28.519617,-0.553155,12.155016
15.554982,11.955107,-0.146484,-28.590508,-0.309410,10.530289
15.560258,10.943018,-0.294189,-28.601414,-0.377215,10.975392
15.564467,10.682444,-0.938721,-28.383291,-0.168371,10.290511
15.578329,8.674858,-0.432129,-28.437819,-0.139842,8.999487
15.584977,8.279542,0.050049,-28.257870,-0.269634,9.628467
15.591770,10.205487,-0.183105,-27.957951,-0.535752,11.639510
15.597236,9.739145,-0.725098,-27.870701,-0.740975,13.055487
15.601040,9.739145,-1.221924,-27.903418,-0.794055,13.540693
15.605498,9.739145,-0.784912,-27.985216,-1.204684,14.060116
15.617986,12.767031,-0.659180,-28.197886,-1.084544,15.964388
15.625226,15.348456,-0.919189,-28.426916,-0.996579,15.444582
15.632982,15.348456,-0.839844,-28.508709,-0.928601,14.931454
15.638014,15.348456,-0.606689,-28.601414,-0.731209,13.358710
15.644547,15.348456,-0.421143,-28.552334,-0.535994,12.046970
15.649373,12.991692,-0.596924,-28.497807,-0.492377,11.563318
15.654672,12.040385,-0.860596,-28.426916,-0.472934,11.440160
15.659622,11.073547,-0.256348,-28.383291,-0.396227,10.886786
15.663573,10.743811,-0.189209,-28.301493,-0.583999,12.128220
15.667713,11.108964,-0.123291,-28.050652,-0.606362,12.539000
15.672261,12.160384,-0.242920,-28.143354,-0.871023,12.411737
15.678242,12.745601,-0.302734,-27.914326,-1.069343,14.840948
15.685259,13.669510,-0.775146,-27.914326,-1.247845,16.982101
15.689232,16.740194,-1.485596,-27.903418,-1.327466,17.534197
15.694548,17.770899,-0.714111,-27.936136,-1.416539,18.396450
15.699626,19.846581,-0.620117,-28.186979,-1.505610,19.210451
15.703267,19.846581,-1.428223,-28.383291,-1.338212,18.867445
15.708504,19.846581,-0.605469,-28.459633,-1.211338,17.207201
15.713310,19.846581,-1.032715,-28.541431,-0.855624,14.631728
15.720587,19.846581,-0.633545,-28.666849,-0.750567,13.760969
15.725499,19.846581,-0.831299,-28.666849,-0.597522,12.591175
15.729888,19.846581,-1.025391,-28.781364,-0.408853,11.160015
15.734988,19.846581,-0.726318,-28.601414,-0.208362,10.679550
15.739294,19.846581,-0.219727,-28.394196,-0.179649,9.359543
15.743805,19.846581,-0.041504,-28.394196,-0.348882,10.443233
15.747732,19.846581,-0.206299,-28.099731,-0.429414,10.754225
15.755301,19.846581,-0.764160,-27.936136,-0.751336,12.399428
15.758763,19.846581,-0.301514,-27.843435,-0.750970,13.233888
15.762990,19.846581,-0.449219,-28.028841,-0.815871,14.084187
15.769207,14.432515,-0.961914,-28.257870,-0.776248,13.661741
15.775191,14.545490,-0.948486,-28.475992,-0.633931,12.718366
15.779304,13.092542,-0.462646,-28.486900,-0.622122,12.699960
15.784543,13.468832,-0.441895,-28.563240,-0.495435,11.589575
15.790423,11.246967,-0.073242,-28.426916,-0.276953,11.228718
15.794452,10.483253,-0.589600,-28.519617,-0.279500,10.097671
15.797851,9.878890,-0.368652,-28.814085,0.015506,7.297920
15.803485,6.236183,-0.201416,-28.590508,-0.026123,8.177783
15.807126,7.084590,-0.435791,-28.372383,-0.035400,8.156367
15.812993,4.818408,0.064697,-28.165165,-0.138650,7.814844
15.816700,6.533178,-0.175781,-27.936136,-0.380776,10.495583
15.823407,8.567221,-0.357666,-27.936136,-0.401139,10.645428
15.827340,8.288323,0.085449,-27.903418,-0.544198,11.974226
15.830983,9.753386,-0.755615,-27.947044,-0.856665,11.964405
15.836498,10.151732,-0.878906,-27.799810,-0.956820,14.685018
15.840122,13.854975,-0.517578,-27.859795,-1.048440,14.933318
15.846023,13.604331,-0.512695,-27.996122,-1.156596,16.352612
15.850091,15.326374,-1.302490,-28.061558,-1.215678,16.858528
15.853901,15.178875,-0.777588,-28.028841,-1.436165,18.528986
15.858368,15.178875,-1.069336,-28.334211,-1.247497,17.332216
15.863477,15.144016,-1.120605,-28.486900,-1.045741,16.956409
15.868362,18.040844,-1.062012,-28.497807,-0.957410,15.232241
15.875301,18.040844,-1.018066,-28.590508,-0.732202,13.402045
15.880980,18.040844,-0.573730,-28.623224,-0.746021,14.016940
15.884623,18.040844,-1.049805,-28.486900,-0.644234,13.157001
15.888665,18.040844,-0.417480,-28.508709,-0.497730,11.988836
15.894841,18.040844,-0.577393,-28.350569,-0.539730,12.302994
15.898873,18.040844,-0.642090,-28.225153,-0.684964,12.949120
15.903222,11.337295,-0.749512,-28.197886,-0.498659,11.601130
15.907260,11.582520,-0.335693,-28.121542,-0.849839,13.031385
15.912242,12.865000,-0.689697,-28.143354,-0.858931,14.095382
15.915980,13.205584,-1.228027,-27.925232,-1.089237,15.782747
15.919986,14.398536,-0.745850,-28.028841,-1.216666,16.006628
15.926295,15.084497,-1.101074,-27.985216,-1.292472,17.577728
15.932741,15.100060,-0.997314,-28.165165,-1.515141,17.402384
15.936702,19.225361,-1.751709,-28.132448,-1.267212,17.429583
15.941137,16.671362,-1.048584,-28.279682,-1.399184,17.901196
15.946434,19.465612,-1.346436,-28.350569,-1.218875,17.662861
15.952004,18.286722,-1.293945,-28.497807,-1.118003,16.786919
15.957593,16.791506,-1.534424,-28.563240,-0.889700,14.820230
15.961248,16.791506,-0.661621,-28.737740,-0.849535,14.956730
15.964640,16.791506,-1.055908,-28.590508,-0.743564,13.652373
15.967788,16.791506,-0.660400,-28.623224,-0.547082,11.609352
15.975355,16.791506,-0.902100,-28.541431,-0.382035,10.879168
15.979333,16.791506,-0.523682,-28.497807,-0.314792,10.664097
15.987028,16.791506,0.001221,-28.197886,-0.479661,11.392192
15.992236,12.755741,-0.316162,-28.050652,-0.704700,12.100948
15.998246,12.755741,-0.723877,-27.914326,-0.889746,14.266762
16.003331,12.755741,-0.488281,-27.914326,-1.057164,14.390837
16.008875,14.117229,-0.905762,-27.925232,-0.943923,15.914652
16.012265,14.117229,-1.027832,-28.208792,-0.961195,15.030317
16.015778,14.117229,-0.590820,-28.246962,-0.932848,15.202625
16.021217,14.117229,-0.775146,-28.405102,-0.931403,14.582791
16.032010,14.117229,-0.975342,-28.426916,-0.849245,14.340693
16.035263,15.636738,-0.830078,-28.563240,-0.593683,14.197481
16.038658,14.859459,-0.989990,-28.486900,-0.730196,13.476198
16.043838,12.477131,-0.731201,-28.475992,-0.625683,12.633503
16.047052,12.791977,-0.997314,-28.448727,-0.406657,12.234943
16.051236,12.779816,-0.343018,-28.563240,-0.443378,11.333638
16.056080,10.687195,-0.549316,-28.448727,-0.350863,10.588149
16.059303,10.960121,-1.148682,-28.394196,-0.408129,10.890366
16.064871,10.941015,-0.877686,-28.110638,-0.579542,10.550795
16.068592,10.941015,-0.771484,-28.028841,-0.707874,11.838909
16.072441,10.941015,-0.932617,-27.974308,-0.732052,12.989687
16.076897,12.321963,-0.275879,-27.843435,-0.943819,13.886518
16.081710,12.321963,-0.417480,-27.947044,-0.991992,15.062837
16.085462,13.683913,-1.071777,-28.028841,-1.144319,16.285469
16.089976,13.683913,-0.694580,-28.050652,-1.240847,17.042566
16.095667,14.101982,-0.351562,-28.334211,-1.107252,15.546509
16.101801,13.824796,-1.135254,-28.350569,-1.027096,15.655608
16.106390,16.464270,-0.632324,-28.475992,-0.871507,14.547626
16.109981,14.977131,-0.972900,-28.519617,-0.725372,14.138845
16.114520,14.977131,-0.936279,-28.497807,-0.605230,12.556822
16.123138,14.977131,-1.049805,-28.383291,-0.558518,12.104527
16.128202,11.335136,-0.767822,-28.405102,-0.467459,11.427187
16.133777,11.226977,-0.780029,-28.236055,-0.575072,12.130647
16.137344,10.707225,-0.130615,-28.143354,-0.543627,12.205912
16.141263,12.042313,-1.112061,-27.974308,-0.901722,12.654095
16.149018,12.549978,-1.175537,-28.028841,-1.044603,15.218860
16.155229,15.006754,-1.206055,-28.186979,-0.960627,14.832146
16.161230,14.184336,-0.900879,-28.334211,-0.911740,14.723829
16.166003,14.184336,-0.616455,-28.323305,-0.828676,14.819499
16.173566,14.184336,-0.716553,-28.590508,-0.515677,12.308298
16.179001,14.184336,-0.992432,-28.497807,-0.526043,11.935643
16.185257,13.150660,-0.233154,-28.590508,-0.256850,11.141861
16.188991,10.482487,-0.660400,-28.634130,-0.123802,9.668409
16.195746,10.042819,-0.836182,-28.508709,-0.080906,8.620538
16.199505,10.140964,-0.097656,-28.383291,-0.076006,8.510209
16.205762,10.140964,0.614014,-28.530523,0.114480,6.917665
16.212826,10.140964,0.275879,-28.323305,0.287882,7.442880
16.218479,4.923553,-0.360107,-28.475992,0.247888,5.749449
16.224131,5.397976,0.120850,-28.416010,0.289690,5.853302
16.227306,3.367759,-0.284424,-28.121542,0.056649,6.184148
16.237894,3.367759,-0.274658,-28.132448,-0.304718,7.706267
16.244636,6.867782,0.103760,-27.821623,-0.435597,10.827661
16.251496,8.343351,-0.405273,-27.957951,-0.412336,10.816900
16.255192,9.955934,-0.219727,-28.017935,-0.720439,11.074480
16.261133,10.988539,-0.882568,-27.810719,-0.870039,13.830700
16.264621,12.685795,-0.595703,-27.843435,-0.869681,14.138386
16.268369,11.376095,-0.683594,-28.110638,-0.899316,14.501970
16.273605,13.095724,-0.748291,-28.154263,-0.979113,15.124866
16.276848,13.290486,-0.920410,-28.208792,-1.134532,15.351524
16.282455,13.290486,-1.208496,-28.083372,-1.107456,16.266031
16.286180,13.290486,-0.555420,-28.154263,-1.124177,16.232992
16.289356,13.290486,-0.568848,-28.361477,-1.058204,15.582687
16.294586,14.718098,-1.029053,-28.279682,-1.083474,15.819664
16.298389,14.718098,-0.838623,-28.459633,-0.819189,14.595434
16.302302,14.718098,-0.999756,-28.475992,-0.929704,14.994055
16.307148,14.718098,-0.744629,-28.519617,-0.802110,14.004824
16.311889,14.718098,-1.116943,-28.508709,-0.698330,13.373354
16.318652,14.718098,-0.545654,-28.350569,-0.647984,12.757088
16.321997,14.718098,-0.972900,-28.426916,-0.556009,12.114707
16.325286,13.063940,-0.780029,-28.257870,-0.586922,11.862379
16.333721,10.974572,-0.571289,-28.246962,-0.627281,13.614859
16.338540,10.974572,-0.578613,-28.050652,-0.905028,14.483860
16.343246,10.974572,-0.438232,-27.985216,-0.970651,14.930695
16.347463,10.974572,-0.775146,-27.996122,-1.134795,16.186272
16.353569,10.974572,-0.480957,-28.007027,-1.110987,16.088045
16.357259,10.974572,-1.214600,-28.154263,-1.247500,17.358158
16.361266,16.464535,-0.957031,-28.061558,-1.297854,17.522543
16.365236,17.694342,-1.518555,-28.154263,-1.370932,18.012081
16.371060,19.598061,-1.105957,-28.312401,-1.222249,17.186872
16.374991,16.258085,-0.572510,-28.361477,-1.087565,17.342735
16.381208,18.630569,-1.392822,-28.530523,-0.965969,15.315041
16.388336,15.802891,-0.405273,-28.601414,-0.719496,13.476181
16.393991,14.886374,-0.379639,-28.486900,-0.450852,12.581738
16.402738,14.886374,-0.842285,-28.590508,-0.455945,11.641168
16.406499,14.886374,-0.424805,-28.519617,-0.517936,10.895074
16.414766,14.886374,-0.458984,-28.361477,-0.422695,11.863010
16.418323,14.886374,-0.113525,-28.257870,-0.501586,11.594691
16.422226,14.886374,-0.642090,-28.050652,-0.674455,12.756721
16.427729,14.886374,-0.307617,-28.050652,-0.798434,13.889066
16.437190,14.886374,-0.378418,-28.590508,-0.464890,11.534437
16.441235,14.886374,-0.484619,-28.508709,-0.544147,12.079634
16.447165,14.886374,-0.174561,-28.437819,-0.375105,11.494982
16.450889,14.886374,-0.504150,-28.459633,-0.397104,10.920621
16.456063,14.886374,-0.423584,-28.437819,-0.313863,10.305114
16.459393,14.886374,0.010986,-28.383291,-0.338956,9.590123
16.464316,14.886374,-0.219727,-28.236055,-0.371490,10.611115
16.467656,14.886374,-0.554199,-28.257870,-0.248438,9.724951
16.471601,14.886374,-0.495605,-28.486900,-0.216816,8.392831
16.476755,8.136658,-0.517578,-28.257870,-0.250813,9.826930
16.480536,9.280005,-0.726318,-28.197886,-0.271897,9.850368
16.483875,7.819482,-0.485840,-28.083372,-0.354969,10.395287
16.487501,9.698122,-0.112305,-28.099731,-0.471126,11.265772
16.494150,11.017645,-0.367432,-28.007027,-0.626002,12.357393
16.500072,11.013699,-0.528564,-27.914326,-0.967738,15.031779
16.506557,14.318117,-0.921631,-28.028841,-1.134609,15.830088
16.512993,14.318117,-0.296631,-28.121542,-1.120617,16.153107
16.516736,14.318117,-1.539307,-28.246962,-0.973570,14.651503
16.520723,14.318117,-1.265869,-28.312401,-1.048463,15.778770
16.525739,14.318117,-1.163330,-28.334211,-1.004482,15.458412
16.529464,14.318117,-1.380615,-28.459633,-0.770191,13.781069
16.541304,13.697224,-0.504150,-28.497807,-0.638597,13.346814
16.546999,13.697224,-0.456543,-28.426916,-0.488648,12.458586
16.552298,13.697224,-0.578613,-28.497807,-0.425752,11.180199
16.555990,13.697224,-0.878906,-28.323305,-0.470300,12.129645
16.562456,13.697224,-1.168213,-28.246962,-0.611173,12.383101
16.567708,13.697224,-0.251465,-28.072466,-0.697884,13.748583
16.572386,13.697224,-1.065674,-28.050652,-0.817675,13.824553
16.576042,13.697224,-0.362549,-28.007027,-0.935468,14.722483
16.581785,13.697224,-1.137695,-27.936136,-1.136327,16.149456
16.585721,13.697224,-0.854492,-28.072466,-1.082526,15.848877
16.589478,13.697224,-1.317139,-28.017935,-1.296473,17.442240
16.594716,16.420429,-1.358643,-28.268776,-1.051637,17.306580
16.598508,16.739595,-1.422119,-28.394196,-1.107810,16.301186
16.605824,16.823179,-1.192627,-28.437819,-0.891519,15.845371
16.614470,14.601381,-0.792236,-28.530523,-0.681399,13.416563
16.623378,13.098207,-0.698242,-28.475992,-0.594339,12.437252
16.630424,13.326829,-0.479736,-28.372383,-0.533099,11.816206
16.641815,11.649563,-0.938721,-28.176073,-0.621623,12.439299
16.646432,11.649563,-0.566406,-28.039747,-0.752322,13.847881
16.652479,11.649563,-0.686035,-28.028841,-0.974994,14.153748
16.656649,11.649563,-0.843506,-28.050652,-0.875389,13.907169
16.660733,11.649563,-0.989990,-28.143354,-0.925745,14.743778
16.666032,11.649563,-1.035156,-28.405102,-0.842318,13.312529
16.672007,11.649563,-0.537109,-28.486900,-0.735989,13.354538
16.677008,11.649563,-0.211182,-28.426916,-0.522414,11.862097
16.681800,11.649563,-0.266113,-28.372383,-0.563866,12.137516
16.688006,11.649563,-0.382080,-28.459633,-0.416273,11.084858
16.692011,11.649563,-0.666504,-28.541431,-0.307940,10.323494
16.695287,11.649563,-0.458984,-28.519617,-0.218152,9.646279
16.700278,11.649563,-0.808105,-28.448727,-0.410836,10.944684
16.703537,11.649563,-0.081787,-28.186979,-0.426108,10.986518
16.709663,11.649563,-0.915527,-28.072466,-0.465922,11.227116
16.715250,11.649563,-0.698242,-27.936136,-0.754579,13.245410
16.720554,11.649563,-1.198730,-27.985216,-0.818929,13.810190
16.725016,11.649563,-0.603027,-27.985216,-1.118857,16.016541
16.732151,11.649563,-0.772705,-28.061558,-1.249736,15.736122
16.738998,15.166712,-0.625000,-28.197886,-1.176857,16.649286
16.746328,15.166712,-1.159668,-28.383291,-1.128512,15.704418
16.751462,15.683743,-1.385498,-28.290588,-1.103068,16.198570
16.756000,15.683743,-0.905762,-28.459633,-0.964567,14.832007
16.767026,15.683743,-0.770264,-28.361477,-0.828979,15.122129
16.770648,15.683743,-0.561523,-28.437819,-0.764998,13.765089
16.774024,15.683743,-0.745850,-28.416010,-0.789000,13.857202
16.779009,15.683743,-1.129150,-28.508709,-0.751381,13.991810
16.784461,15.683743,-0.920410,-28.290588,-0.607238,12.516327
16.787676,15.683743,-0.942383,-28.301493,-0.731210,13.351990
16.791760,15.683743,-0.777588,-28.246962,-0.747211,13.434223
16.795258,15.683743,-0.391846,-28.165165,-0.860095,14.557199
16.800672,15.683743,-0.904541,-28.236055,-0.752493,13.466369
16.804051,15.683743,-1.031494,-28.236055,-0.919359,14.670482
16.809245,15.683743,-1.219482,-28.061558,-1.016979,14.754770
16.814708,15.683743,-0.974121,-28.132448,-1.078605,15.456015
16.821570,15.683743,-1.030273,-28.061558,-1.204756,16.815432
16.825555,17.027548,-1.385498,-28.236055,-1.248395,17.034618
16.836212,18.008224,-1.439209,-28.394196,-1.126978,16.458101
16.845018,17.464062,-1.116943,-28.372383,-0.944493,15.107678
16.851727,16.835974,-0.751953,-28.448727,-0.919962,14.898471
16.859000,13.991510,-0.865479,-28.601414,-0.804360,13.299093
16.862770,15.178583,-0.986328,-28.448727,-0.579339,13.425595
16.866432,11.508686,-0.893555,-28.437819,-0.645503,13.424747
16.871685,13.586751,-0.963135,-28.497807,-0.570806,12.421306
16.876340,13.586751,-0.711670,-28.361477,-0.617890,12.452344
16.882002,13.586751,-0.985107,-28.290588,-0.588813,11.540788
16.888766,11.384230,-0.294189,-28.208792,-0.587368,13.182640
16.893006,11.384230,-0.198975,-28.334211,-0.413418,12.427343
16.899022,10.746819,-0.369873,-28.312401,-0.409428,10.985503
16.907253,10.746819,-0.170898,-28.552334,-0.130784,9.054354
16.913266,10.746819,-0.205078,-28.541431,-0.026092,9.247242
16.918729,9.179056,-0.145264,-28.394196,-0.176605,9.103021
16.924766,9.179056,-0.373535,-28.236055,0.020609,8.781287
16.928500,9.179056,0.335693,-28.350569,-0.149167,8.261173
16.932823,9.179056,0.212402,-27.996122,-0.299132,9.944655
16.939497,9.179056,0.208740,-28.050652,-0.411108,10.789997
16.943557,9.179056,-0.499268,-28.165165,-0.518728,10.807068
16.952562,10.422462,-0.637207,-28.110638,-0.434566,11.001297
16.956005,8.143492,-0.075684,-28.334211,-0.446393,10.418530
16.962666,9.747131,-0.983887,-28.312401,-0.437852,11.153260
16.967690,11.978014,0.024414,-28.061558,-0.626172,12.395617
16.972219,10.894697,-0.039062,-28.121542,-0.491489,12.091095
16.976259,12.323191,-0.279541,-28.416010,-0.548754,11.459239
16.982505,10.822623,-0.196533,-28.290588,-0.450605,11.553238
16.988997,11.707292,-0.506592,-28.350569,-0.467155,12.133808
16.998160,12.168662,-0.533447,-28.225153,-0.620027,12.434732
17.003214,9.980406,-0.482178,-28.176073,-0.608217,12.316701
17.007340,9.980406,-0.555420,-28.208792,-0.603495,12.325499
17.011812,12.839282,-0.563965,-28.061558,-0.829627,13.922579
17.019862,12.839282,-0.633545,-28.039747,-0.868893,14.963070
17.024483,13.999620,-0.977783,-28.110638,-1.061759,14.900318
17.032538,14.454802,-0.460205,-28.197886,-0.943435,14.676249
17.038425,16.085022,-0.488281,-28.268776,-1.016146,15.189631
17.043162,16.085022,-1.168213,-28.405102,-0.963263,14.263224
17.050125,16.085022,-1.020508,-28.372383,-0.854928,14.343566
17.053998,16.085022,-1.137695,-28.383291,-0.779862,13.779765
17.057774,16.085022,-1.077881,-28.334211,-0.896200,14.629936
17.061418,16.085022,-0.675049,-28.290588,-0.738613,14.017377
17.066305,16.085022,-0.372314,-28.426916,-0.811147,13.958062
17.073588,16.085022,-1.152344,-28.361477,-0.818965,13.985518
17.077000,14.432672,-0.372314,-28.225153,-0.812429,12.922230
17.082315,13.589822,-0.875244,-28.197886,-0.817525,13.930748
17.087533,13.430475,-0.668945,-28.301493,-0.695930,13.119605
17.093341,12.055091,-0.546875,-28.290588,-0.668124,13.516113
17.099046,12.946884,-0.926514,-28.437819,-0.650318,12.834971
17.106060,11.974476,-0.114746,-28.530523,-0.316232,10.696199
17.112492,9.984900,-0.447998,-28.530523,-0.232442,9.752830
17.118040,8.666222,-0.642090,-28.372383,-0.282073,9.986956
17.123024,8.666222,0.025635,-28.165165,-0.396411,10.709190
17.130476,8.666222,-0.327148,-28.110638,-0.328256,10.763024
17.136855,9.326844,-0.334473,-27.947044,-0.695800,12.836992
17.143488,9.326844,-0.920410,-28.039747,-0.619098,12.328028
17.147324,9.326844,-0.260010,-27.996122,-0.967741,14.917018
17.156903,9.326844,-0.452881,-28.061558,-0.833783,14.105993
17.161159,9.326844,-1.173096,-28.361477,-0.931035,14.922430
17.164621,9.326844,-0.941162,-28.236055,-0.940672,14.894744
17.168019,9.326844,-0.687256,-28.312401,-0.804352,14.301424
17.172406,9.326844,-1.110840,-28.312401,-0.945949,14.993377
17.176014,13.240648,-1.018066,-28.394196,-0.771094,13.720961
17.179579,12.844797,-0.316162,-28.519617,-0.700388,13.272422
17.183488,13.894422,-0.173340,-28.508709,-0.468271,12.640296
17.186707,10.753222,-0.654297,-28.448727,-0.544259,12.040606
17.191869,12.570128,-0.340576,-28.383291,-0.498636,11.654167
17.195285,12.320862,-0.906982,-28.372383,-0.509189,11.562748
17.198642,11.425007,-0.252686,-28.246962,-0.446480,12.239124
17.204709,12.671563,-0.327148,-28.165165,-0.773306,12.071007
17.208207,12.094941,-0.659180,-28.039747,-0.748953,13.299952
17.213314,14.093015,-1.154785,-28.072466,-1.135768,14.190157
17.222525,15.080304,-1.127930,-27.925232,-1.241745,16.371094
17.226752,15.080304,-1.503906,-28.039747,-1.366627,18.001284
17.233769,15.080304,-0.697021,-28.099731,-1.400079,18.278744
17.238514,18.731991,-1.043701,-28.225153,-1.208865,18.596642
17.246800,18.263584,-1.542969,-28.394196,-1.102357,16.488447
17.254839,18.263584,-1.250000,-28.530523,-0.689385,13.636126
17.262300,15.276550,-0.101318,-28.612322,-0.515619,12.000868
17.268037,11.587319,-1.126709,-28.601414,-0.539077,11.728526
17.272279,14.296734,-0.222168,-28.530523,-0.400930,11.014308
17.276002,10.703480,-0.471191,-28.448727,-0.404756,10.957396
17.281747,10.847127,-0.706787,-28.416010,-0.258797,9.881853
17.287201,10.847127,-1.054688,-28.290588,-0.538002,11.770438
17.291318,10.847127,-0.378418,-28.039747,-0.669063,11.729448
17.294733,11.160813,-0.513916,-28.099731,-0.644709,12.065563
17.298784,12.162429,-0.384521,-27.936136,-0.902645,14.069046
17.304886,10.486470,-0.434570,-28.083372,-0.830308,14.159971
17.308464,11.314724,-0.253906,-28.083372,-1.006080,15.404743
17.312755,12.849333,-0.086670,-28.416010,-0.650005,14.588463
17.318497,12.501241,-0.997314,-28.497807,-0.705084,13.545387
17.324737,11.995750,-1.129150,-28.486900,-0.598391,13.086329
17.328417,12.469962,-0.559082,-28.645039,-0.341191,10.715611
17.332774,10.552202,-0.404053,-28.748648,-0.105260,8.952147
17.337805,9.107610,0.024414,-28.726835,0.028701,7.918604
17.342018,9.505315,-0.434570,-28.574148,-0.072370,8.551414
17.345651,7.437849,-0.395508,-28.394196,-0.042563,8.232058
17.349858,8.503593,0.330811,-28.426916,0.119756,7.095902
17.357590,7.196251,0.032959,-28.050652,-0.164724,8.978289
17.362019,8.840672,-0.242920,-27.996122,-0.371402,10.400053
17.368025,9.187494,-0.461426,-27.788904,-0.737858,12.942975
17.372829,9.187494,-0.950928,-27.619860,-0.970166,14.760401
17.380189,14.716145,-0.733643,-27.843435,-1.286268,16.620090
17.386454,15.626615,-0.799561,-28.061558,-1.247373,17.101818
17.390144,16.508425,-1.542969,-28.143354,-1.352624,17.983070
17.395371,17.927044,-1.109619,-28.279682,-1.200126,18.385302
17.398699,17.927044,-0.949707,-28.361477,-1.330642,17.378513
17.402451,17.927044,-1.617432,-28.486900,-1.132154,16.555971
17.410231,17.927044,-0.655518,-28.623224,-0.925491,15.082641
17.416473,13.045774,-0.458984,-28.726835,-0.541418,12.197118
17.423501,11.707374,-0.349121,-28.677757,-0.545422,12.096527
17.427499,11.779208,-0.981445,-28.486900,-0.370928,11.781616
17.432568,11.808727,-0.953369,-28.405102,-0.497082,10.474318
17.436491,11.808727,-0.034180,-28.279682,-0.437105,11.549318
17.442799,11.808727,-0.800781,-28.208792,-0.599244,12.227545
17.447489,11.808727,-0.899658,-27.996122,-0.847004,13.989550
17.452031,11.808727,-0.515137,-27.974308,-1.230914,15.619297
17.463252,11.808727,-0.585938,-27.903418,-1.265275,17.495796
17.470382,11.808727,-1.403809,-28.017935,-1.392337,18.448660
17.474292,11.808727,-0.758057,-28.197886,-1.324363,18.923347
17.478728,11.808727,-1.112061,-28.552334,-0.981741,16.341112
17.493575,11.808727,-1.108398,-28.655945,-0.707642,12.833248
17.502503,11.808727,-0.557861,-28.770458,-0.401555,11.193792
17.514618,11.808727,-0.891113,-28.246962,-0.554623,9.926949
17.531008,9.836536,-0.748291,-27.914326,-0.706407,12.893396
17.536021,12.424642,-0.434570,-27.799810,-0.986522,13.987062
17.542553,12.575043,-0.351562,-27.859795,-1.103404,15.742958
17.546546,14.981281,-1.444092,-28.050652,-1.083601,16.226578
17.555101,14.973501,-0.960693,-28.426916,-1.070886,15.990217
17.563758,16.051172,-0.915527,-28.405102,-0.746801,15.023134
17.571011,16.051172,-0.642090,-28.563240,-0.695000,13.246769
17.577750,16.051172,-0.793457,-28.623224,-0.528148,10.760144
17.588864,12.788394,-0.113525,-28.394196,-0.510341,11.695768
17.593699,12.788394,-0.423584,-28.246962,-0.548340,12.163588
17.600863,12.788394,-0.421143,-28.312401,-0.553431,11.197147
17.604778,12.788394,-0.965576,-28.225153,-0.497453,11.878242
17.610025,12.788394,-0.971680,-28.110638,-0.660684,12.687402
17.613261,12.788394,-0.627441,-28.099731,-0.871907,13.590023
17.616511,12.788394,-0.980225,-28.132448,-0.781027,12.866154
17.620694,12.788394,-0.911865,-28.083372,-0.934074,14.728463
17.624254,12.788394,-0.572510,-28.121542,-0.891006,14.895220
17.630145,12.788394,-1.264648,-28.225153,-0.943903,14.911057
17.635350,12.788394,-0.548096,-28.426916,-0.971546,14.630922
17.642248,14.283678,-0.889893,-28.323305,-0.879030,14.490766
17.649656,14.193648,-0.201416,-28.574148,-0.640010,12.850971
17.658598,12.453133,-0.573730,-28.405102,-0.343377,11.178478
17.667289,12.374887,-0.800781,-28.279682,-0.487522,11.503636
17.672281,10.534813,-0.947266,-28.279682,-0.494251,11.518657
17.676027,12.252177,-0.332031,-28.050652,-0.653489,12.692684
17.680595,11.091797,-0.535889,-28.165165,-0.726203,12.408577
17.685016,12.852839,-1.180420,-28.039747,-0.735113,13.605594
17.688819,12.852839,-0.102539,-28.061558,-0.840907,13.802410
17.694849,12.852839,-1.090088,-28.143354,-0.705859,14.661445
17.698898,12.852839,-0.612793,-28.236055,-0.897446,14.598390
17.704030,12.852839,-0.988770,-28.394196,-0.689693,13.102959
17.709908,12.852839,-0.726318,-28.426916,-0.621536,13.135563
17.714839,12.852839,-0.871582,-28.497807,-0.529562,13.262316
17.718815,12.852839,-0.531006,-28.475992,-0.585193,12.564537
17.724745,12.852839,-0.159912,-28.448727,-0.217660,10.409861
17.731290,12.852839,-0.737305,-28.437819,-0.304374,10.234322
17.738070,12.852839,-0.229492,-28.437819,-0.292926,10.073969
17.743296,12.852839,-0.250244,-28.475992,-0.033003,8.242990
17.747761,12.852839,-0.148926,-28.372383,0.040788,7.674393
17.755310,12.852839,0.598145,-28.459633,0.147116,7.620450
17.760548,12.852839,-0.253906,-28.290588,-0.000310,6.824129
17.770889,12.852839,0.103760,-28.236055,0.159281,7.562427
17.775175,12.852839,-0.239258,-28.416010,0.059303,6.046469
17.778771,12.852839,-0.281982,-28.061558,-0.149735,8.524412
17.783407,9.237537,-0.545654,-27.996122,-0.147194,8.819977
17.788044,6.210796,0.288086,-28.143354,-0.232272,9.526427
17.793783,8.694463,-0.527344,-28.028841,-0.468028,11.197574
17.798065,9.339212,-0.601807,-27.996122,-0.521654,11.574077
17.801794,9.339212,-0.589600,-27.903418,-0.752874,13.232672
17.807430,9.339212,-0.500488,-28.028841,-0.819041,13.818974
17.811811,9.339212,-1.055908,-27.974308,-1.058074,15.584980
17.816050,9.339212,-0.753174,-28.083372,-1.031903,15.471694
17.822036,9.339212,-1.263428,-28.279682,-0.916853,15.430996
17.827369,9.339212,-0.816650,-28.383291,-0.963390,15.172971
17.831848,13.217923,-1.450195,-28.508709,-0.823253,15.374727
17.836268,13.217923,-0.618896,-28.361477,-0.873427,14.572814
17.842298,13.217923,-0.776367,-28.486900,-0.678396,13.408371
17.846785,13.217923,-0.974121,-28.486900,-0.716753,13.768130
17.850545,13.217923,-0.567627,-28.372383,-0.706579,13.215592
17.855293,13.217923,-1.229248,-28.475992,-0.546441,12.035323
17.861636,13.217923,-0.511475,-28.257870,-0.578810,13.119966
17.869877,13.217923,-0.651855,-28.197886,-0.708053,13.175188
17.874325,13.217923,-0.648193,-28.121542,-0.704422,13.928256
17.878495,13.217923,-0.953369,-28.176073,-0.985806,15.079021
17.885285,13.217923,-0.877686,-28.050652,-0.929648,15.172495
17.890290,13.217923,-1.252441,-28.208792,-0.952915,14.967218
17.893891,15.250304,-0.489502,-28.061558,-1.186861,16.637627
17.899254,15.436474,-1.212158,-28.197886,-1.165779,16.569983
17.903830,17.623251,-0.983887,-28.290588,-1.086348,16.052435
17.907841,15.526569,-1.629639,-28.279682,-1.210508,16.723791
17.914319,17.593586,-0.629883,-28.361477,-1.008384,15.599348
17.918238,16.535841,-1.119385,-28.394196,-1.042925,15.800987
17.923693,16.535841,-0.925293,-28.574148,-0.801539,14.084296
17.927084,16.535841,-0.572510,-28.475992,-0.828445,14.218044
17.932450,15.208289,-1.525879,-28.530523,-0.604874,13.932929
17.936664,15.208289,-0.809326,-28.541431,-0.661226,11.863613
17.940235,15.208289,-0.552979,-28.448727,-0.566529,12.828253
17.946137,15.208289,-0.240479,-28.437819,-0.594893,11.551437
17.951160,15.208289,-0.480957,-28.290588,-0.506924,12.502444
17.959479,15.208289,-0.341797,-28.225153,-0.672339,12.827595
17.963790,15.208289,-0.405273,-28.197886,-0.694712,12.651552
17.975687,15.208289,-0.812988,-28.236055,-0.643092,12.663928
17.979377,15.208289,-0.631104,-28.268776,-0.726163,13.290623
17.983085,15.208289,-0.648193,-28.372383,-0.416067,11.107427
17.988639,15.208289,-0.848389,-28.416010,-0.442255,11.522404
17.992240,15.208289,-0.333252,-28.530523,-0.298654,10.247414
17.995464,15.208289,-0.489502,-28.486900,-0.388815,10.858570
18.001731,10.979258,-0.201416,-28.426916,-0.200691,9.456514
18.004934,9.677085,-0.710449,-28.350569,-0.287040,9.783304
18.008128,9.732270,-0.501709,-28.383291,-0.217057,9.552762
18.011401,7.648715,-0.529785,-28.475992,-0.150171,9.067224
18.014699,9.732077,0.108643,-28.394196,-0.061473,8.673330
18.018538,7.179725,-0.389404,-28.225153,-0.260150,9.763634
18.024162,8.893744,-0.183105,-28.246962,-0.147461,8.961285
18.028877,7.643458,-0.332031,-28.017935,-0.336143,10.264588
18.032558,8.605565,-0.678711,-27.947044,-0.609710,12.188284
18.036022,10.698256,-0.979004,-27.914326,-0.846378,12.610222
18.040268,11.430963,-0.018311,-27.996122,-0.812755,13.747918
18.046094,13.021336,-1.079102,-28.039747,-0.900735,14.443232
18.049803,14.050475,-0.631104,-28.099731,-0.908558,14.563848
18.053593,14.626643,-0.800781,-28.099731,-1.063429,15.711901
18.059334,15.422630,-0.849609,-28.197886,-1.096336,16.054747
18.064044,15.470600,-0.994873,-28.301493,-0.982553,15.264946
18.067812,15.392820,-0.878906,-28.394196,-0.939299,15.005096
18.076382,15.084413,-0.809326,-28.530523,-0.800796,14.046652
18.081774,12.506467,-0.488281,-28.574148,-0.568502,12.553350
18.086594,13.267752,-0.723877,-28.486900,-0.557781,12.168134
18.091225,11.995292,-1.230469,-28.405102,-0.575419,12.246500
18.095793,12.140658,-0.855713,-28.486900,-0.390742,10.910463
18.100278,12.140658,-0.585938,-28.279682,-0.583244,12.156485
18.104842,12.140658,-0.563965,-28.225153,-0.573613,12.112425
18.110024,12.140658,-0.400391,-28.017935,-0.826644,13.868256
18.116065,12.140658,-1.151123,-28.050652,-1.051864,13.679314
18.121305,12.140658,-1.331787,-28.039747,-1.130029,16.083944
18.125250,12.140658,-1.328125,-27.936136,-1.197835,16.618246
18.130254,12.140658,-0.623779,-28.165165,-1.319809,17.487185
18.136282,16.259661,-0.720215,-28.279682,-1.183490,16.836739
18.145238,15.555956,-0.500488,-28.437819,-1.022637,15.757153
18.155259,15.981478,-1.253662,-28.634130,-0.766711,13.901508
18.163384,13.487518,-0.583496,-28.677757,-0.496426,11.829962
