:020000040800F2
:1000000060D00120550200087D7000082D4E0008C8
:10001000DD6B000835080008018B000800000000B7
:10002000000000000000000000000000917E0008B9
:10003000A91100080000000051760008897F00081F
:100040006F0200086F0200086F0200086F020008CC
:100050006F0200086F0200086F0200086F020008BC
:100060006F0200086F0200086F0200086F020008AC
:10007000A51000086F0200086F0200086F02000858
:100080006F0200086F0200086F0200086F0200088C
:10009000F10800086F0200086F0200086F020008F4
:1000A0006F0200086F0200086F0200086F0200086C
:1000B0006F0200086F0200086F0200086F0200085C
:1000C0006F0200086F0200086F0200086F0200084C
:1000D0006F0200086F0200086F020008F58A00082E
:1000E0006F0200086F0200086F0200086F0200082C
:1000F0006F0200086F0200086F0200086F0200081C
:100100006F0200086F0200086F0200086F0200080B
:100110006F0200086F0200087D80000889800008D7
:10012000B11000086F0200086F020008BD1000083F
:100130006F0200086F0200086F0200086F020008DB
:10014000FD0800086F0200086F0200086F02000837
:100150006F0200086F0200086F0200086F020008BB
:100160006F0200086F0200086F0200086F020008AB
:100170006F0200086F0200086F0200080000000014
:100180006F0200086F02000800F002F800F052F859
:1001900014A696E8000CB244B344DA4501D100F04D
:1001A00049F8BAE80F000FA696E83000A5EB040561
:1001B00004EB0607AAEB0704A7F101074FEA1515A0
:1001C0004FEA3414A4F10104AC4201D300F032F838
:1001D00013F0010F18BFFB1A43F0010300F001F800
:1001E000DBE71847C0BD000000BE0000103A24BF86
:1001F00078C878C1FAD8520724BF30C830C144BF8C
:1002000004680C6070470000704700000023002461
:1002100000250026103A28BF78C1FBD8520728BF16
:1002200030C148BF0B6070471FB50BF0E6FD1FBD26
:1002300010B510BD00F084F91146FFF7F5FF0AF084
:10024000DBF800F0A2F903B4FFF7F2FF03BC00F003
:10025000A5F900000948804709480047FEE7FEE786
:10026000FEE7FEE7FEE7FEE7FEE7FEE7FEE7FEE766
:1002700004480549054A064B70470000698000089C
:1002800089010008608E012060D00120609001206B
:1002900060CC012053EA020C00F069802DE9F04B9C
:1002A0004FF00006002B1FBFB3FA83F503FA05F4E5
:1002B00024FA05F65E4012BF1643B2FA82F502FA3E
:1002C00005F4C5F120051EBF22FA05FC44EA0C0422
:1002D000203556EA044C4FEA144418BF641C4FF012
:1002E00000084FF00009904271EB030C39D300294C
:1002F00019BFB1FA81F701FA07F6B0FA80F700FAF0
:1003000007F6C7F120071EBF20FA07FC46EA0C06D5
:100310002037B6FBF4FCA7EB0507103F07F01F0BD7
:10032000CBF120062CFA06F60CFA0BFB44BFB346C1
:100330000026202FA4BF5E464FF0000B5BEA060CA0
:1003400008BF4FF0010B19EB0B0948EB0608ABFB9C
:10035000027C06FB02CC0BFB03CCC01B71EB0C0137
:10036000C1E70B46024641464846BDE8F08B13B54F
:10037000084318BF4FF0FF300146AFF30080BDE8DF
:100380001C407047032A40F2308010F0030C00F04C
:10039000158011F8013BBCF1020F624498BF11F8BF
:1003A00001CB00F8013B38BF11F8013BA2F1040278
:1003B00098BF00F801CB38BF00F8013B11F00303F0
:1003C00000F02580083AC0F0088051F8043B083A54
:1003D00051F804CBA0E80810F5E7121D5CBF51F8F6
:1003E000043B40F8043BAFF30080D20724BF11F870
:1003F000013B11F801CB48BF11F8012B24BF00F8D5
:10040000013B00F801CB48BF00F8012B704710B545
:10041000203AC0F00B80B1E81850A0E81850B1E8BD
:100420001850A0E81850203ABFF4F5AF5FEA027CFC
:1004300024BFB1E81850A0E8185044BF18C918C02C
:10044000BDE810405FEA827C24BF51F8043B40F8CD
:10045000043B08BF7047D20728BF31F8023B48BFB2
:1004600011F8012B28BF20F8023B48BF00F8012BF0
:10047000704702F0FF0343EA032242EA024200F01F
:1004800024B84FF000020429C0F0128010F0030CD1
:1004900000F01B80CCF1040CBCF1020F18BF00F877
:1004A000012BA8BF20F8022BA1EB0C0100F00DB826
:1004B0005FEAC17C24BF00F8012B00F8012B48BF84
:1004C00000F8012B70474FF0000200B51346944628
:1004D0009646203922BFA0E80C50A0E80C50B1F19C
:1004E0002001BFF4F7AF090728BFA0E80C5048BFB0
:1004F0000CC05DF804EB890028BF40F8042B08BF4E
:10050000704748BF20F8022B11F0804F18BF00F849
:10051000012B704770477047704710B500F008F81E
:10052000006810BD10B5044600F002F8046010BD6C
:1005300000487047A000002000487047A00000203D
:100540007546FFF7F9FFAE4605006946534620F0B1
:100550000700854618B020B5FFF78AFEBDE82040A9
:100560004FF000064FF000074FF000084FF0000B6F
:10057000AC46ACE8C009ACE8C009ACE8C009ACE8DE
:10058000C00921F007018D46704710B50446AFF34E
:1005900000802046BDE81040FFF755BE01491820F5
:1005A000ABBEFEE726000200704700000020C4F248
:1005B00002001021012202F01FBB00000020C4F243
:1005C00002001021002202F017BB000010B5002429
:1005D000C4F2020420461021012202F00DFB04F5B2
:1005E000806001210122BDE8104002F005BB00003F
:1005F00040F20040C4F202000121012202F0FCBAE4
:1006000040F20040C4F202000121002202F0F4BADC
:100610007047000000EE100A9FED031AB8EE400A82
:1006200020EE010A00F050BD6F12833A00EE100A6E
:100630009FED031AB8EE400A20EE010A00F044BD17
:10064000BD37863510B5FFF7C1FFFFF7E1FF09F0B1
:100650009DFC044609F0C4FD204310BD2DE9F04F78
:1006600083B002920E460190FFF7A8FF922000F09F
:10067000C3F8922000F0C0F8552000F0BDF8804685
:10068000552000F0B9F80546552000F0B5F882462F
:10069000552000F0B1F80446552000F0ADF883462F
:1006A000552000F0A9F80746FFF780FF48EA05202B
:1006B00040F2000900B2C2F2000900EE100A99ED02
:1006C000001AB8EEC00A4AEA042021EE000A00B27D
:1006D00086ED000A00EE100A4BEA072000B299ED01
:1006E000001A02EE100AB8EEC00AB8EEC22A21EED5
:1006F000000A21EE021A86ED010A86ED021AFFF7C2
:100700007FFF802000F078F8552000F075F806464D
:10071000552000F071F8552000F06EF88246552003
:1007200000F06AF80546552000F066F8834655202B
:1007300000F062F80446552000F05EF807465520A8
:1007400000F05AF88046FFF753FF0F2E25D14AEAF2
:10075000052000B200EE100A99ED011AB8EEC00AA9
:1007600001994BEA042021EE000A00B281ED000A53
:1007700000EE100A47EA082000B299ED011A02EED5
:10078000100AB8EEC00AB8EEC22A21EE000A21EE25
:10079000021A81ED010A81ED021AFFF70FFFA22074
:1007A00000F02AF8A22000F027F8552000F024F8E5
:1007B000044646B2552000F01FF80546FFF7F6FE46
:1007C000E00040EA55104FF60001CFF6FF71002E11
:1007D00048BF084300EE100AB8EEC00AB4EE001A93
:1007E00020EE010AB3EE071A029830EE010A80EDFE
:1007F000000A03B0BDE8F08F10B582B08DF8070095
:100800004CF6701000244FF00A0CC2F201000DF1FA
:1008100007010DF1060201238DF80640CDF800C056
:1008200002F0E2FE9DF80610002818BF2146C8B26B
:1008300002B010BDFEE7000080B54CF6C810C2F251
:10084000010001680022CA63082103F04BFC002864
:1008500008BF80BDBDE8804000F0AEBC4CF2100087
:10086000C2F2010001210170322141804CF6C81012
:10087000C2F201000068C16A01314908C1637047D2
:100880004CF21000C2F20100017881B3418811B12D
:100890004188013941804188002918BF704701789B
:1008A00002290DD0012919D102210170282141808E
:1008B0004CF6C810C2F201000068002116E000BF2B
:1008C00003210170322141804CF6C810C2F20100B0
:1008D0000068C16A0131490808E000BF00210170C9
:1008E00041804CF6C810C2F201000068C163704735
:1008F00040F2C850C2F2000001F0E8BA4CF688009D
:10090000C2F2010001F0E2BA80B58AB040F22C11C7
:100910000020C2F20001CDE90200CDE90000C1E9EA
:100920000000C1E90200C1E90400C1E90600C1E913
:100930000800C1E90A00CDE9050004900E2001215C
:10094000099040F2C850CDE90711C2F20000694693
:1009500001F064F930B940F2C850C2F2000001F071
:10096000B9FDB8B100F028FC0E2005904CF68800C7
:10097000C2F20100694601F051F930B94CF6880025
:10098000C2F2010001F0A6FD90B100F015FC0AB022
:1009900080BD00BF40F2C850C2F2000048F60271AC
:1009A00001F0D2F8002818BF00F006FCDCE700BF19
:1009B0004CF68800C2F2010048F6027101F0C4F85A
:1009C000002818BF00F0F8FB0AB080BD40F22C10E0
:1009D000C2F20000817D11B990F82E0010B1002004
:1009E000704700BF80B540F2C850C2F2000001F06D
:1009F00045FA02281CBF002080BD4CF68800C2F2D8
:100A0000010001F03BFA0238B0FA80F0400980BDE5
:100A100070B58AB04CF68806044640F2C85CC2F253
:100A200001060025C2F2000C40F22C10B4420995D8
:100A3000CDE90755CDE90555C2F2000008BF00F128
:100A40001805644508BF0546002C4FF0010018BF8B
:100A5000002901D10AB070BD002DFBD00820C96A61
:100A60000E9E0890100ADDF83CC08DF80400180AAC
:100A70008DF80600300A8DF808004FEA1C2004911A
:100A800000218DF80A002046CDE906118DF82410CA
:100A90008DF805208DF807308DF809608DF80BC0B2
:100AA00001F000FA60B104A901AA03AB204601F0ED
:100AB00063F8287530B9002068750AB070BD00BFB2
:100AC000022028750646286801302860204601F07B
:100AD0003BF92861687DFF2802D0687D0130687588
:100AE000687D042802D82869400701D50120A8752F
:100AF00030460AB070BD000010B540F22C14C2F2AE
:100B00000004A07D20B340F2C850C2F2000001F002
:100B10000FFDE8B940F2C850C2F2000001F010FC2D
:100B2000B0B940F2C850C2F2000001F0D3FC78B96D
:100B300040F2C850C2F2000048F6027101F004F819
:100B400030B90020A07560752061E0680130E06078
:100B500094F82E0030B14CF68800C2F2010001F08A
:100B6000E7FC08B110BD00BF4CF68800C2F20100DE
:100B700001F0E6FB0028F5D14CF68800C2F2010036
:100B800001F0A8FC0028EDD14CF68800C2F201006B
:100B900048F6027100F0D8FF002818BF10BD0020F1
:100BA00084F82E0084F82D00A062606A0130606233
:100BB00010BD000010B52DED108B88B04CF2501414
:100BC00049F69A10C2F20104C3F69950A06049F2A6
:100BD0000C30C3F68960606145F25550C4F255107F
:100BE000A0610020E060206148F65C70C3F6C2603E
:100BF000206060600020C4F24000C4F88802C4F89D
:100C00008C024AF2C010C4F2FC00C4F8900268469C
:100C100006F0F8FFBDF8140040F23041C2F20001C6
:100C200008800020C4F2C820DFED780A9FED78DA52
:100C30009FED788AC4F824034FF07E509FED710A2F
:100C40009FED711AB3EE04BAB1EE08CAB3EE099A79
:100C5000B2EE00AAC4F8B40304F11C004FF4007112
:100C60000222F0EE601AB0EE4B2AF0EE4C2AB0EE03
:100C70004D3AF0EE483AB0EE484AF0EE484AB0EE4F
:100C8000495AF0EE4A5A05F0EFFF9FED63EA9FEDF7
:100C900063FA04F1B4004FF400710222B0EE4E0A80
:100CA000F0EE4D0AB0EE4F1AF0EE481AB0EE4B2AB5
:100CB000F0EE4C2AB0EE4D3AF0EE483AB0EE484A2B
:100CC000F0EE484AB0EE495AF0EE4A5A05F0CCFF31
:100CD00004F5A6704FF400710222B0EE4E0AF0EE59
:100CE0004D0AB0EE4F1AF0EE481AB0EE4B2AF0EE75
:100CF0004C2AB0EE4D3AF0EE483AB0EE484AF0EEEB
:100D0000484AB0EE495AF0EE4A5A05F0ADFF04F5F4
:100D1000F2704FF400710222B0EE4E0AF0EE4D0A6E
:100D2000B0EE4F1AF0EE481AB0EE4B2AF0EE4C2A15
:100D3000B0EE4D3AF0EE483AB0EE484AF0EE484A8E
:100D4000B0EE495AF0EE4A5A05F08EFF9FED340A94
:100D50009FED341AB1EE049A04F56070F0EE081AB3
:100D6000F0EE480AB0EE492A06F0CAFB04F52870F6
:100D7000B0EE480AF0EE480AB0EE481AF0EE481A13
:100D8000B0EE482A06F0BCFB04F53370B0EE480A1A
:100D9000F0EE480AB0EE481AF0EE481AB0EE482AD3
:100DA00006F0AEFB9FED201A04F53E70B0EE490A46
:100DB000F0EE480AF0EE481AB0EE482A06F0A0FB22
:100DC0009FED1A9A04F54A70B0EE490AF0EE480A0F
:100DD00007F07AF804F54E70B0EE490AF0EE480AD2
:100DE00007F072F89FED120A04F55A70F0EE480A07
:100DF00007F06AF806F078FE00F01CF808B0BDECC9
:100E0000108B10BDCDCCCC3E3333333FCDCC4C3EDC
:100E1000CDCCCC3D00000000CDCC4C3F9A99193F81
:100E200087820941E12E6542CDCC4C3D6F12833B58
:100E30000BD7A33CB0B52DED028B88B0684606F009
:100E4000E1FEBDF8140040F230414CF250149FED29
:100E5000308AC2F20001C2F20104088004F54A702F
:100E6000B0EE480A07F07EF804F54E70B0EE480A7E
:100E700007F078F804F55A70B0EE480A07F072F8F7
:100E800000254FF07E50C4F87C52C4F88052C4F85C
:100E90008452C4F89452C4F89852C4F89C5284F80E
:100EA000B053C4F8B40304F5607006F021FB04F5F8
:100EB000287006F01DFB04F5337006F019FB04F5ED
:100EC0003E7006F015FB04F15C00A563256506F095
:100ED0000FFB04F1F400C4F8D050C4F8E85006F059
:100EE00007FB04F5C670C4F86851C4F8805106F0D9
:100EF000FFFA04F50970C4F80052C4F8185206F05D
:100F0000F7FA06F06BFE08B0BDEC028BB0BD00BF77
:100F100000000000F0B581B02DED0A8B88B04CF2D6
:100F20005017C2F2010797EDEB0A0AF0C1FD97EDE9
:100F3000EB1AB0EE408AB0EE410A0AF011FD97EDCF
:100F4000A2BA97EDA3AA6846B0EE409A06F05AFE00
:100F500040F29800C2F20000007878B1BDF90400B8
:100F600006F0DCFEBDF90600B1EE40CA06F0D6FE82
:100F700097F8B00301282BD12EE000BFBDF8140074
:100F80009FED462A00F00101820701EBE27100EEBD
:100F9000101AC0F3C001420701EBE27101EE101A12
:100FA000B7EE003AB8EEC00AB8EEC11AC10658BF93
:100FB000B0EE423A9FED3A2A800658BFB0EE432A7F
:100FC00022EE00CA22EE010A97F8B003012803D0EE
:100FD00097F8B003022807D197EDED1A97EDED2AA7
:100FE0002BEE01BA2AEE02AA20EE001A2CEE0C2AF1
:100FF00032EE011AB1EEC11AB7EE002A07F54A74B3
:101000002046B4EE421AF1EE10FAC8BFB0EE412A03
:101010008CEE021A80EE02CA21EE0B0A06F0AAFF3D
:1010200007F54E752CEE0A0A284606F0A3FF204667
:1010300006F05AFF284606F057FF07F55A76304665
:1010400006F052FF204606F035FF2846B0EE40AAD3
:1010500006F030FF28EE000A2AEE091A31EE000AE7
:10106000B1EE400A204687ED9F0A06F023FF28468E
:10107000B0EE40AA06F01EFF29EE000A2AEE081A7A
:1010800030EE410A304687EDA00A06F013FF87EDE7
:10109000A10A08B0BDEC0A8B01B0F0BD9A99193FC6
:1010A0009A99993E40F2F050C2F2000001F0DABA8B
:1010B0004CF6B000C2F2010001F0D4BA4CF61010A8
:1010C000C2F2010001F0CEBA41F2040040F2601217
:1010D000CEF20000C2F20002016892ED001AB8EEF2
:1010E000411A20EE010A16E00268521A01EE102A97
:1010F000B8EE411AB4EE410AF1EE10FAD8BF7047CB
:101100000268521A01EE102AB8EE411AB4EE410AF2
:10111000F1EE10FA15DD0268521A01EE102AB8EE4F
:10112000411AB4EE410AF1EE10FA0ADD0268521AD1
:1011300001EE102AB8EE411AB4EE410AF1EE10FAAF
:10114000D2DC704710B54EF6FC5CCEF2000CDCF839
:10115000002044F24023C0F20F0342F08072584353
:1011600044F6D353CCF8002041F20002C1F26203EE
:10117000CEF200024FF0000CA0FB033EC2F804C008
:101180004DF683611368C4F21B31A0FB011443F0D8
:101190000101116040F26011C2F200014FEA9E129B
:1011A000A30C81E80D1010BD704700004CF2080040
:1011B000C2F201000078704772B600BFFEE700007F
:1011C0004CF20800C2F20100022101704CF2805082
:1011D000C2F201000021017070470000B0B588B074
:1011E000684606F00FFD06F06DFD9DF80A500446B6
:1011F00003F03AFE24B1022D04D1032117E000BF11
:10120000022114E005F0FD0101290BD160B1FFF7C7
:10121000DDFB58B105F0E4FC0021002808BF0521E2
:1012200005E000BF012102E0042100E006214CF2AC
:101230000800C2F20100017008B0B0BD4CF280504D
:10124000C2F201000178002918BF70470121017026
:1012500040F21010C2F200000068002818BF09F028
:1012600029B97047B0B5044640689FED941A606193
:1012700088880D46C0BA00EE100AB8EEC00A20EE0B
:10128000010AB3EE041A20EE010A84ED020A8879FD
:10129000207301F0B7FCA063012084F83C0094F8AF
:1012A0003000022820D128889FED881A40BA00EE2D
:1012B000100AB8EE400A80EE010A9FED812A20EE66
:1012C000020A9FED802A30EE000A20EE020A84ED29
:1012D000010A6888C0BA00EE100AB8EEC00A80EEB3
:1012E000011A9FED7B0A1DE094F8300001282BD1F4
:1012F00028889FED731A40BA00EE100AB8EE400A33
:1013000020EE010A9FED6F1A30EE000A20EE010A6E
:1013100084ED010A68889FED6C0AC0BA01EE100ADC
:10132000B8EEC11A9FED672A31EE011A9FED693AB6
:1013300021EE021A81EE031A84ED001A94ED021ACE
:1013400021EE000A84ED060A94ED040AB5EE400A87
:10135000F1EE10FA0AD194ED050AB5EE400AF1EE6D
:1013600010FA03D160682061B0BD00BF94ED010A9E
:1013700094ED051A94F8300057A1022808BF0431F3
:1013800091ED002A30EE410AB4EE420AF1EE10FA75
:1013900032EE021A02DD30EE410A08E0B1EE422AD6
:1013A000B4EE420AF1EE10FAB8BF30EE010A94ED45
:1013B000041A30EE010A84ED040A94ED041A9FED3C
:1013C000480AB4EE401AF1EE10FA35DD9FED451AE9
:1013D00094ED042A32EE012A84ED042A94ED042AC5
:1013E000B4EE402AF1EE10FA26DD94ED042A32EE36
:1013F000012A84ED042A94ED042AB4EE402AF1EE89
:1014000010FA19DD94ED042A32EE012A84ED042A43
:1014100094ED042AB4EE402AF1EE10FA0CDD94EDBE
:10142000042A32EE012A84ED042A94ED042AB4EE53
:10143000402AF1EE10FACBDC94ED041A9FED2A0A53
:10144000B4EE401AF1EE10FA37DA9FED281A1AE0DE
:1014500094ED042A32EE012A84ED042A94ED042A44
:10146000B4EE402AF1EE10FAA8BFB0BD94ED042A04
:1014700032EE012A84ED042A94ED042AB4EE402AC7
:10148000F1EE10FA19DA94ED042A32EE012A84ED15
:10149000042A94ED042AB4EE402AF1EE10FA0CDA94
:1014A00094ED042A32EE012A84ED042A94ED042AF4
:1014B000B4EE402AF1EE10FACADBB0BD000080386D
:1014C00000000039560E49402DB23D3F2CA09941F5
:1014D0009A99993E00007042560E4940714F293E3C
:1014E000DB0F4940DB0FC9C0DB0F49C0DB0FC94030
:1014F00010B5B0F89011B0EE401A0229A1F1010E1A
:1015000008D38A1E032A0EF0030C07D29FED2D0A82
:10151000002327E09FED2B0A47E000BF9FED290A3B
:101520002EF00302A0F11004002300BF94ED052A61
:1015300094ED063A94ED074A30EE020A94ED085A0B
:1015400030EE030A30EE040A043384ED042A84EDFD
:10155000053A84ED064A84ED075A103430EE050A48
:101560009A42E3D1BCF1000F1FD05A1C00EB820459
:1015700094ED002A00EB8302BCF1010F30EE020A69
:1015800082ED002A11D0023300EB830393ED002A91
:10159000BCF1020F30EE020A84ED002A05D092ED74
:1015A000032A30EE020A83ED002A02EE101A31EE11
:1015B000000AB8EE422A80EE020A00EB8E0080EDAF
:1015C000001A10BD00000000B0F89011002908BFFB
:1015D000704780B58900FEF776FF80BD0029A0F82E
:1015E000901108BF704780B58900FEF76CFF80BD81
:1015F00010B503F02BFC40F22011C2F2000188600C
:1016000001204CF284540870C2F201040020C4F896
:101610003C01606304F16C0005F06AFF04F14000D6
:10162000BDE8104005F064BFB0B52DED0A8B88B061
:101630004CF284549FED4D9A9FED4DAA9FED4DBA0B
:101640009FED4DCAC2F20104B6EE008ADFED461AE4
:10165000B2EE003AB1EE045AF1EE005A204640F2E2
:10166000FF110122B0EE480AF0EE4C0AB0EE4C1A1F
:10167000B0EE492AF0EE4A2AF0EE4C3AB0EE4B4A70
:10168000F0EE4C4A05F0F0FA9FED3C0A9FED3C1A53
:1016900004F19800F5EE001AB0EE085A40F2FF117E
:1016A0000122F0EE4B0AB0EE492AF0EE4A2AB0EEE3
:1016B0004C3AF0EE4C3AB0EE4C4AF0EE4C4AF0EEBA
:1016C000485A05F0D1FA43F2F4700025C3F685704C
:1016D000C4F83051C4F83451C4F8480103F0BCFBDD
:1016E0004EF61010C4F2A50084ED510A84ED500AA4
:1016F000C4F83C51C4F83851C4F84C51C4F86001E6
:101700004DF20A70C3F6A360C4F85C51C4F854519A
:10171000C4F85051C4F85851C4F864014FF27730FE
:10172000C3F60C70C4F868016846C4F86C51656370
:10173000C4F8CC5006F066FA079840F22011C2F2C5
:10174000000148604CF2F460C2F201000521FFF78D
:1017500045FF40F23440C2F200000521FFF73EFF92
:1017600008B0BDEC0A8BB0BDEC51383ECDCCCC3FBF
:10177000CDCC4C3F0AD7A33C00000000CDCCCC3DE3
:10178000CDCC4C3DB0B52DED088B88B0684606F049
:1017900039FA40F29800C2F20000007840F22014BA
:1017A000C2F2000400B3BDF9000006F0B7FAB1EED2
:1017B000081A20EE010A9FEDD81ABDF9020020EEAA
:1017C000019A06F0ABFA079860604CF2F460C2F23E
:1017D0000100FFF7F9FE40F23440C2F20000FFF7CB
:1017E000F3FE9FEDCE8A4CE007986168884205D1F0
:1017F0009FEDCA9AB0EE498A43E000BFBDF90C10D4
:101800009FEDC71A00EE101A6060B8EEC00A4CF2E5
:10181000F46020EE010AC2F20100FFF769FEBDEE9E
:1018200000AAB4EE4A0AF1EE10FAB8BFB0EE4A0AC6
:10183000B5EE008ABDF90E00B4EE480AB0EE489A43
:10184000F1EE10FAB8BFB0EE409A00EE100A9FED2C
:10185000B51AB8EEC00A40F2344020EE010AC2F2D6
:101860000000FFF745FEB4EE4A0AF1EE10FAB8BFE9
:10187000B0EE4A0AB4EE480AF1EE10FAB8BFB0EE84
:10188000408A684603F0D4FADDE901014CF2845540
:10189000C2F20105C5F83011C5F8340195ED2A0AE8
:1018A00095ED581A9FEDA0AA30EE410AB4EE4A0A0F
:1018B000F1EE10FA1EDD9FED9D1A00BF30EE010A19
:1018C000B4EE4A0AF1EE10FA14DD30EE010AB4EE7D
:1018D0004A0AF1EE10FA0DDD30EE010AB4EE4A0AC2
:1018E000F1EE10FA06DD30EE010AB4EE4A0AF1EE2E
:1018F00010FAE3DC9FED8EBAB4EE4B0AF1EE10FA6B
:101900001EDA9FED8C1A00BF30EE010AB4EE4B0ACE
:10191000F1EE10FA14DA30EE010AB4EE4B0AF1EEF1
:1019200010FA0DDA30EE010AB4EE4B0AF1EE10FABD
:1019300006DA30EE010AB4EE4B0AF1EE10FAE3DB00
:1019400085ED570A03F088FA85ED510A95ED4C0AAA
:10195000B1EE400A85ED4E0A95ED010A95ED521A59
:1019600030EE410AB4EE4A0AF1EE10FA1EDD9FEDA8
:101970006F1A00BF30EE010AB4EE4A0AF1EE10FA17
:1019800014DD30EE010AB4EE4A0AF1EE10FA0DDD74
:1019900030EE010AB4EE4A0AF1EE10FA06DD30EE3E
:1019A000010AB4EE4A0AF1EE10FAE3DCB4EE4B0A97
:1019B000F1EE10FA1EDA9FED5F1A00BF30EE010A59
:1019C000B4EE4B0AF1EE10FA14DA30EE010AB4EE7E
:1019D0004B0AF1EE10FA0DDA30EE010AB4EE4B0AC2
:1019E000F1EE10FA06DA30EE010AB4EE4B0AF1EE2F
:1019F00010FAE3DBB5EE409AF1EE10FA85ED530AEA
:101A000005D095ED500A39EE000A85ED500A95EDA6
:101A1000500AD5ED510A05F16C0005F085FDD5F8A9
:101A20008800C5F83C0195ED220AD5ED4E0A05F176
:101A3000400005F079FDE86D9FED3F1A686395ED74
:101A4000550A05F5827438EE000A85ED550A95EDC4
:101A5000550AB4EE410AF1EE10FAC2BF4DF2FE4053
:101A6000C3F60870C5F8540195ED550A9FED331A79
:101A7000B4EE410AF1EE10FABEBF4BF2D030CBF615
:101A8000B960C5F854010020C5F85001C5F85801E7
:101A9000C5F86C01C5F8CC00204605F029FD95ED90
:101AA000550AD5ED570A204605F03EFDD5F89800B9
:101AB000C5F85001D5F82001C5F8580195ED560A32
:101AC000D5ED540A05F1D80005F02EFD95ED5B8AA1
:101AD00095ED590A9FED1A1A95ED572A95ED5A3A48
:101AE00020EE019A32EE430A09F03AFF9FED151AF3
:101AF00029EE000A28EE011A31EE000A85ED5B0A94
:101B000095ED5B0A95ED3D1A31EE400A85ED330AFD
:101B100008B0BDEC088BB0BD6F1203BB0000000025
:101B2000A69BC43A6F1283BADB0F4940DB0FC9C0D2
:101B3000DB0F49C0DB0FC940FED4083FD0B3B9BEAC
:101B4000CDCC4C3FCDCC4C3E90F82020013A012A20
:101B500008D8006800F114020020136819431160CE
:101B6000704700BF00F1240201204FF48021136868
:101B7000194311607047000010B590F820E0D0F8CC
:101B800000C0AEF1010EBEF1010FDCF808E011D883
:101B90001EF0E05F18D0CEF301640120A040186071
:101BA0008B68DBB1D1F804E0C86840EACE0040EAB7
:101BB000030E17E000F1240301204FF480211A687E
:101BC0001143196010BD00BF00F1240301204FF440
:101BD00000111A681143196010BD00BF0868CB6876
:101BE00043EA405E0CF5C07000EB0413240140F89A
:101BF00004E00C69184640F8044F097D012903D11F
:101C0000016841F48071016050680121D86010685A
:101C1000986000201A681143196010BD90F82020C8
:101C2000013A012A30D8B0B546F20060C4F2000093
:101C3000026842F001020260026822F47C520260F3
:101C4000D1F814E0CC694A6A0368012C43EA022205
:101C500002600EF01F024FF0010303FA02F2C369A3
:101C60006FEA020C23EA0203C36113D02CBBC368E2
:101C700003EA0C03C360CB688C8844EA034300EB9F
:101C8000CE0423640B4611E0416A41F48021416295
:101C900001207047C3681343C3600B688C8844EA13
:101CA000034300EBCE04236401F10C038C681B8812
:101CB00043EA044300EBCE04636443688D6943EA5E
:101CC0000204D1F810E0096A002D08BF03EA0C04F1
:101CD00044604369BEF1000F43EA020408BF03EA0F
:101CE0000C040129446102D1C1691143C161016839
:101CF00021F0010101600020B0BD000010B54CF6DC
:101D0000880240F2C851C2F20102C2F2000140F260
:101D10002C1300249042C2F2000308BF03F1180400
:101D2000884208BF1C4674B100F00EF8206161685B
:101D3000400701F10101616058BF10BDA06801308A
:101D4000A0600120A07510BD406A7047B0B590F842
:101D50002040013C012C7DD8D0F800C000290CBFE8
:101D6000DCF80C40DCF81040A4077DD00CF5D875E9
:101D70004FEA011C55F80C4014F00404946055F827
:101D80000CE005EB011C19BF4FEADE0555604FEA78
:101D90005E551560DCF80050E64605F00205D5609A
:101DA0005EF8044F24075ABFDEF8004004F00F0429
:101DB00008241461DEF800400029C4F3072494616C
:101DC000DEF800504FEA15455561DCF808201A701E
:101DD000026802EB0112D2F8B8214FEA12225A70BF
:101DE000026802EB0112D2F8B8214FEA12429A704F
:101DF000026802EB0112D2F8B8214FEA1262DA70DF
:101E0000026802EB0112D2F8BC211A71026802EBDF
:101E10000112D2F8BC214FEA12225A71026802EB79
:101E20000112D2F8BC214FEA12429A71026802EB09
:101E30000112D2F8BC214FEA1262DA7100680CBFBD
:101E400000F10C0100F11001002020220B681A4360
:101E50000A60B0BD00F1240101204FF480220B681C
:101E60001A430A60B0BD00BF00F1240101204FF405
:101E700000120B681A430A60B0BD0000014690F8DA
:101E80002000421ED2B2012A88BF704709684A6802
:101E9000920744BF042070470968890748BF0320A0
:101EA0007047000090F820100139012984BF0020FC
:101EB00070470068816882688068C1F38061C2F3FE
:101EC000C0621144C0F30070084470472DE9F04F20
:101ED00081B0044600684669D0F804908768D0F85D
:101EE0000CB0D0F810A0D0F81880F10704D100256C
:101EF00030071DD424E000BFF90710D00121BA0734
:101F0000816009D4780700F1AF80380700F1B6800E
:101F1000204600F03DFB02E0204600F03BFB0025A0
:101F2000F80500F18780F80300F1B180300707D58C
:101F30001BF0100004D0206845F400751021C1602A
:101F4000700708D51BF0080005D020680821C16083
:101F5000204600F005FAB00706D52068C068800763
:101F600002D0204600F0FEF9700607D51AF01000E6
:101F700004D0206845F4806510210161B00608D5C1
:101F80001AF0080005D0206808210161204600F001
:101F90009BFAF00606D520680069800702D020462B
:101FA00000F094FAB00308D519F0100005D02068AD
:101FB00010214160204600F08BFAF00308D519F09B
:101FC000080005D0206808214160204600F0ECFAA6
:101FD000300440F19B805FEA497040F1948006F440
:101FE000807008EA102028435FEA8871014648BFE4
:101FF00041F00201B20558BF01465FEA48700D4644
:1020000048BF45F00405700558BF0D46300540F146
:102010007A8018F0700000F07680103800090528EA
:102020006CD8DFE800F003655D61596945F008058B
:1020300064E000BF20684FF48071BA0581600BD462
:10204000780515D438051DD4204600F0A5FAF8030C
:102050007FF56CAF1BE000BF204600F09FFAF8034D
:102060007FF564AF13E000BF4FF4006558E700BF91
:1020700005F50055F8037FF559AF08E04FF480559A
:102080004EE700BF05F58045F8037FF54FAF2068A8
:102090004FF48031BA0381600AD4780310D4380336
:1020A00014D4204600F07CFA30073FF541AF47E7F3
:1020B000204600F077FA30073FF53AAF40E700BF1F
:1020C00005F5004530073FF533AF39E705F58035B5
:1020D00030073FF52DAF33E745F080050EE000BF38
:1020E00045F020050AE000BF45F0400506E000BFCE
:1020F00045F0100502E000BF45F480752068816955
:1021000021F07001816120680421416055B1606A4D
:1021100040EA05012046616201B0BDE8F04FFFF7DB
:10212000EDBD00BF01B0BDE8F08F0000002804BF86
:1021300001207047B0B5044690F8200010B9204641
:1021400000F06EF82068016841F00101016000F0C4
:1021500059FD054620684168C90705D100F052FDC8
:10216000401B0B28F6D310E0016821F0020101604A
:1021700000F048FD054600BF2068416889070DD57D
:1021800000F040FD401B0B28F6D3606A052140F4A7
:1021900000306062012084F82010B0BD217E02680A
:1021A000012922F0800208BF80320260617E02684D
:1021B000012922F0400208BF40320260A17E02687D
:1021C000012922F0200208BF20320260E17E02686D
:1021D000012922F0100218BF10320260217F02682C
:1021E000012922F0080208BF08320260617F0268FC
:1021F000012922F0040208BF04320260D4E901C2BE
:10220000D4E9033561691A432A431143ACF1010251
:102210001143C16100200121606284F82010B0BD2B
:1022200010B586B0006846F60002C4F20002002134
:102230009042CDE90411CDE90211019134D046F26A
:102240000041C4F20001884277D140F20421C2F279
:1022500000010A6843F64000C4F20200531C0B6000
:1022600052B900210091016841F0007101600168DC
:1022700001F00071009100990021009150F8101CAC
:10228000142441F0080140F8101C50F8100C0321F0
:1022900000F008000090009840F20040C4F20200F4
:1022A00000F5006035E000BF43F64000C4F20200D4
:1022B0000091016841F080610160016801F0806176
:1022C0000091009940F20421C2F200010A68531CF7
:1022D0000B6052B900210091016841F0007101606A
:1022E000016801F00071009100990021009150F8FF
:1022F000101C402441F0020140F8101C50F8100C52
:10230000602100F002000090009840F20040C4F20A
:102310000200019102210291002103910321049105
:102320000921059101A900F097FB20460521002213
:1023300000F026FD204600F011FD06B010BD0000A3
:10234000014690F820000138022803D20022002024
:102350004A627047486A40F4802201204A6270470E
:1023600070470000B0B58AB003AA01AB0021044653
:102370000025FFF7EBFCE8B14CF6880140F2C850AD
:10238000C2F20101C2F2000040F22C128C42C2F2F1
:10239000000208BF02F11805844208BF154635B394
:1023A0006868013068602046FFF7CEFC28610AB0FB
:1023B000B0BD00BFDDE90501084318D140F2C851A6
:1023C0000398C2F200018C4214D04CF68801C2F28C
:1023D00001018C420BD140F20621884207D14CF218
:1023E0008450C2F20100983001A9FEF73BFF0AB009
:1023F000B0BD00BFA0F201201228F8D8DFE800F03D
:102400000C4A1250580A0A0A0A0A0A0A0A0A0A0A4E
:102410000A0A1A00EBE700BF4CF25010C2F20100AA
:102420001C30E1E74CF25010C2F2010000F5A6703A
:10243000DAE700BFBDF90400BDF9061000EE100A8E
:102440009FED1E1A02EE101AB8EEC00AB8EEC22AAC
:1024500080EE010A82EE011A4CF25010C2F2010025
:102460009FED184A80EDF10A80EDF21A90EDF10A25
:102470009FED131A90EDF22A90EDF33A20EE010A47
:1024800023EE041A20EE020A30EE010A80EDF30A70
:102490000AB0B0BD4CF25010C2F20100B430A3E754
:1024A0004CF25010C2F2010000F5F2709CE700BF40
:1024B0004CF28450C2F2010096E700BF0000C8420F
:1024C000CDCC4C3FCDCC4C3E704700007047000057
:1024D00070470000B0B5044690F8200001281DD1D7
:1024E000022084F820002068016821F001010160C9
:1024F00000F088FB054600BF20684068C00713D085
:1025000000F080FB401B0B28F6D3606A40F40030DB
:102510006062052084F820000120B0BD606A40F4AC
:10252000002060620120B0BD00206062B0BD0000EC
:10253000B0B5044690F82000022819D1206801683F
:1025400041F00101016000F05DFB05462068416833
:10255000C90713D100F056FB401B0B28F6D3606A65
:1025600040F400306062052084F820000120B0BDF6
:10257000606A40F4801060620120B0BD016821F003
:1025800002010160012084F820000020B0BD00009D
:10259000704700007047000070470000704700005F
:1025A00070470000704700007047000070B5866DEE
:1025B000044600F027FB94F83510022928D105467F
:1025C0002068216C026822F016020260426922F043
:1025D0008002426109B9A16C19B1016821F00801BA
:1025E0000160016821F00101016000BF20680068FE
:1025F000C00715D000F006FB401B0628F6D32020AC
:102600006065032084F83500002184F8341070BD23
:10261000802060650120002184F8341070BD00BF67
:10262000E06D3F2101FA00F0B060012084F8350030
:102630000020002184F8341070BD000090F835109F
:10264000022909D1052180F835100068016821F0C0
:102650000101016000207047802141650120704721
:10266000406D7047F0B581B00021009140F29C01AF
:10267000C2F200010B68D0E9166148F2B51537685F
:102680000822C1F64E358A403A42A3FB05350CD0EC
:1026900003681C68640708D51C6824F004041C60E7
:1026A000B260426D42F00102426501228A403A4224
:1026B00008D003685B691B0604D5B260426D42F026
:1026C0000202426504228A403A4208D003681B682D
:1026D0009B0704D5B260426D42F0040242651022AD
:1026E0008A403A4219D001680B681B0715D5B260C1
:1026F0000B680A685B0309D4D20509D40A6822F082
:1027000008020A60016C29B907E000BF110341D437
:10271000016C11B1044688472046C26D202101FAA0
:1027200002F33B4243D001680F68FF063FD5B36018
:1027300090F835700B68052F1CD123F016030B6041
:102740004B6923F080034B61036C0BB9836C1BB1A5
:102750000B6823F008030B603F219140B160012119
:1027600080F83510016D0022002980F8342054D102
:1027700058E000BF0A685B0310D4D20512D40A687F
:1027800022F010020A60012180F83510002180F843
:10279000341007E0816C0029BCD1BEE7110301D4DD
:1027A000416C00E0C16B11B1044688472046416D81
:1027B000C1B3416DC9072ED0052180F835100168DD
:1027C000AA0A0B6823F001030B60009B01339342BC
:1027D00000931AD80B68DB0717D0009B0133934294
:1027E000009312D80B68DB070FD0009B0133934294
:1027F00000930AD80B68DB0707D0009B0133934294
:10280000009302D80B68DB07DFD1012180F8351077
:10281000002180F83410C16C21B101B0BDE8F04056
:10282000084700BF01B0F0BD2DE9F041044600F0BB
:10283000E9F9ECB10546022084F835000020216852
:1028400084F83400086820F00100086021680868F6
:10285000C00711D000F0D6F9401B0528F6D9032592
:1028600020230320636584F83550BDE8F08100BF64
:102870000120BDE8F08100BF086848F23F02CFF2B6
:102880001002D4E9013500EA020C04F10C0898E8C2
:10289000C10143EA0C032B431843D4E9072E30430C
:1028A00038431043626A40EA0E00042A40EA0803F3
:1028B0001CD1206BD4E90A2E40EA0E0018430860B0
:1028C0004869BEF1000F20F0030040EA020040F02A
:1028D000040C11D0B8F5005F36D0B8F1000F45D127
:1028E000022A46D0012A3BD032B942E00B60486947
:1028F00020F0070040EA020C01F0F8004AF6AB2293
:102900001038CAF6AA22A0FB02231A094BF630732C
:10291000C1F814C0C0F600039A5C40F2FF335F2890
:102920004FF03F0021EA030100FA02F088BF0431B2
:10293000C4E916128860002301250020636584F82D
:102940003550BDE8F08100BF032AD5D801254023CA
:102950000120DFE802F0030E030500BF82E700BF9D
:10296000AEF1C070B0FA80F0400904E0032A04D34D
:10297000C2D1CEF300600028BED001254023012043
:10298000636584F83550BDE8F081000090F834C0EC
:10299000BCF1010F04BF0220704770B54FF0010C6D
:1029A00080F834C0D0F858E090F835C0BCF1010F81
:1029B00038D14FF0020C80F835C04FF0000CC0F851
:1029C00054C0D0F800C08468056CC06DDCF80060AD
:1029D000402C26F48026CCF80060CCF804300B465E
:1029E00004BF13460A463F2101FA00F0CCF8083034
:1029F000CCF80C20CEF80800DCF8000040F01600FF
:102A0000CCF800002DB1DCF8000040F00800CCF854
:102A10000000DCF8000040F00100CCF800000020CD
:102A200070BD00BF002180F83410022070BD00008E
:102A3000B0B5044600F0E6F805464CF20000C2F2DC
:102A400001000078611C18BF044400BF00F0DAF8F0
:102A5000401BA042FAD3B0BD2DE9F04F83B000F186
:102A6000200200F13E4741F60045009207F1FF7752
:102A7000C4F2020508224FEAB726A84208BF07227F
:102A800000254FF000084FF00009072E38BF4FEA2D
:102A9000B72201920AE000BF09F1010908F102081A
:102AA000B9F1100F05F1040500F0A2800F680122B2
:102AB00002FA09FE17EA0E0AEED0D1F804C003228A
:102AC0000CF003077E1E02FA08F4012E6FEA040BD5
:102AD00012D88468CE6804EA0B0406FA08F6344378
:102AE0008460446824EA0E06CCF3001404FA09F466
:102AF0002643466004E000BF032F01D103271EE0F8
:102B0000C6688C6806EA0B0604FA08F42643022F0E
:102B1000C66014D16FF00302009E02EA590756F80E
:102B200007C005F01C040F220B69A2402CEA020228
:102B3000A3401A43F251D1F804C00CF00307026815
:102B400007FA08F302EA0B021A431CF4403F026042
:102B5000A2D0002243F644030292C4F202031A6890
:102B600043F6004442F480421A601A68C4F2010439
:102B700002F480420292029A29F003024FF6084CB6
:102B80002244CFF6FF7C52F80C3005F00C070F26DC
:102B9000BE40B343019E06FA07F73B4342F80C30B0
:102BA000A2684B6842EA0A0743F60C4CDE0258BFA3
:102BB00022EA0A07A760C4F2010CDCF800209E029A
:102BC00042EA0A0758BF22EA0A07CCF80070626896
:102BD0009E0342EA0A0758BF22EA0A076760226892
:102BE000DB0342EA0A0758BF22EA0A07276053E7D5
:102BF00003B0BDE8F08F0000002A08BF090481611E
:102C0000704700004CF65820C2F20100006870477F
:102C10004CF200004CF65821C2F20100C2F2010150
:102C200000780A68104408607047000080B543F6D9
:102C30000040C4F20200016841F4007101600168C3
:102C400041F480610160016841F4807101600320FA
:102C500000F0C2F80F2000F005F800F05DF8002049
:102C600080BD000070B586B0002543F64001019597
:102C7000C4F202010A68044642F020020A600968B0
:102C800001A801F0200101910199694600F066F95F
:102C9000049E002E18BF012600F080F94DF68361D6
:102CA000B040C4F21B31A0FB01014FF0FF3000EB3C
:102CB000914140F2986041F20042C2F20000C4F239
:102CC000000240F2E733C0E90021C0E90253056188
:102CD000856100F08BFE08B106B070BD40F29860CF
:102CE000C2F2000000F0EAFE0028F5D1372000F023
:102CF00035F80F2C0CD837202146002200F040F880
:102D00004CF204010020C2F201010C6006B070BD5B
:102D1000012006B070BD000082B0002043F64001E3
:102D20000190C4F202014A6842F480424A604A6853
:102D300002F480420192019A00900868002240F05B
:102D40008050086008680F2100F0805000900098C3
:102D50006FF0010002B000F013B80000002848BF77
:102D6000704700F01F01012202FA01F11C2202EA61
:102D7000D0004EF20012CEF20002815070470000E7
:102D800010B54EF60C5CCEF2000CDCF80030C3F34C
:102D9000022E8EF00704042C28BF0424BEF1030386
:102DA0004FF0FF3E0EFA04F438BF0023A1439940D0
:102DB0000EFA03F39A43114300F00F0200F160434F
:102DC0000901043A03F564436244002848BF02F154
:102DD0000C03197010BD00004EF60C51CEF200012C
:102DE0000A684FF6FF031A4060F30A2242F080603F
:102DF00040F0FD7008607047002804BF0120704754
:102E00002DE9F04143F60808C4F202080446D8F858
:102E1000F8030D4600F00700814207D988F8F853FF
:102E2000D8F8F80300F00700A84277D1206881079E
:102E300017D5410705D5D8F8001041F4E051C8F87E
:102E40000010010705D5D8F8001041F46041C8F81A
:102E50000010D8F80010A26821F0F0011143C8F862
:102E60000010C00740D1D8F8F80300F007008542F1
:102E700007D288F8F853D8F8F80300F00700A84202
:102E80004CD12068410707D5D8F80010E26821F43A
:102E9000E0511143C8F80010000708D5D8F8000029
:102EA000216920F4604040EAC100C8F8000000F049
:102EB0009DF8D8F800104BF68862C1F30311C0F6F4
:102EC0000002515C40F29C0220FA01F14CF2040035
:102ED000C2F201000068C2F200021160FFF7C2FEF8
:102EE0000020BDE8F08100BF6068811E022907D282
:102EF00058F8081C89015CBF0120BDE8F08111E091
:102F0000012807D158F8081C89035CBF0120BDE8DF
:102F1000F08107E058F8081C890703D40120BDE8B8
:102F2000F08100BFD8F8001021F003010843C8F871
:102F30000000FFF767FE064641F28837D8F8000028
:102F4000616800F00C00B0EB810F8CD0FFF75AFEE7
:102F5000801BB842F2D90320BDE8F0810F22026045
:102F600043F60802C4F20202136803F0030343604D
:102F7000136803F0F0038360136803F4E053C36045
:102F8000D2F800C04FF4E05303EADC030361D2F847
:102F9000F80300F0070008607047000040F29C0052
:102FA00043F60801C2F20000C4F202010068096899
:102FB0004BF69862C1F38221C0F60002515CC84012
:102FC0007047000040F29C0043F60801C2F2000086
:102FD000C4F20201006809684BF69862C1F34231FD
:102FE000C0F60002515CC8407047000010B543F6BF
:102FF0000404C4F202046168C1F3810142F200409A
:10300000C0F2F400DFE801F002040A0210BD00BFC4
:1030100041F60030C0F2B70010BD00BF2068216843
:103020002368490241F60031C0F2B70100F03F02C7
:10303000C3F388105CBF42F20041C0F2F401A1FB6F
:1030400000010023FDF726F921680222C1F30141A6
:1030500002EB4101B0FBF1F010BD0000002804BFFD
:10306000012070472DE9F04182B00446007843F614
:103070000006C007C4F202060CD0B06800F00C00D5
:10308000042840F081803068800303D56068002800
:1030900000F06881207880071BD5B06810F00C0F15
:1030A00009D0B06800F00C00082840F087807068F4
:1030B000400200F183803068800703D5E068012872
:1030C00040F050813068216920F0F80040EAC100EA
:1030D00030602078000713D4207840072AD4A569EF
:1030E000002D00F03A81B06800F00C00082840F094
:1030F000A580012D40F00E81012002B0BDE8F081D5
:103100006069002800F082800020C4F2472001217D
:10311000C0F8801EFFF776FD054600BF706F800780
:10312000DAD4FFF76FFD401B0228F7D9032002B065
:10313000BDE8F081306C5FEAC0080AD4002001903D
:10314000306C40F080503064306C00F08050019062
:10315000019847F20007C4F200073868C00547D459
:10316000386840F480703860FFF74CFD054600BFBA
:103170003868C0053CD4FFF745FD401B0228F7D94D
:10318000032002B0BDE8F081B06800F00C00082810
:1031900003D1706840023FF576AF61683068B1F5E1
:1031A000803F07D0B1F5A02F40F09A8040F48020F6
:1031B0003060306840F4803030609AE0E068002889
:1031C00040F20000C4F247205CD001210160FFF70B
:1031D00019FD0546306880073FF574AFFFF712FD13
:1031E000401B0228F6D9032002B0BDE8F08100BFE1
:1031F000A168306F012905D0052955D140F00400A0
:103200003067306F40F00100306756E00020C4F2B4
:1032100047200021C0F8801EFFF7F4FC054600BFE0
:10322000706F80077FF558AFFFF7ECFC401B02285A
:10323000F6D9032002B0BDE8F08100BF0027C4F238
:10324000472700203866FFF7DDFC022D05460DD12B
:103250003068800140F18A80FFF7D4FC401B0228CF
:103260004FF00300F4D902B0BDE8F081306880016E
:1032700073D5FFF7C7FC401B02284FF00300F5D9B8
:10328000F1E700BF00210160FFF7BCFC054600BF6D
:10329000306880077FF51DAFFFF7B4FC401B0228A4
:1032A0004FF00300F4D9DEE720F001003067306F03
:1032B000002920F0040030677AD0FFF7A3FC054610
:1032C00041F28837306F800700F18480FFF79AFC65
:1032D000401BB842F6D9032002B0BDE8F08100BF20
:1032E00020F4803030603068002920F48020306085
:1032F0007AD0FFF787FC0546306880033FF5CAAEF9
:10330000FFF780FC401B6428F6D9032002B0BDE81B
:10331000F08100BF7068E16900F480028A4221D127
:10332000216A00F03F028A421CD147F6C071626AEE
:103330000140B1EB821F15D1A16A4FF6FF73C9039B
:10334000994300F44032A1F580318A420AD1E16A02
:1033500000F07060B0EB016F04D1002002B0BDE856
:10336000F08100BF012002B0BDE8F08104F11C052E
:103370002FCD084340EA8210D9034FF6FF729143E4
:10338000A1F5803140EA056008437060012038668D
:10339000FFF738FC044600BF30688001DDD4FFF73A
:1033A00031FC001B02284FF00300F5D95BE700BF9A
:1033B000FFF728FC054641F2883700BF306F8007D1
:1033C00008D5FFF71FFC401BB8424FF00300F5D9AA
:1033D00049E700BFB8F1000F3FF581AE306C20F037
:1033E000805030647BE600BFFFF70CFC054600BF51
:1033F000306880037FF54EAEFFF704FC401B642865
:103400004FF00300F4D92EE770B528B1416A29B115
:1034100000210161142106E0012070BD4168B1F571
:10342000827F02D01C21002242500026866290F842
:10343000511029B980F85060054600F03DF8284643
:10344000022180F8511090E82E0002F482720C687C
:1034500003F4044324F040040C601A4405F40063B0
:1034600005691A4405F0020345691A4405F0010391
:103470008569C4691A4405F400731A4404F03803DA
:10348000046A1A4404F08003846A1A4304F4005363
:103490001A430A60436A042202EA154203F0100349
:1034A0001A444A60CA6922F40062CA610121466571
:1034B00080F85110304670BD2DE9F04F87B00446BA
:1034C00043F200070068C4F201070026B8420696DE
:1034D000CDE904660396029602D007B0BDE8F08FEE
:1034E00043F630000196C4F20200416902AD41F496
:1034F00080514161416946F2104801F480510191C7
:103500000199019601684FF0020941F00201016042
:1035100001684FF0030A01F002010191019901963F
:1035200001684FF0050B41F0010101600068294678
:1035300000F00100019001981820029007F5544016
:10354000C4F20208CDE90396CDF814A0CDF818B066
:10355000FFF782FA8020CDE9020904A880E8400C38
:1035600007F550402946FFF777FA4CF6B005C2F24E
:1035700001054FF440304FF0C0674FF48069C5E952
:1035800008062846C5E90087C5E90266C5E904962C
:10359000C5E90666FFF748F9002818BFFDF70CFEDD
:1035A000E564AC634CF6101508F14800C2F2010561
:1035B0004021C5E9000705F10800002280E8060265
:1035C0004FF40030C5E908022846C5E90522EA6142
:1035D000FFF72AF9002818BFFDF7EEFDA564AC63DC
:1035E00007B0BDE8F08F00002DE9F04383B01E4620
:1035F00015460F460446FFF705FB94F85110814627
:10360000012909D1002F4FF0010018BF002D0FD163
:1036100003B0BDE8F08300BF6068B0F5827F0DD1D4
:1036200004294FF00200F3D1A1680029EAD0EFE7A6
:10363000002EEDD094F85000012803D1022003B0F1
:10364000BDE8F083012084F8500094F85100002177
:1036500004281CBF052084F851006165A563E68736
:10366000A6872763E6862068A686216461640168D0
:10367000490603D4016841F0400101606168731E8E
:10368000E268B1FA81F1B3FA83F3DDF828804909E1
:103690005B09B2F5006F41EA030165D131B137F83A
:1036A000021BC1602763E08E0138E086012518F116
:1036B000010032D102E000BFFFF7A4FAE08E18B992
:1036C000E08F002800F0B8802068816889070CD559
:1036D000E18E51B1012D08D1216B002531F8022B6B
:1036E000C2602163E18E0139E1868168C907E3D0B8
:1036F000E18F0029E0D0C068A16B012521F8020B01
:10370000A163E08F0138E087D6E700BFFFF77AFAC0
:10371000A0EB0900404580F0A580E08E18B9E08F4D
:10372000002800F089802068816889070CD5E18E27
:1037300051B1012D08D1216B002531F8022BC26057
:103740002163E18E0139E1868168C907DED0E18F0E
:103750000029DBD0C068A16B012521F8020BA16311
:10376000E08F0138E087D1E739B139780173206BF8
:1037700001302063E08E0138E086012518F1010058
:1037800032D101E0FFF73EFAE08E10B9E08F002859
:1037900052D02068816889070ED5E18E61B1012D74
:1037A0000AD1216B002509780173216B2068013152
:1037B0002163E18E0139E1868168C907E2D0E18F9A
:1037C0000029DFD0C068A16B01250870A06B013013
:1037D000A063E08F0138E087D4E700BFFFF712FA5B
:1037E000A0EB090040453DD2E08E08B9E08F18B348
:1037F0002068816889070ED5E18E61B1012D0AD15B
:10380000216B002509780173216B20680131216348
:10381000E18E0139E1868168C907DFD0E18F002997
:10382000DCD0C068A16B01250870A06B0130A063DB
:10383000E08F0138E087D1E720460221012243468C
:10384000CDF8009004F08CFAB0B1606D40F020002B
:10385000606520206065002084F85000012003B0DE
:10386000BDE8F083012084F85100002084F8500066
:10387000032003B0BDE8F08340F29C00C2F20000D8
:10388000006849F68171C1F25E61A0FB0101480D3B
:103890004FF47A71484302906068B0F5827F0BD193
:1038A0002046802100224346CDF8009004F058FACB
:1038B0000028CAD121E000BF0298F0B10298013877
:1038C000029020688168090617D50299A9B102996A
:1038D00001390291816809060FD5029969B10299EF
:1038E000013902918168090607D5029929B1029927
:1038F0000139029180680006DED4A06838B9002042
:1039000001902068C16801918068019001980120B0
:1039100084F85100002084F85000606D002818BF22
:10392000012003B0BDE8F08370470000704700003D
:1039300090F83C20012A4FF0020254D010B580F8D4
:103940003D200268D2F804E0D2F808C00C682EF0DE
:103950007003234341F2FF74C4F20004A242536097
:103960000EDC40F2FF73C4F200039A4216DCB2F19F
:10397000804F2BD040F20043C4F2000324E000BF8C
:1039800040F2FF33C4F201039A4213DC41F6000314
:10399000C4F200039A4219D0002313E040F600035A
:1039A000C4F200039A4211D040F60043C4F200036F
:1039B0000AE000BF44F20003C4F201039A4205D0BA
:1039C00040F20043C4F201039A4204D149682CF04A
:1039D0008003194391600121002280F83D1080F896
:1039E0003C20BDE81040104670470000002804BF8E
:1039F0000120704710B5044690F83D0028B900201A
:103A000084F83C00204600F01FF8022084F83D00B6
:103A10002068211D04F03EFB012084F8460084F854
:103A20003E0084F83F0084F8400084F8410084F8A8
:103A3000420084F8430084F8440084F8450084F888
:103A40003D00002010BD000080B582B0006841F24A
:103A50000001C4F20001884216D040F60001C4F211
:103A6000000188420ED10020019043F64000C4F2CC
:103A70000200016841F004010160006800F00400E8
:103A80000190019802B080BD0020009043F64000F4
:103A9000C4F202000168002241F0100101600068D8
:103AA000052100F01000009000983620FFF768F91B
:103AB000362002B0BDE88040FFF750B990F83D10C5
:103AC00001291CBF01207047022180F83D100068C9
:103AD00041F2FF72C168C4F20002904241F001015C
:103AE000C1600DDC40F2FF71C4F20001884215DCB8
:103AF000B0F1804F2AD040F20041C4F2000123E02F
:103B000040F2FF31C4F20101884213DC41F60001AA
:103B1000C4F20001884219D0002113E040F60001F0
:103B2000C4F20001884211D040F60041C4F2000105
:103B30000AE000BF44F20001C4F20101884205D04E
:103B400040F20041C4F20101884206D1816801F0CF
:103B50000701062904BF00207047016841F00101F8
:103B6000016000207047000090F83C20012A4FF0CF
:103B700002026CD080B580F83D20D0F800C04FF62E
:103B80007772DCF8083023EA0202CCF808200B68D0
:103B90004F2B29DC1F2B45DD202B46D0302B44D06A
:103BA000402B40F0AF80D1F804E0C968DCF8203049
:103BB000DCF8202022F00102CCF82020DCF81820CC
:103BC00022F0F00242EA011123F00A0242EA0E0258
:103BD000CCF81810CCF82020DCF8081041F0470190
:103BE00021F0300128E000BF6F2B33DDB3F5005F1B
:103BF00074D0B3F5805F21D0702B40F08380D1E981
:103C000001E3C968DCF8082043EA0E0322F47F428E
:103C100043EA01211143CCF80810DCF8081041F008
:103C2000770109E00BB1102B6CD1DCF8081021F002
:103C30007001194341F00701CCF80810002201215E
:103C400080F83D10002180F83C10BDE8804010460F
:103C5000704700BF502B21D0602B53D1D1F804E026
:103C6000C968DCF82030DCF8202022F01002CCF803
:103C70002020DCF8182022F4704242EA013123F0BF
:103C8000A00242EA0E12CCF81810CCF82020DCF882
:103C9000081041F0670121F01001CDE7D1F804E0F0
:103CA000C968DCF82030DCF8202022F00102CCF8D2
:103CB0002020DCF8182022F0F00242EA011123F063
:103CC0000A0242EA0E02CCF81810CCF82020DCF8E8
:103CD000081041F0570121F02001ADE7D1E901E3DF
:103CE000C968DCF8082043EA0E0322F47F4243EA65
:103CF00001211143CCF80810DCF8081041F4804190
:103D00009AE700BF01229AE77047000070B50446A9
:103D10000068C5680669B10716D515F0020113D011
:103D20006FF002010161012121778069800703D0D2
:103D30002046FFF7E9FF05E0204600F08FF8204617
:103D400000F0CEF900202077700719D515F0040097
:103D500016D020686FF0040101610221217780698B
:103D600010F4407F04D02046FFF7CEFF06E000BFEE
:103D7000204600F073F8204600F0B2F900202077CA
:103D8000300717D515F0080014D020686FF008012F
:103D9000016104212177C069800703D02046FFF725
:103DA000B3FF05E0204600F059F8204600F098F9EE
:103DB00000202077F00619D515F0100016D02068E5
:103DC0006FF01001016108212177C06910F4407F74
:103DD00004D02046FFF798FF06E000BF204600F021
:103DE0003DF8204600F07CF900202077F00718BF4E
:103DF00015F0010002D1300609D412E020686FF0FE
:103E000001010161204600F0F5F9300609D515F0F1
:103E1000800006D020686FF0800101612046FFF726
:103E200083FD700609D515F0400006D020686FF0BC
:103E300040010161204600F0E7F9B00658BF70BDAF
:103E400015F0200008D021686FF0200220460A619A
:103E5000BDE87040FFF76ABD70BD0000704700000C
:103E600090F83C30012B04BF022070474FEAB202A9
:103E7000032A00F2FF802DE9F043DFE802F003B1EE
:103E80003F7F00BF036840F200461C6A1A6A24F0B4
:103E9000020422F001021A621A46D3F804C052F852
:103EA00018EF8F6843F48065C4F20106B54244EA16
:103EB000070405D1CF6824F00C0427F004073C4325
:103EC0000F68B54206D1D1E905582CF440762E434F
:103ED00046EA080C2EF073063743C3F804C09F610E
:103EE0004F6809695F631C629F6947F008079F611B
:103EF0009F6927F004079F61B1E000BF036840F2AB
:103F000000481C6A1A6A24F4007422F480721A624F
:103F10001A46D3F804C052F81CEF8F6843F480654A
:103F2000C4F20108454544EA072408D1CF6840F2AD
:103F3000FF463F0224F4406427EA06063443D1F8E2
:103F40000090454506D1D1E905562CF440572E4343
:103F500047EA061C2EF0730747EA0907C3F804C0B6
:103F6000DF614F680969DF631C62DF6947F008079A
:103F7000DF61DF6927F00407DF6170E0036840F26A
:103F80000045D3F820C01A6A43F4806722F48052B7
:103F90001A621A465C6852F81C8FD1F800E08E68ED
:103FA000C4F20105AF4204D14D6924F4804444EACF
:103FB00085142CF4005747EA063728F4E64646EA0B
:103FC0000E265C60DE614E6809691E641F62DF694F
:103FD00047F40067DF61DF6927F48067DF613DE058
:103FE000036840F200481C6A1A6A24F0200422F098
:103FF00010021A621A46D3F804C052F818EF8F68FC
:1040000043F48065C4F20108454544EA071407D12A
:10401000CF686FF0400624F0C00406EA0716344368
:10402000D1F80090454506D1D1E905562CF44067FA
:104030002E4347EA860C2EF4E64747EA0927C3F8E1
:1040400004C09F614F6809699F631C629F6947F4C0
:1040500000679F619F6927F480679F610902136869
:10406000194311600021BDE8F043002280F83C2094
:10407000084670470121002280F83C20084670471E
:10408000002804BF0120704710B5044690F83D0099
:1040900028B9002084F83C00204600F01FF80220D8
:1040A00084F83D002068211D03F0F4FF012084F80E
:1040B000460084F83E0084F83F0084F8400084F80D
:1040C000410084F8420084F8430084F8440084F8F6
:1040D000450084F83D00002010BD0000704700003E
:1040E00070470000C1B1042908D0082914BF41223B
:1040F0004022825C012A05D016E000BF3F22825C8C
:10410000012A11D10222082910D0042914BF80F8F5
:10411000412080F83F200BE090F83E20012A03D197
:10412000022280F83E2003E00120704780F8402002
:10413000006801F01F010122036A02FA01F123EA7B
:1041400001020262026A114341F2FF72C4F20002EC
:10415000904201620CDC40F2FF71C4F2000188421F
:1041600014DCB0F1804F37D040F2004116E000BFC0
:1041700040F2FF31C4F20101884215DC41F6000132
:10418000C4F20001884227D0002115E040F600016A
:10419000C4F2000188421FD040F60041C4F2000181
:1041A000884219D01FE000BF44F20001C4F20101AF
:1041B000884211D040F20041C4F20101884212D17C
:1041C000416C40F2004340F48062C4F2010341F4C8
:1041D00000419A42416406D1816801F00701062935
:1041E00004BF00207047016841F001010160002018
:1041F00070470000006841F20041C4F200018842AB
:1042000018BF7047FEF704BD7047000070B582B05C
:1042100090F84250202D0BD113460A460146002A41
:104220004FF0010018BF002B06D102B070BD00BFD7
:10423000022002B070BD00BF0863002622204E633A
:104240008A628B854E6481F842000C680D46C86B0B
:1042500048F2957C48F6F501C0F6000CC0F6000166
:10426000C0E90FC148F21961C0F60001C0E9131698
:10427000211DFEF78BFBE8B310206864202029463F
:1042800085F8420001200A6B012A40F0B380002229
:1042900000920A681368009352680092009A00BF67
:1042A0000A6852E8032F0B6842F0100243E8032625
:1042B000002EBAD00A6852E8032F0B6842F01002B1
:1042C00043E80326002EB0D00A6852E8032F0B689B
:1042D00042F0100243E80326002EA6D00A6852E8F6
:1042E000032F0B6842F0100243E80326002ED7D1BB
:1042F0009BE700BF01962868294602680192406842
:1043000001900198286928B3086850E8030F0A68EB
:1043100040F4807042E80303E3B1086850E8030FFB
:104320000A6840F4807042E803039BB1086850E8D3
:10433000030F0A6840F4807042E8030353B1086831
:1043400050E8030F0A6840F4807042E80303002B32
:10435000DAD100BF086850E8050F0A6840F0010094
:1043600042E80503BBB3086850E8050F0A6840F04F
:10437000010042E8050373B3086850E8050F0A68B6
:1043800040F0010042E805032BB3086850E8050F30
:104390000A6840F0010042E80503002BDAD11AE078
:1043A000086850E8050F0A6840F0400042E805033D
:1043B000DBB1086850E8050F0A6840F0400042E8A9
:1043C000050393B1086850E8050F0A6840F0400003
:1043D00042E805034BB1086850E8050F0A6840F051
:1043E000400042E80503002BDAD100200A6B012AC5
:1043F0003FF44DAF012002B070BD0000006844F6EC
:104400000002C4F20002904218BF704770B58CB031
:104410004CF214041229C2F20104C0F08F804EF253
:104420008F304843000D00EBC0006FF0110101EB2D
:10443000400014FA80F090F82520402A7ED3C2F381
:10444000011EBEF1000F79D020300023ADF80E30F0
:1044500003784178857861F30A23C908C67865F343
:104460004A11A3F58063A1F58061ADF82C30ADF859
:104470002A10B100037941EA951163F38A21A1F56D
:104480008061ADF8281059084FEA921C62F3CA11F6
:10449000027C437CA1F5806163F30A22ADF826100B
:1044A000A2F58061ADF82410C1884289ADF81C10D6
:1044B0000189ADF81820ADF81A10017B427BC08944
:1044C0008DF822E08DF821C08DF816108DF815209A
:1044D000ADF81000FEF796FB0290E0690130019004
:1044E000BDF82C002080BDF82A006080BDF82800AF
:1044F000A080BDF82600E080BDF8240020819DF852
:104500002200A0729DF82100E072BDF81C00A0817D
:10451000BDF81A00E081BDF8180020829DF8160051
:10452000A0749DF81500E074BDF81000A082BDF8DD
:104530000E00E0820298A0610198E0614CF6102024
:1045400004F12001C2F201002422FFF75FFE40F2D5
:10455000F050C2F200000068016821F0080101601B
:104560000CB0BDE87040704710B50446206850E8B4
:10457000030F216820F4907041E80302BAB3206869
:1045800050E8030F216820F4907041E8030272B3F1
:10459000206850E8030F216820F4907041E803027E
:1045A0002AB3206850E8030F216820F4907041E896
:1045B0000302002ADAD11AE0206850E8050F2168CA
:1045C00020F0010041E80502DAB1206850E8050F4B
:1045D000216820F0010041E8050292B1206850E80E
:1045E000050F216820F0010041E805024AB120686A
:1045F00050E8050F216820F0010041E80502002A7B
:10460000DAD1206B012824D1206850E8030F2168FB
:1046100020F0100041E80302DAB1206850E8030FEF
:10462000216820F0100041E8030292B1206850E8B0
:10463000030F216820F0100041E803024AB120680E
:1046400050E8030F216820F0100041E80302002A1F
:10465000DAD120684069400636D500BF206850E8AE
:10466000050F216820F0400041E80502DAB120681A
:1046700050E8050F216820F0400041E8050292B1A2
:10468000206850E8050F216820F0400041E805024D
:104690004AB1206850E8050F216820F0400041E849
:1046A0000502002ADAD1E06B70B100210165FDF747
:1046B0007DFF48B1E06BFDF7D3FF202804D1102027
:1046C0006064032010BD00BF00202021E08584F835
:1046D0004210206310BD0000016844F60002C4F2DD
:1046E0000002914218BF704710B582B000220192BB
:1046F0000B68044601934B680193019B01920B6880
:1047000001934B680193019B01920B6801934B68E5
:104710000193019B01920B6801934B680193019BEC
:1047200001920B6801934968019101994264FFF776
:104730001BFF4CF21400C2F2010000F120012046E0
:104740002422FFF763FD40F2F050C2F2000000683F
:10475000016821F00801016002B0BDE81040704717
:10476000B0B582B001680A68CC684B6902F02F05C9
:10477000202D04F0200505D125B102B0BDE8B040E0
:1047800004F0C4B85FEA027C1EBF03F0010E04F41B
:10479000907313EB0E0341D1036BD50618D5012B93
:1047A00016D114F0100313D0002201920A6801926E
:1047B0004A680192019A496949064BD4818DC28D9C
:1047C000C38D002B18BF914240F0068202B0B0BDED
:1047D00013062DD514F080032AD090F84120212A09
:1047E000F4D18268B2F5805F03D10269002A00F03B
:1047F0007982026A531C036212784A60C28C013AC1
:104800001304C284E2D1C86820F08000C860C86880
:1048100040F04000C86002B0B0BD00BFD30718BF71
:1048200014F4807340F0E280530700F1E580EAE081
:104830005206CBD514F04002C8D0CA6822F040021C
:10484000CA60202180F8411002B0BDE8B04000F0FD
:10485000EBBA00BFC26B11684B68858D99B2002915
:1048600000F0B480A94280F0B180C385D169B1F570
:10487000807F00F0A080016851E8031F026821F4E6
:10488000807142E80313DBB1016851E8031F02683D
:1048900021F4807142E8031393B1016851E8031FCA
:1048A000026821F4807142E803134BB1016851E8BA
:1048B000031F026821F4807142E80313002BDAD150
:1048C000016851E8051F026821F0010142E8051363
:1048D000BBB3016851E8051F026821F0010142E8FD
:1048E000051373B3016851E8051F026821F0010147
:1048F00042E805132BB3016851E8051F026821F057
:10490000010142E80513002BDAD11AE0016851E8F1
:10491000051F026821F0400142E80513DBB1016880
:1049200051E8051F026821F0400142E8051393B1E8
:10493000016851E8051F026821F0400142E80513B3
:104940004BB1016851E8051F026821F0400142E8BF
:104950000513002BDAD1202180F8421000210163D9
:10496000016851E8031F026821F0100142E80313B7
:10497000DBB1016851E8031F026821F0100142E831
:10498000031393B1016851E8031F026821F010017D
:1049900042E803134BB1016851E8031F026821F09C
:1049A000100142E80313002BDAD1C16B044608461C
:1049B000FDF7FCFD204602214163818DC28D891ADD
:1049C00089B202B0BDE8B040FFF718BD8D427FF458
:1049D000FDAED269B2F5807F7FF4F8AE0222426369
:1049E00002B0BDE8B040FFF709BD00BF436C43F023
:1049F00001034364530706D5BEF1000F03D0436C97
:104A000043F002034364930706D5BEF1000F03D0C1
:104A1000436C43F004034364BCF1000F06D55EEA27
:104A2000050303D0436C43F008034364436C002B3D
:104A30003FF4CCAE920605D525B1044603F066FFDF
:104A4000216820464969426C01F0400102F00802E9
:104A5000891800F0B98000BF016851E8031F02689F
:104A600021F4907142E80313BBB3016851E8031FBE
:104A7000026821F4907142E8031373B3016851E8AE
:104A8000031F026821F4907142E803132BB30168FD
:104A900051E8031F026821F4907142E80313002BD0
:104AA000DAD11AE0016851E8051F026821F001011E
:104AB00042E80513DBB1016851E8051F026821F0E7
:104AC000010142E8051393B1016851E8051F02682E
:104AD00021F0010142E805134BB1016851E8051FBF
:104AE000026821F0010142E80513002BDAD1016BC5
:104AF000012924D1016851E8031F026821F0100147
:104B000042E80313DBB1016851E8031F026821F09A
:104B1000100142E8031393B1016851E8031F0268D2
:104B200021F0100142E803134BB1016851E8031F63
:104B3000026821F0100142E80313002BDAD1202192
:104B400080F842100021016301684969490640F17B
:104B5000C380016851E8051F026821F0400142E866
:104B60000513DBB1016851E8051F026821F040011F
:104B700042E8051393B1016851E8051F026821F06E
:104B8000400142E805134BB1016851E8051F026876
:104B900021F0400142E80513002BDAD1C16B002956
:104BA00000F09A8048F20D62C0F600020446084602
:104BB0000A65FDF743FD00283FF408AEE06B016D88
:104BC00002B0BDE8B04008470446FFF785FD00206D
:104BD000606402B0B0BD00BF891A00BF026852E82D
:104BE000032F036822F4907243E80325BDB30268E3
:104BF00052E8032F036822F4907243E8032575B34B
:104C0000026852E8032F036822F4907243E80325F8
:104C10002DB3026852E8032F036822F4907243E830
:104C20000325002DDAD11AE0026852E8052F036847
:104C300022F0010243E80525DDB1026852E8052FA4
:104C4000036822F0010243E8052595B1026852E8A5
:104C5000052F036822F0010243E805254DB10268E3
:104C600052E8052F036822F0010243E80525002DD4
:104C7000DAD1202280F8422000220263026852E842
:104C8000032F036822F0100243E80325DDB1026818
:104C900052E8032F036822F0100243E8032595B180
:104CA000026852E8032F036822F0100243E803254C
:104CB0004DB1026852E8032F036822F0100243E866
:104CC0000325002DDAD1022289B2426302B0BDE889
:104CD000B040FFF793BB00BF02B0BDE8B040FFF7A4
:104CE000FBBC00BF026A32F8023B6FF35F234B60EC
:104CF000026283E5002804BF0120704710B5044616
:104D000090F8410028B9002084F84000204600F0C7
:104D100021F8242084F841002068C16821F4005162
:104D2000C160204603F072FE2068016921F49041C1
:104D30000161416921F02A014161C16841F40051DA
:104D4000C16000202021606484F8411084F8421082
:104D5000606310BD70B586B0044644F6000021685B
:104D6000C4F20000002681420596CDE90366029652
:104D7000019601D006B070BD43F630010096C4F232
:104D800002010A6900F5E03042F480220A610A69F2
:104D900002F480220092009A00960A6842F004020F
:104DA0000A60096801F00401009100994FF4406124
:104DB00001910221CDE902160321049107210591F9
:104DC00001A9FDF749FE40F2F05546F22800C2F273
:104DD0000005C4F202004FF0006185E843004FF483
:104DE00000304FF480624FF48073C5E9080628460E
:104DF000C5E90362C5E90566EB61FDF715FD00280D
:104E000018BFFCF7D9F9272005210022E563AC6320
:104E1000FDF7B6FF2720FDF7A1FF06B070BD00002B
:104E2000704700007047000070470000FEE7000078
:104E3000002808BF70474CF25801C2F20101CA684D
:104E400002600A6942604969816070474CF258000B
:104E5000C2F20100406870474CF25800C2F20100F3
:104E600090ED170A704700004CF25800C2F20100A2
:104E70000078704785B0D0F8EC104FF07E5291ED7D
:104E8000000A91ED011A91ED022A91ED033A8DEDA0
:104E9000030A8DED021A8DED012A8DED003A9DED8C
:104EA000034A9DED035A9DED026A9DED027A24EEC0
:104EB000054A26EE076A9DED015A9DED017A34EE12
:104EC000064A25EE075A9DED006A9DED007A35EE03
:104ED000044A26EE075A35EE044AB1EEC44A04925B
:104EE0009DED045A85EE044A8DED044A049A04921D
:104EF0009DED044A24EE000A81ED000A9DED040AAE
:104F000020EE010A81ED010A9DED040A20EE020A5D
:104F100081ED020A9DED040A20EE030A81ED030AE9
:104F200040F25021C2F200019DED020A91ED6F1A8C
:104F3000D0F8002120EE010AB6EE001A20EE010A98
:104F400082ED040A9DED010A91ED6F2A20EE020A1E
:104F500020EE010A82ED050A9DED030A91ED6F2A0C
:104F600020EE420A20EE010A82ED0A0A9DED000AB7
:104F700091ED6F2A20EE020A20EE010A82ED0B0A63
:104F80009DED000A91ED6F2A20EE420A20EE010A03
:104F900082ED100A9DED030A91ED6F2A20EE420A80
:104FA00020EE010A82ED110A9DED010A91ED6F2AB2
:104FB00020EE020A20EE010A82ED160A9DED020A99
:104FC00091ED6F2A20EE420A20EE010A82ED170AC7
:104FD000D0F8F80091ED740A90ED1C1A81EE002AC9
:104FE00090ED230A80ED1C2A91ED741A44F2000121
:104FF00080EE010A9FED0A1AC4F21C61B4EE412A48
:10500000F1EE10FAB4EE410A80ED230AC8BF016741
:10501000F1EE10FAC8BFC0F88C1005B0704700BFA1
:1050200000401C46B0B540F25024C2F200040120FA
:1050300020704CF67740C3F22B20C4F8CC0104F565
:10504000D87080EC030AB7EE000A0025F4EE401A8F
:10505000201D062100220323C4ED642A84F8385160
:10506000C4E95055C4E9525584ED6F2AF1EE10FAA7
:10507000C8BFF0EE401AC4ED741A00F0C1FD04F58B
:10508000E07004F5E4730121012203F0BFFFD4F8BE
:10509000EC104FF07E52C1E90025C1E9025545F2FE
:1050A000F501C0F6000144F6756245F2311345F290
:1050B000BD5504F1D00CC0F60002C0F60003C0F6E6
:1050C00000058CE82E0040F20111D4F80401E185BE
:1050D0004BF6A061C0F600019022FBF798F9D4F8D6
:1050E000FC0040F20801C2F200019022FBF78FF9A8
:1050F000B0BD000010B50446D0F8F81040F208002A
:10510000C2F200009022FBF782F9D4F81C114CF295
:105110000810C2F201004822FBF779F9D4F80C110B
:1051200040F20820C2F200004822FBF770F910BDDF
:1051300010B584B00446D0F8EC0040F2881190ED30
:10514000000A90ED011A90ED022A30EE000A90ED6F
:10515000033A8DED030A31EE010A8DED020A32EEBB
:10516000020A8DED010A33EE030A8DED000AC2F248
:1051700000010988A27B237BD4F80C0151435943D9
:10518000FBF7A1F99DED010AD4F80C01B1EE400A3C
:1051900080ED000A009900F1180C41609DED030AB2
:1051A000B1EE400A80ED020A0299C1600299039AA9
:1051B000009B019C8CE81E00039901639DED020A8F
:1051C0009DED011AB1EE400AB1EE411A80ED0D0AD3
:1051D00080ED0E1A0099C16304B010BDB0B52DED7D
:1051E0000C8B84B040F25024C2F20004B0EE429A1C
:1051F00094ED582A94ED593A94ED5A4A94ED6F5A29
:1052000030EE420AB6EE00BA84ED5B0A20EE0B0ADD
:1052100030EEC32A31EE441A20EE050A84ED5C2AF2
:1052200084ED5D1A8DED030A22EE0B0A20EE050ACD
:105230008DED020A21EE0B0A20EE050A8DED010A22
:10524000D4F804014BF6A061C0F600019022B0EE44
:10525000628AB0EE61AAFBF7DAF89DED030AD4F892
:1052600004019DED021A9DED012AB1EE400AB1EE56
:10527000411AB1EE422A80ED010A80ED021A80ED5A
:10528000032A03998161019901629DED020AB1EE41
:10529000400A80ED090A029901639DED010AB1EE11
:1052A000400A80ED0D0A0399C1630199029AC0E991
:1052B00012129DED030AD4E95212B1EE400A1143D5
:1052C00080ED140A06D094ED5E2A94ED5F1A94EDF9
:1052D000600A09E000200121B0EE480AB0EE491A48
:1052E000B0EE4A2AC4E9521094ED643A94ED6F4A44
:1052F00022EE032A33EE045A2AEE046A23EE011A40
:1053000029EE047A82EE052A86EE056A81EE051AF8
:1053100087EE057A23EE000A28EE043A80EE050AAD
:1053200083EE053A00210022002532EE062A22EE05
:10533000024A37EE011A84ED5E2A84ED5F1A33EEDD
:10534000000A21EE013A34EE033A20EE004A34EE30
:10535000033AB1EEC33AB7EE004A84ED600A84EE38
:10536000034A84ED663A8DED004A9DED000AA0687F
:1053700022EE000A80ED000A94ED5F0A9DED001A0E
:1053800020EE010A80ED010A94ED600A9DED001AFD
:1053900020EE010A80ED020A94ED5B0A94ED5C1A9E
:1053A00094ED5D2A21EE011A20EE000A30EE010A8A
:1053B00022EE021A31EE000AB1EEC00A9FED782A01
:1053C00094ED661A002084ED650AB4EE420A9FED62
:1053D000750AF1EE10FAB4EE401AB8BF0120F1EEF2
:1053E00010FAC8BF012194ED6C2A94ED6F3A084081
:1053F000D4F8181122EE032A81ED002A9FED6A0AE3
:1054000094ED6C2A94ED6F3AB4EE401A22EE030A42
:1054100081ED070A94ED6C0A94ED6F1AF1EE10FA23
:1054200020EE010A81ED0E0A94ED6C0A94ED6F1ADC
:1054300020EE010A81ED150A94ED6D0A94ED6F1AC4
:10544000B8BF012220EE010A81ED1C0A94ED6D0A1D
:1054500094ED6F1A104020EE010A81ED230A94EDBD
:105460006E0AD4F81C1184F8390181ED000A81ED2F
:10547000040AD4F8B8010862201D00F015FF606826
:1054800090ED000A84ED540A90ED011A84ED551A4E
:1054900090ED022A20EE010A84ED562A90ED033A9F
:1054A00021EE011A84ED573A22EE033A3BEE411AFF
:1054B00022EE022A30EE030A71EE420A04F5D070A1
:1054C00003F020FB94ED680A9FED388A94ED549A1E
:1054D00094ED55AA94ED56CA94ED57DA20EE080AD9
:1054E00084ED680A29EE0C0A2AEE0D1A30EE410A04
:1054F00030EE000A06F09EF920EE080A84ED690AF3
:105500002DEE090A2AEE0C1A31EE000A2CEE0C1AC6
:105510003BEE411A2DEE0D2A71EE420A04F5D470CD
:1055200003F0F0FA94ED6A0A606820EE080A84ED50
:105530006A0A016994ED761A9FED1D2AC4F860117C
:1055400030EE411A4069B4EE421AF1EE10FAC4F896
:105550006401C4F8685103DDB4F8D401013809E0EE
:105560009FED142AB4F8D401B4EE421AF1EE10FA09
:1055700002DA0130A4F8D40100B201EE100A9FED66
:105580000E2AB8EEC11A21EE021A31EE001A84ED8D
:105590006B1A84ED760A04B0BDEC0C8BB0BD00BF75
:1055A0009A99993ECDCC1441CDCC2441E12E65424F
:1055B00000003443000034C30000B4432DE9F04F31
:1055C00085B000F1780500F1800804462846414680
:1055D00004F0D4FB84F8C800B4F87800274627F814
:1055E000A80FB4F85A0004F15801A4F8AA002846FC
:1055F0003A46009104F0A2F984F8C8003888A3461E
:10560000B4F882102BF8B00FA4F8B2103846414617
:105610005A4604F093F9214684F8C80051F8900FD7
:10562000264646F8A00F5846324603F079FC84F827
:10563000C8003046594603F0EDFC84F8C800D4F8A1
:10564000EC00D4F82C6190E80E00C068049103923D
:1056500002930190B4F87800A2464FF001092AF8AD
:10566000B80FA4F8BA909DED030A9DED011A9DEDC7
:10567000042A9DED023A20EE010A22EE032A30EEC2
:10568000420A30EE000A86ED000A9DED041A9DEDF7
:10569000032A9DED023A9DED014A21EE021A23EE06
:1056A000043A31EE031A31EE011A86ED011A9DED2E
:1056B000041A9DED042A9DED033A9DED034A21EE67
:1056C000021A23EE043A9DED022A9DED024A31EEC4
:1056D000431A22EE042A9DED013A9DED014A31EE76
:1056E000421A23EE042A32EE011AB0EEC00A86ED09
:1056F000021A06F013F840F25025C2F2000585EDBB
:10570000610A96ED010AB0EEC00A06F007F885EDD1
:10571000620A96ED020AB0EEC00A05F0FFFF2046CD
:1057200030F8481F264626F8C01F5146324685ED00
:10573000630AA6F8029004F0ABFA318884F8C80036
:105740003980584631463A46A4F8AA9004F0F6F853
:1057500084F8C80030885146A4F8BA003046AAF848
:10576000009004F00BFB84F8C80005F5E072504689
:10577000394604F0E3F895ED731A95ED720AB6EE2A
:10578000002A21EE022AB4EE420AF1EE10FA84F861
:10579000C80007DA85F83891B4EE410AF1EE10FA44
:1057A0000CDC25E095F83891B9F1000F18BF4FF0E7
:1057B0000109B4EE410AF1EE10FA19DDB9F1000F5A
:1057C00016D0D5E9501095F83921013140F100008B
:1057D000002A04BF10461146B1F1330270F10002F5
:1057E000C5E95010C0F01C81002085F8380121E087
:1057F0009FED992A31EE403A21EE022A83EE022AE9
:105800009FED943A5FEAC97021EE031AB7EE003AB1
:10581000B0EE434AB4EE410A4FF0000018BFB0EEBC
:10582000424AF1EE10FAC8BFB0EE443A85ED673A4D
:10583000C5E9500084F82C00B4F85800B4F8821080
:10584000A4F8A8000098A4F8AA1041463A4604F02B
:1058500075F804F1980884F8C8003846594642465D
:1058600004F06CF8B4F898C0B4F89A2084F8C80032
:1058700002FB0CF3D4F81C21EBB30027002000BF7F
:1058800002EB870195ED670A91ED001A40F00107E0
:10589000FFB220EE010ABB4281ED000A2BD902EBD8
:1058A000870195ED670A91ED001A40F00207FFB2FB
:1058B00020EE010ABB4281ED000A1CD902EB8701F0
:1058C00095ED670A91ED001A40F00307FFB220EE54
:1058D000010ABB4281ED000A0DD902EB870195ED6B
:1058E000670A91ED001A0430C7B220EE010ABB42EC
:1058F00081ED000AC4D895ED610A9FED581A92ED2A
:105900000C2A80EE010A0120A4F8BA004046314674
:10591000A4F8B8C020EE020A82ED0C0A95ED610AE7
:1059200092ED0D2A80EE010A20EE020A82ED0D0AA8
:1059300095ED610A92ED0E2A80EE010A20EE020A30
:1059400082ED0E0A95ED620A92ED0F2A80EE010AB1
:1059500020EE020A82ED0F0A95ED620A92ED102AFE
:1059600080EE010A20EE020A82ED100A95ED620A2D
:1059700080EE010A92ED111A20EE010A82ED110A61
:10598000524603F0DBFF95F83821D4F8BC1084F8B8
:10599000C800BAB395ED6F0A9FED311A91ED043A44
:1059A00020EE012AB4EE423AF1EE10FA05DD81ED67
:1059B000042A95ED6F0AB0EE423A9FED2A2A20EEB6
:1059C000024AB4EE443AF1EE10FABCBF81ED044A4B
:1059D00095ED6F0A91ED053A20EE011AB4EE413AC9
:1059E000F1EE10FA05DD81ED051A95ED6F0AB0EEC6
:1059F000413A20EE020AB4EE403AF1EE10FAB8BF96
:105A000081ED050A0020C86004F1380004F130027D
:105A1000514603F085FA84F8C80005B0BDE8F08F60
:105A200040F28815C2F200052A88237BD4E93A01A6
:105A30005A43FAF7ECFC2A88237BD4E93E015A4307
:105A40005A43FAF7E4FC012084F82C0005B0BDE8C5
:105A5000F08F00BFCDCCCC3D6666663FDA0FC93F04
:105A60000AD7233C0AD723BC10B586B04CF25804A1
:105A7000C2F2010404F14C0203A86946FAF7EEFDF4
:105A800020789DED031A9DED050A00284ED094ED77
:105A9000065A94ED076A94ED087A9DED042A9DED6F
:105AA000003A9DED014ADDED021A30EE470A04F19D
:105AB0000C0075EE410A36EE421A80EC030AB1EE94
:105AC000432AF1EE442A04F1340080EC060AFFF781
:105AD00085FB40F25020C2F2000000F5A87C90ED5A
:105AE000680A90ED691A90ED6A2A9FED443A90EDAC
:105AF0006B4A9CE80E1004F1240E20EE030A21EEFE
:105B0000031A22EE032A24EE033A01208EE80E1037
:105B100084ED140A84ED151A84ED162A84ED173AE3
:105B2000207060680130606006B010BD9DED042AF1
:105B300021EE014A22EE023A34EE033A20EE004A08
:105B400034EE033AB1EEC33A9FED2A4AB4EE443A3A
:105B5000F1EE10FA46DA9DED003A9DED014ADDEDD9
:105B6000021A24EE045A23EE036A36EE055A21EE99
:105B7000A16A36EE055AB1EEC55AB2EE006AB4EE2D
:105B8000465AF1EE10FA2DDDB2EE086AB4EE465A2E
:105B9000F1EE10FA26DAA06894ED065A94ED076A41
:105BA00094ED087A013031EE055A32EE066A30EE95
:105BB000077AB0F5FA7F84ED065A84ED076A84ED22
:105BC000087AA060B0D3DFED0C0A85EE205A86EE8D
:105BD000206A87EE207A84ED065A84ED076A84ED08
:105BE000087A62E70020A060C4E90600206206B0DF
:105BF00010BD00BF9A99193E0000FA4335FA8E3C59
:105C00002DE9F047044640F288170420C2F200074D
:105C1000C0F2080038600020207418469A4690466A
:105C2000894621736273A37304F0DCFD5146606101
:105C3000FAF727FC388800FB0AF004F0D3FD398816
:105C4000A06101FB0AF1FAF73EFC388800FB0AF07C
:105C500004F0C8FD3988E06101FB0AF1FAF733FC72
:105C6000388800FB09F004F0BDFD3988206201FB93
:105C700009F1FAF728FC504604F0B4FD5146606281
:105C8000FAF7FFFB388800FB09F004F0ABFD398818
:105C9000206001FB09F1FAF716FC388800FB0AF0D6
:105CA00004F0A0FD3988606001FB0AF1FAF70BFCF3
:105CB000388800FB08F004F095FD3988A06001FBEE
:105CC00008F1FAF700FC388800FB09F004F08AFDBF
:105CD0003988C4F8E80001FB09F1FAF7F4FB217BED
:105CE000D4F8E83004F13000012203F08FF938884D
:105CF00000FB09F004F076FD3988C4F8EC0001FBE4
:105D000009F1FAF7E0FB217BD4F8EC3004F138001C
:105D1000012203F07BF9B8F1000F13D0388800FBA3
:105D200008F004F05FFD3988C4F8F00001FB08F1C9
:105D3000FAF7C9FB617BD4F8F03004F1400001228E
:105D400003F064F9388800FB0AF004F04BFD398851
:105D5000C4F8F40001FB0AF1FAF7B5FBA17BD4F813
:105D6000F43004F14800012203F050F9388809FBAF
:105D700009F6704304F036FD3988C4F8F800714321
:105D8000FAF7A1FB217BD4F8F83004F150000A4661
:105D900003F03CF93888704304F024FD3988C4F8D6
:105DA000FC007143FAF78FFB217BD4F8FC3004F13F
:105DB00058000A4603F02AF93888704304F012FDAF
:105DC0003988C4F8000106FB01F004F00BFD3988A6
:105DD000C4F80401D4F800017143FAF774FB398860
:105DE000D4F804017143FAF76EFB217BD4F800313B
:105DF00004F160000A4603F009F9217BD4F804316C
:105E000004F168000A4603F001F9B8F1000F13D05D
:105E1000388808FB09F5684304F0E4FC3988C4F8C5
:105E200008016943FAF74FFB217B627BD4F8083104
:105E300004F1700003F0EAF838880AFB09F56843BA
:105E400004F0D0FC3988C4F80C0105FB01F004F023
:105E5000C9FC3988C4F81001D4F80C016943FAF779
:105E600032FB3988D4F810016943FAF72CFB227B06
:105E7000A17BD4F80C3104F1780003F0C7F8217B42
:105E8000A27BD4F8103104F1800003F0BFF8388809
:105E9000704304F0A7FC3988C4F814017143FAF781
:105EA00012FB217BD4F8143104F188000A4603F078
:105EB000ADF838880AFB0AF6704304F093FC398881
:105EC000C4F818017143FAF7FEFAA17BD4F818312F
:105ED00004F190000A4603F099F83888684304F00A
:105EE00081FC3988C4F81C016943FAF7ECFA217B7C
:105EF000A27BD4F81C3104F1980003F087F83888AD
:105F0000217B4843484304F06DFC3988227BC4F868
:105F1000200151435143FAF7D6FA3888217B484390
:105F2000484304F05FFC3988227BC4F824015143C4
:105F30005143FAF7C8FA3888217B4843484304F0B4
:105F400051FC3988227BC4F8280151435143FAF7A8
:105F5000BAFA3888217B484304F044FC3988227B14
:105F6000C4F82C015143FAF7AEFA3888217B484334
:105F700004F038FC3988227BC4F83001D4F82C01B5
:105F80005143FAF7A0FA217BD4F8203104F1A000A4
:105F90000A4603F03BF8217BD4F8243104F1A80031
:105FA0000A4603F033F8217BD4F8283104F1B0001D
:105FB0000A4603F02BF8217BD4F82C3104F1B80009
:105FC000012203F023F8217BD4F8303104F1C00022
:105FD000012203F01BF8002084F82C00A062BDE829
:105FE000F08700002DE9F04F83B00446C07B40F2FB
:105FF00088180028C2F2000868D00020B8F80020F5
:10600000A37B2074D4F8F40061685A43FAF7FFF9CF
:10601000B8F80010A27B60685143FAF754FAB8F858
:106020000010A27BD4F8180151435143FAF74BFA00
:10603000B8F80010227BA37BD4F80C0151435943DC
:10604000FAF741FA94F80EC0BCF1000F2CD00020F2
:10605000002104E00131614500F1040024D2D4F8AC
:10606000F4301F1897ED000AB5EE400AF1EE10FA71
:10607000F0D0227C676A03EB820383ED000AB954F7
:10608000D4E90532257B1758227CD4F80C6155439E
:106090005B5C94F80EC006EB850606EB83030132C9
:1060A00043F8047C2274D5E794F810A0BAF1000FED
:1060B0007BD0E169666AD4F818C1BAF1040F0AF01E
:1060C000030515D20020002D54D16EE0B8F8002051
:1060D000A37BD4F8F40061685A43FAF798F9B8F84A
:1060E0000010A27B60685143FAF7EDF970E000BF41
:1060F0000AF0FC00C0F1000B0AEB4A000C2202EB94
:106100008009102000EB0A170820009500EBCA0553
:106110000420721C00EB8A036FF003000196CDF897
:1061200008C000BF02EB000E9EF80380043051F857
:106130002860CCF800609EF8046051F826604CF8A6
:1061400003609EF8056051F826604CF805609EF8E3
:10615000066051F826604CF809600BEB0006043627
:10616000BC44DFD140F288189DE860100430C2F2D0
:106170000008D5B1335C0AF1010251F8233000FB6D
:1061800002F7012D4CF827300FD0431CF75C534326
:1061900051F82770022D4CF8237006D00230335C82
:1061A000504351F823104CF82010207BA4F878A01D
:1061B000A4F87A00A4F88000A4F882A0A4F890A023
:1061C000A4F892A0A4F89800A4F89AA0A4F848A073
:1061D000B8F80020637BD4F8F000A1685A43FAF7BE
:1061E00016F903B0BDE8F08F90F82A10002918BF07
:1061F00070472DE9F04381B000F1780600F1800985
:1062000005463046494603F0B9FD85F8C800B5F8A3
:1062100078002C4624F8A80FB5F85A0005F1580864
:10622000A5F8AA0030464146224603F087FB85F8D0
:10623000C80020882F46B5F8821027F8B00FA5F8BF
:10624000B210204649463A4603F078FB294685F8C5
:10625000C80051F8900F2E4646F8A00F3846324637
:1062600002F05EFE85F8C8003046394602F0D2FEE4
:1062700085F8C800B5F85800B5F882102080A5F858
:10628000AA1040464946224603F058FB85F8C8004C
:10629000A6F108022046394603F050FB85F8C800F5
:1062A00001B0BDE8F04370472DE9F04F81B083465F
:1062B000FFF798FEDBF8CC1009B1584688479BF8E9
:1062C000280048BB9BF80D000BF13001002800F0BE
:1062D000A9819BF80C005D4625F8B80F01240BF14D
:1062E00060002A46ABF8BA4003F028FB9BF80C107C
:1062F0005E4626F8C01F3072A6F15000A6F180015C
:106300003246748003F01AFB3072A6F188022846E8
:10631000314602F005FE3072DBF8D01009B1584664
:1063200088479BF8290050BB0BF160050BF168060C
:106330002846314603F022FD0BF158078BF8C800C0
:106340000BF1500128463A4603F0F8FABBF8581012
:106350005D4625F8A81F35F83E1C8BF8C8006980FB
:10636000384631462A4603F0E9FA8BF8C800A5F111
:10637000200128463A4602F0D3FD8BF8C800DBF82E
:10638000D41009B1584688479BF8100040F288198C
:106390000028C2F2000900F087805846FFF724FF6A
:1063A000DBF8D81009B1584688479BF82B0098BBFA
:1063B000584630F8781F5D4625F8B81F0BF13808AD
:1063C000012441462A46ABF8BA4003F0B7FA8BF8ED
:1063D000C800584630F8481F5F4627F8C01F2946B6
:1063E0003A46ABF8C24003F053FC5E4636F8981FBD
:1063F0008BF8C8002980304639462A46ABF8BA40A7
:1064000003F09CFA8BF8C800A6F1680240462946C2
:1064100002F086FD8BF8C800DBF8DC1009B15846A5
:1064200088479BF82C0030BB584630F8982F5D46C3
:1064300025F8A82F2E4626F8082F35F84E2C35F8CB
:106440002E3CA5F130016A812A466B80A5F15007E8
:1064500003F074FA85F8200028463946324603F0E6
:106460006DFA85F82000A5F158023846314603F050
:106470000FFC85F82000DBF8E01009B1584688478A
:106480009BF80CA0BAF1000F00F0B880DBF82020D8
:10649000DBF8F840BAF1040F0AF00300009021D2B3
:1064A000A0469646002769E09BF80F0000283FF4BD
:1064B00074AFB9F800209BF80C30DBE93A015A437D
:1064C000F9F7A5FFB9F800209BF80C30DBE93E0195
:1064D0005A435A43F9F79BFFDBF8E0100029CDD16E
:1064E000CEE700BF0AEB4A000C2101EB800596467F
:1064F00002F108010822102002EBCA0304220AF06C
:10650000FC0C00EB0A1002EB8A020027A04600BF39
:1065100094ED001A11ED020A04EB0209B4EE401AE0
:10652000F1EE10FAB8BF84ED000A99ED001A11EDF2
:10653000010AE618B4EE401AF1EE10FAB8BF89ED80
:10654000000A96ED001A91ED000A0437B4EE401AE5
:10655000F1EE10FAB8BF86ED000A661996ED001A42
:1065600091ED010A0444B4EE401AF1EE10FAB8BFFE
:1065700086ED000ABC4501F11001C9D1009B40F233
:106580008819C2F20009CBB30AF1010000FB07F140
:1065900008EB81010EEB870291ED001A92ED000AE3
:1065A000B4EE401AF1EE10FAB8BF81ED000A012BEB
:1065B00024D07A1C00FB02F108EB81010EEB820271
:1065C00091ED001A92ED000AB4EE401AF1EE10FAC5
:1065D000B8BF81ED000A022B10D0B91C484308EB6C
:1065E00080000EEB810190ED001A91ED000AB4EEEF
:1065F000401AF1EE10FAB8BF80ED000AB9F8002099
:10660000DBF80000DBF8E81002FB0AF2F9F7FFFE06
:10661000DBF8E41009B158468847DBF8000001B008
:10662000BDE8F08F0BF160000BF1380203F086F942
:106630008BF8C800DBF8D01000297FF470AE70E64C
:1066400010B540F2C85046F20041C2F20000C4F258
:1066500000010322002380E80E0000F10C014FF43A
:10666000002C4FF4401E4FF0012481E808504FF4F5
:10667000807184618183FBF759FD002808BF10BD3C
:10668000BDE81040FAF798BD10B54CF6880046F604
:106690000001C2F20100C4F200010322002380E8DD
:1066A0000E0000F10C014FF4002C4FF4401E4FF08F
:1066B000012481E808504FF4807184618183FBF7E5
:1066C00035FD002808BF10BDBDE81040FAF774BDC5
:1066D00080B582B0002043F630010190C4F202017F
:1066E0000A6842F400120A600A6802F40012019279
:1066F000019A00900868002240F480000860086851
:10670000052100F48000009000980C20FCF738FB75
:106710000C20FCF723FB382005210022FCF730FB7E
:106720003820FCF71BFB3B2005210022FCF728FB4F
:106730003B2002B0BDE88040FCF710BBF0B5B9B01B
:106740004BF66C60C0F6000090E81E50806932ADD8
:1067500085E81E50389032A8002103F07DFE40F2FB
:106760000017C2F2000738604BF65060C0F6000018
:1067700090E87E0080690DF1AC0C8CE87E003190D1
:106780002BA8002103F068FE78604BF63460C0F659
:10679000000090E84E00D0E9045480690DF1900C9F
:1067A0008CE84E002A9024A80021CDE9285403F05B
:1067B00053FE2E49B8602DA0061D1D914ECED0E986
:1067C00005500DF1780C8CE84E00CDE922501DA843
:1067D000002103F041FE2C49F8602BA0061D169104
:1067E0004ECED0E905500DF15C0C8CE84E00CDE9A1
:1067F0001B5016A8002103F02FFE2A49386129A05A
:10680000061D0F914ECED0E905500DF1400C8CE8DD
:106810004E00CDE914500FA8002103F01DFE2849B9
:10682000786127A0061D08914ECED0E905500DF1E4
:10683000240C8CE84E00CDE90D5008A8002103F08F
:106840000BFE2649B86125A0061D01914ECED0E968
:1068500005500DF1080C8CE84E00CDE9065001A85A
:10686000002103F0F9FDF86139B0F0BD5ABF00080E
:106870009D730008000000000000000000020000FE
:10688000000000000000000050BF0008197100085F
:1068900003000000000000000001000000000000F4
:1068A0000000000077BF0008017100080000000030
:1068B00000000000000100000000000000000000D7
:1068C00070BF0008557200080000000000000000C2
:1068D00000010000000000000000000040BF0008B0
:1068E0006D740008010000000000000000010000BD
:1068F00000000000000000002DE9F04387B00027F1
:1069000043F630000697CDE90477CDE90277019789
:10691000C4F202000168002541F002010160016833
:10692000C4F2020501F00201019101990197016889
:10693000012241F00101016001684FF0100801F0EF
:1069400001010191019901970168012641F00801B7
:106950000160016801F00801019101990197016846
:1069600041F004010160016801F004010191019905
:106970000197016841F0800101600068102100F07A
:106980008000019001982846FCF736F905F58064EF
:10699000204601210122FCF72FF9CDE902860DF1F5
:1069A00008084FF00209284641460496CDF8149095
:1069B000FCF752F8302002904FF48810CDE903071D
:1069C00005F500604146FCF747F820464146CDE911
:1069D0000266CDE90469FCF73FF807B0BDE8F08333
:1069E000B0B54CF6701043F20001C2F20100C4F2DF
:1069F00001014FF48272002380E80E0000F10C01C7
:106A00004FF0020C4FF0010E4FF40074182581E88E
:106A100008500A21C0E90645C0E90833C0E90A3137
:106A2000FCF7F2FC002808BFB0BDBDE8B040FAF7A3
:106A3000C3BB0000B0B594B040F600054CF6C810DA
:106A4000C4F200050021C2F201005322F9230D9186
:106A5000CDE90B110991CDE90711CDE90511CDE97A
:106A60000311CDE90111C0E90052C0E9021301612F
:106A70008161FCF7BBFF002818BFFAF79DFB4FF4BC
:106A800080500A904CF6C810C2F201000AA9FDF726
:106A90006BF8002818BFFAF78FFB4CF6C810C2F24B
:106AA0000100FDF7EDFA002818BFFAF785FB4CF658
:106AB000C8100024C2F2010008A9CDE90844FCF77F
:106AC00037FF002818BFFAF777FB602001907D2080
:106AD000CDE9020405944CF6C814C2F2010401A9E0
:106AE00020460822FDF7BCF9002818BFFAF764FB1E
:106AF00021680020A9421390CDE9110010900F9059
:106B000002D014B0B0BD00BF43F630010E90C4F205
:106B100002010A6842F008020A60096801F00801EF
:106B20000E910E994FF480410F910221CDE9101082
:106B3000CDE9120105F501300FA9FBF78DFF14B067
:106B4000B0BD000080B582B040F2506041F200025A
:106B50000021C2F20000C4F20002532340F2CF7CB5
:106B6000CDE90011C0E90023C0E9021C8161FCF7F6
:106B70003DFF002818BFFAF71FFB40F25060C2F239
:106B800000006946FCF7D4FE002818BFFAF714FB92
:106B900002B080BD10B54CF6102044F6000C48F24F
:106BA000A062C2F20100C4F2000CC0F201024FF474
:106BB000805300214FF4806E0C24C0E900C2C0E96C
:106BC0000231C0E904E4C0E90611FEF793F8002899
:106BD00008BF10BDBDE81040FAF7EEBAFEE70000AE
:106BE00010B54CF25014C2F2010494F8580018B3D6
:106BF000FCF708F8616D401A64281DD894F8F0007D
:106C0000D0B1FBF7FFFFD4F8EC10401A642813D87A
:106C100094F8880180B1FBF7F5FFD4F88411401A8D
:106C2000642809D894F8200230B1FBF7EBFFD4F8C0
:106C30001C12401A642801D9002010BD4CF2845463
:106C4000C2F2010494F83C0000284FF0000008BF95
:106C500010BDFBF7D7FFA26B01460020891A6529FA
:106C600038BF012010BD000010B52DED0A8B044681
:106C7000C16280F830200020F0EE621A206060606F
:106C8000A060207320616061A061E06120626062A9
:106C900084F828006063A06384F83C0004F140009D
:106CA000B0EE658AB0EE459AB0EE44AAB0EE63BA93
:106CB000B0EE43CA00F024FC04F16C00B0EE4C0AC4
:106CC000F0EE4B0AB0EE4A1AF0EE481AB0EE492A3E
:106CD000BDEC0A8BBDE8104000F012BCB0B568B145
:106CE000054690F83C00002430B1FBF78BFFA96B00
:106CF000401A652838BF01242046B0BD0020B0BD31
:106D000070B582B04CF2501040F2C854C2F201008B
:106D1000C2F20004002600F11C01204600220023DC
:106D200000960196F9F774FE4CF28455C2F2010503
:106D3000204629460022002300960196F9F768FEB6
:106D40004CF6880005F19801C2F2010000220023F0
:106D500000960196F9F75CFE02B070BD4CF250103F
:106D6000C2F2010090ED140A90F84C10022967D18C
:106D70009FEDBF1AB3EE042AB4EE420AF1EE10FA08
:106D8000B0EE423A0ADCB1EE424AB4EE440AB0EE4A
:106D9000403AF1EE10FAB8BFB0EE443A83EE020A80
:106DA00021EE000ABDEEC00A10EE102A90ED3A0A5C
:106DB00090F8E41002295AD19FEDAD1AB3EE042ADF
:106DC000B4EE420AF1EE10FAB0EE423A0ADCB1EE4D
:106DD000424AB4EE440AB0EE403AF1EE10FAB8BFBF
:106DE000B0EE443A83EE020A21EE000ABDEEC00A7C
:106DF00010EE103A90ED600A90F87C1102294ED105
:106E00009FED9B1AB3EE042AB4EE420AF1EE10FA9B
:106E1000B0EE423A0ADCB1EE424AB4EE440AB0EEB9
:106E2000403AF1EE10FAB8BFB0EE443A83EE020AEF
:106E300021EE000ABDEEC00A10EE101A41E000BFBC
:106E400090F84C1001290BD19FED8A1A9FED8A2AE8
:106E5000B4EE420AF1EE10FAB0EE423A93DD9DE74D
:106E6000002290ED3A0A90F8E4100229A4D090F89C
:106E7000E41001290CD19FED7F1A9FED7F2AB4EE1B
:106E8000420AF1EE10FAB0EE423AA0DDAAE700BFE6
:106E9000002390ED600A90F87C110229B0D090F8A0
:106EA0007C1101290CD19FED731A9FED732AB4EE6A
:106EB000420AF1EE10FAB0EE423AACDDB6E700BF9E
:106EC0000021B0B582B090ED860A90F81442022CF1
:106ED0001ED19FED671AB3EE042AB4EE420AF1EE1A
:106EE00010FAB0EE423A0ADCB1EE424AB4EE440A7D
:106EF000B0EE403AF1EE10FAB8BFB0EE443A83EE8D
:106F0000020A21EE000ABDEEC00A10EE104A10E09F
:106F100090F81442012C0BD19FED561A9FED562A82
:106F2000B4EE420AF1EE10FAB0EE423ADCDDE6E7EA
:106F300000241FFA84FC8CB200F11C0140F2C850FE
:106F400092B29BB2C2F20000CDE9004CF9F760FDAD
:106F50004CF28455C2F2010595ED330A95F8C8004C
:106F600002281FD19FED421AB3EE042AB4EE420A62
:106F7000F1EE10FAB0EE423A0ADCB1EE424AB4EE5B
:106F8000440AB0EE403AF1EE10FAB8BFB0EE443A1F
:106F900083EE020A21EE000ABDEEC00A10EE100ACE
:106FA00011E000BF95F8C80001280BD19FED311A00
:106FB0009FED312AB4EE420AF1EE10FAB0EE423AF9
:106FC000DBDDE5E7002083B24CF68800002405F104
:106FD0009801C2F20100002200940194F9F718FD13
:106FE00095ED0D0A95F8300002281FD19FED201A6B
:106FF000B3EE042AB4EE420AF1EE10FAB0EE423AD1
:107000000ADCB1EE424AB4EE440AB0EE403AF1EE88
:1070100010FAB8BFB0EE443A83EE020A21EE000A3D
:10702000BDEEC00A10EE100A11E000BF95F8300066
:1070300001280BD19FED0F1A9FED0F2AB4EE420AE3
:10704000F1EE10FAB0EE423ADBDDE5E7002082B265
:1070500040F2C8504CF284510025C2F20000C2F246
:107060000101002300950195F9F7D2FC02B0B0BDF3
:10707000000080460050C346CDCCCC3FFEE7000068
:1070800082B004F0DDF94CF210054CF6C817C2F2DC
:10709000010501AC4FF002084FF003094FF0320A2E
:1070A000C2F20107282601900DE000BF85F800908C
:1070B000A5F802A03868C16A01314908C1632046B9
:1070C000022103F061FE28780028F8D0688810B10A
:1070D00068880138688068880028F0D128780228FC
:1070E000E4D0012806D185F800806E803868002140
:1070F000E4E700BF0021297069803868DEE70000FE
:1071000040F2DC5003F09AF9F9F754FD01F060F811
:10711000022003F093F9F9E792B04CF28459C2F2DD
:1071200001094CF2080609F16C00C2F201064FF0A9
:10713000000B02AC019009F1400009F5827709F1DA
:10714000D805009004E000BF022056468AF80000EF
:1071500040F21010C2F20000006803F0C5F90320ED
:10716000B2463070F9F766FEC9F834B0C9F8CCB051
:10717000FFF7C6FDF9F772FBFBF744FD064600BFBB
:10718000F9F7BAFCFFF7BCFDFBF73CFD801B0228BA
:1071900002D30236F9F774FB204600F033FD9DF868
:1071A000120000F0FD00012804D00120FBF740FC94
:1071B000E6E700BFF9F73EFE019800F099F9009864
:1071C00000F096F9384600F093F9284600F090F95F
:1071D000C9F83CB1C9F858B1C9F834B0C9F8CCB055
:1071E000FAF706FA4CF28050C2F2010080F800B0C3
:1071F0000AA800F007FD00F065FD9DF83280064604
:10720000FDF732FE002E9FD0B8F1020F564603D193
:10721000032030709CE700BF08F0FD0101290DD16B
:1072200080B1F9F7D3FB88B1FFF7DAFC00284FF003
:10723000000008BF052030708AE700BF01203070D1
:1072400086E700BF0420307082E700BF0620307060
:107250007EE7000088B04FF4966003F0EFF8FDF78A
:1072600003FE30B9022003F0E9F8FDF7FDFD002828
:10727000F8D0FAF7D9F94CF2845640F22017C2F24E
:1072800001064CF2F46940F2344AC2F200070024CD
:1072900006F16C0B06F14005E846C2F20109C2F2A4
:1072A000000A05E07463C6F8CC40022003F0C6F87B
:1072B000F9F77CFF0028F5D1387818B3FDF7C6FD43
:1072C000B9688842F1D0FDF7C7FD584686ED510AEE
:1072D00086ED500AC6F83C41C6F83841746300F0A8
:1072E00007F9284600F004F9404600F08BFC0798A7
:1072F00078604846FAF768F95046FAF765F93C7045
:10730000D3E700BFFAF73EFACFE7000082B040F2C1
:107310009C00C2F2000000684DF68361C4F21B318C
:10732000A0FB0101880CF9F70DFF4CF25800C2F2E6
:1073300001000021017041608160F9F783F930B1EB
:107340000A2003F0D1FCF9F77DF90028F8D1DFED30
:10735000120A9FED0F1A9FED0F2AB2EE040AF7EE04
:10736000001AF0EE602AFDF75DFE04F069F801AC4A
:10737000019000BF04F064F80199411A052928BF63
:107380000190FEF771FB2046022103F0FDFCF1E7BE
:107390008096184B6F12033B6F12833A82B040F213
:1073A000DC5003F04BF8F9F701FF4CF250154CF2AA
:1073B0008458C2F20105C2F2010818B340F2C85461
:1073C000C2F20004002605F11C0120460022002321
:1073D00000960196F9F71CFB204641460022002347
:1073E00000960196F9F714FB4CF6880008F1980115
:1073F000C2F201000022002300960196F9F708FB73
:1074000002E000BFFFF7AAFC40F2C8564CF688091C
:1074100000241C35C2F2000608F19807C2F20109E7
:1074200018E000BF30462946002200230094019452
:10743000F9F7EEFA30464146002200230094019409
:10744000F9F7E6FA484639460022002300940194F1
:10745000F9F7DEFAF9F750FB012002F0EFFFF9F738
:10746000A5FE0028DED1FFF779FCF3E78AB003F030
:10747000E7FF4CF21407C2F2010740F2980807F147
:107480000B0B0DF10409C2F20008EA4600900CE073
:10749000012088F80000022D08BFF9F7CFFEF9F7A8
:1074A0009DFE50460F2103F06FFCEFF3108472B67F
:1074B00038687968152209910890B7F9086048463C
:1074C000ADF81C60BD7A59468DF81A50F8F75AFF8E
:1074D00024B1B6F5167FDBDC04E000BF62B6B6F57A
:1074E000167FD5DC16F5167FD5DA0020D1E700002F
:1074F0000021C16001614161C16180F828107047BD
:10750000002180ED000AC0ED010A80ED021AC0EDF5
:10751000061A80ED082A4162C16001614161C161C2
:1075200080F828107047000030EE600A90ED092ABC
:10753000B0EEC01AB4EE421A90F82810F1EE10FA2C
:107540009FED403AB8BFB0EE430A29B1C16801616E
:1075500080ED030A07E000BF012180ED030A80ED02
:10756000040A80F8281090ED030A90ED041A90EDBB
:10757000022A30EE410A20EE020A80ED070A90ED61
:10758000030A90ED001A90ED072A20EE010A30EE72
:10759000020A80ED070A90ED030A90ED011A90EDC2
:1075A000052A20EE010A30EE020A80ED050A90ED70
:1075B000050A90ED061AB1EE411AB4EE410AF1EE59
:1075C00010FA0DDD90ED050A90ED061AB4EE410AB1
:1075D000F1EE10FAB4BF90ED050A90ED060A03E053
:1075E00090ED060AB1EE400A80ED050A90ED050A1D
:1075F00090ED071A30EE010A80ED070A90ED070AB8
:1076000090ED081AB1EE411AB4EE410AF1EE10FA0B
:1076100010DD90ED070A90ED081AB4EE410AF1EE84
:1076200010FAACBF90ED080A90ED070A80ED070A4A
:10763000704700BF90ED080AB1EE400A80ED070ADE
:10764000704700BF000000000000000000000000C4
:10765000EFF30980BFF36F8F154B1A681EF0100F00
:1076600008BF20ED108A20E9F04F10602DE90900D5
:107670004FF0500080F31188BFF34F8FBFF36F8F2F
:1076800003F060FD4FF0000080F31188BDE80900B1
:1076900019680868B0E8F04F1EF0100F08BFB0EC92
:1076A000108A80F30988BFF36F8F704700BF00BF57
:1076B0008C01002010B54CF25010C2F2010090ED88
:1076C000141A90ED072A90EDF80A00F5806121EE7A
:1076D000000A20EE013A9FEDF20A91ED004A22EEF7
:1076E000005A25EE044A90EDF45A24EE011A22EED7
:1076F000054A90EDFC5A24EE022A90ED3A4A90EDAC
:107700002D6A90EDF97A32EE052A24EE075A25EE1D
:10771000045A00F2044335EE033A93ED005A26EE84
:10772000007A27EE055A25EE044A90EDF55A34EE1C
:10773000011A26EE054A90EDFD5A24EE064A34EE73
:10774000054A90ED605A90ED536A90EDFA7A32EE68
:10775000042A25EE074A24EE054A00F5816E34EE30
:10776000033A9EED004A26EE007A27EE044A24EE04
:10777000054A90EDF65A34EE011A26EE054A90EDD0
:10778000FE5A24EE064A34EE054A90ED865A90EDF4
:10779000796A90EDFB7A32EE044A25EE072A22EE52
:1077A000052A00F20C4C32EE033A9CED002A26EE3C
:1077B000007A27EE022A22EE052A90EDF75A32EEE1
:1077C000012A26EE051A90EDFF5A21EE061A31EE37
:1077D000051A34EE014A32EE031A34EE011A00F2B1
:1077E000144282ED001A92ED005A92ED006A9FED6C
:1077F000BC1AB4EE465AF1EE10FA71D192ED005A6D
:1078000000F5826292ED006AB4EE465AF1EE10FA8B
:1078100064DD9FEDB46A92ED005AB4EE463AF1EEA3
:1078200010FA40F33F81B1EE006A23EE066A35EEAE
:10783000444A26EE044A22EE025A35EE044AB5EED8
:10784000404AF1EE10FA4BDBB1EEC41A33EE033AC4
:107850000024002231EE424A84EE034A32EE011A3D
:10786000B1EE411A81EE032AB7EE003A9FED9C1A61
:10787000B0EE415AB4EE434AF1EE10FAD8BF0124FB
:10788000E407B5EE404A18BFB0EE445AF1EE10FAE4
:10789000B4EE432AA8BFB0EE451AF1EE10FA4FF04D
:1078A0000004B4EE412AD8BF0124F1EE10FAC8BF9B
:1078B0000122D207B0EE413A18BFB0EE423AE207D9
:1078C000B0EE414AB5EE402A18BFB0EE434AF1EEA1
:1078D00010FAA8BFB0EE441A02E000BFB7EE001ADB
:1078E00000F22C4282ED001A0022C0F8282490ED0C
:1078F000142A21EE022A80ED142A026D826790ED8F
:10790000142A90ED073A90EDF84A91ED005A23EED3
:10791000006A22EE044A26EE055A22EE055A24EEAB
:10792000022A90EDF44A32EE052A23EE044A24EEB0
:10793000033A90EDFC4A33EE022A34EE022A00F5B7
:10794000836100F5856281ED002A91ED002A92EDB8
:10795000003A32EE032A82ED002A90ED3A2A21EE17
:10796000022A80ED3A2AD0F8E810C0F8101190ED04
:107970003A2A90ED2D3A90EDF94A93ED005A23EE14
:10798000006A22EE044A26EE055A22EE055A24EE3B
:10799000022A90EDF54A32EE052A23EE044A24EE3F
:1079A000033A90EDFD4A33EE022A34EE022A00F249
:1079B0001C4181ED002A91ED002A92ED003A32EE51
:1079C000032A82ED002A90ED602A21EE022A80ED42
:1079D000602AD0F88011C0F8A81190ED602A90EDCF
:1079E000533A90EDFA4A9EED005A23EE006A22EED9
:1079F000044A26EE055A22EE055A24EE022A90ED9C
:107A0000F64A32EE052A23EE044A24EE033A90EDBC
:107A1000FE4A33EE022A34EE022A00F5846181ED3B
:107A2000002A91ED002A92ED003A32EE032A82ED0F
:107A3000002A90ED862A21EE021A80ED861AD0F8EF
:107A40001812C0F8401290ED861A90ED792A90ED48
:107A5000FB3A9CED004A22EE000A21EE033A20EEAA
:107A6000040A21EE000A23EE011A90EDF73A31EEF6
:107A7000000A22EE031A21EE021A90EDFF2A31EEDF
:107A8000000A32EE000A00F2244080ED000A90ED78
:107A9000000A92ED001A30EE010A82ED000A10BDD4
:107AA0009A99993EB4EE462AF1EE10FA7FF718AF94
:107AB00092ED003A33EE443A83EE022AB5EE402AC4
:107AC000F1EE10FAFFF60CAFB7EE003AB4EE432A2F
:107AD000B0EE421AF1EE10FAC8BFB0EE431AFFE65C
:107AE00000000000BD3786354CF250104BF699313E
:107AF000C2F20100C3F61641C0F8D01349F2681172
:107B0000C3F62D61C0F8E01342F23A31C3F60A71B0
:107B1000C0F8F0134BF62411C3F65C71C0F80014E2
:107B200048F67221C3F60E41C0F8D41349F63D3130
:107B3000C3F6D551C0F8E41348F29471C3F6157139
:107B4000C0F8F41343F64261C3F68871C0F8041418
:107B500046F60071C3F60141C0F8D8134BF24661F6
:107B6000C3F67351C0F8E81349F6BE71C3F67A71D3
:107B7000C0F8F81349F27531C3F69071C0F80814D3
:107B80004AF2E351C3F61B41C0F8DC1346F2A1717F
:107B9000C3F6B351C0F8EC1343F64261C3F6187153
:107BA000C0F8FC1347F67821C3F68571C0F80C14B1
:107BB0000021C4F2C821C0F810140021C0F8181424
:107BC000C0F81C14C0F82014C0F82414C0F8141411
:107BD000C0F82814C0F82C14704700004CF2501064
:107BE000C2F201000021C0F81814C0F81C14C0F83B
:107BF0002014C0F82414C0F81414C0F82814C0F8D5
:107C00002C14704770B5E8B14CF21402EFF3108CED
:107C100072B6C2F20102D2F800E051689368D468EB
:107C200015695669BCF1000F46610561C460836047
:107C30004160C0F800E09169D269C261816118BFFA
:107C400070BD62B670BD0000B0B58AB00020CDE94D
:107C50000400CDE90600CDE90200CDE90800DDF819
:107C60000CC0DDF810E0059B0699079A029C4CF2C7
:107C70001405C2F201052C606A612961EB60C5F848
:107C800008E0C5F804C00899099AEA61A961019061
:107C90004CF61020C2F2010001680A68019249689E
:107CA00024220191019905F12001FCF7AFFA40F27D
:107CB000F050C2F200000068016821F00801016084
:107CC0000AB0B0BDB0B588B04CF21400EFF3108C20
:107CD00072B6C2F20100D0F800E043688568C4685B
:107CE00001694269BCF1000F079206910594049561
:107CF0000393CDF808E085690195C069009000D133
:107D000062B64FF0000428B1FAF77CFF401B6528EB
:107D100038BF0124204608B0B0BD000000F11301B7
:107D200089B227293CBF9FED0C0A70474FF66C5172
:107D3000CFF6FF7110F5257FC8BF0146B1F5257F4D
:107D4000A8BF4FF4257100EE101A9FED041AB8EE8B
:107D5000C00A80EE010A70470000000000002544C0
:107D60002DE9F04381B0089C984615460E468146A1
:107D7000FAF748FF201A00EB0804FAF743FF40F235
:107D80009C01C2F200010968C1F3CB31614300914B
:107D9000D9F800108A683240921BB2FA82F2520976
:107DA000954203D1002001B0BDE8F083074618F1E9
:107DB00001000ED130E000BF009801380090D9F8E2
:107DC000000080683040801BB0FA80F04009854296
:107DD000E8D0FAF717FFC01BA04227D2009800286E
:107DE000EAD10024EBE700BF88683040801BB0FA7E
:107DF00080F040098542D5D088683040801BB0FAB9
:107E000080F040098542CDD088683040801BB0FAB0
:107E100080F040098542C5D088683040801BB0FAA8
:107E200080F040098542DFD1BCE700BFD9E90001FD
:107E30004268B1F5827F22F0E00242600BD1D9F8AE
:107E40000810B1F5004F02D0B1F5806F03D1016881
:107E500021F040010160D9F82810B1F5005F07D189
:107E6000016821F400510160016841F40051016092
:107E7000012089F85100002089F85000032001B04A
:107E8000BDE8F083000000000000000000000000DA
:107E9000074B19680868B0E8F04F80F30988BFF312
:107EA0006F8F4FF0000080F31188704700BF00BF54
:107EB0008C010020002814BF90ED020A9FED010AFA
:107EC000704700BF00000000002808BF7047B0EEF8
:107ED000C00A80ED010AB0EEE00A002180ED030A3D
:107EE000016081607047000050B390ED000A90ED92
:107EF000021A90ED032A30EE410AB0EEC01AB4EE39
:107F0000421AF1EE10FA13DD90ED012AB4EE421A96
:107F1000F1EE10FA0CDDB5EE400AF1EE10FA13DDC9
:107F200090ED010A90ED021A30EE010A02E000BF66
:107F300090ED000A80ED020A90ED020A704700BF42
:107F40009FED070A704700BFB5EE400AF1EE10FA48
:107F5000F2DA90ED010A90ED021A31EE400AE9E7FB
:107F60000000000000281CBF80ED000A80ED020A1E
:107F700070470000002818BF80ED000A704700001D
:107F8000012002F05BFAFBE780B54FF0500080F370
:107F90001188BFF36F8FBFF34F8F03F057FA30B1E3
:107FA0004EF60450CEF200004FF0805101600020E8
:107FB00080F31188BDE88040FAF72ABE70B592B010
:107FC00006AC20463021F8F77EFA002543F6400043
:107FD0000595CDE90355CDE901550095C4F20200A0
:107FE0000168022641F080510160006800F0805075
:107FF0000090009847F200000095C4F2000001686C
:1080000041F480410160006800F4804000900098D5
:10801000012006904FF4803007904FF480000D90BF
:1080200006200E90A820CDE90F06042011902046CE
:108030000C96FBF713F818B172B600BFFEE700BF4D
:108040000F20CDE901064FF4A05004904FF480506A
:10805000059001A805210395FAF7CEFE10B172B67E
:10806000FEE700BF12B070BD4EF68850CEF20000A1
:10807000016841F4700101607047000040F25060F7
:10808000C2F20000FBF742BE40F29860C2F200006C
:10809000FBF73CBEB0B540F6FF3E0568C4F2000EEB
:1080A00040F2004C7045C4F2010C25DCB0F1804F69
:1080B0002FD040F20043C4F20003984229D040F68A
:1080C0000003C4F20003984223D041F6FF73C4F2C8
:1080D0000003984228DC70453ADCB0F1804F5BD059
:1080E00040F20043C4F20003984255D040F600032A
:1080F000C4F200034EE000BF40F60043C4F20003A8
:10810000984206D0604504D00023C4F2010398428F
:10811000DBD14B6825F0700243EA020541F6FF739C
:10812000C4F200039842D6DD43F6FF73C4F20103A4
:1081300098421FDC42F20003C4F2000398422BD0A5
:108140000023C4F20103984226D0604524D028E0E1
:1081500040F60043C4F2000398421DD041F60003EC
:10816000C4F20003984217D041F60043C4F2000362
:1081700010E000BF44F20003C4F2010398420BD0A8
:1081800044F60003C4F20103984205D044F20043D0
:10819000C4F20103984204D1CB6825F4407243EA4B
:1081A00002050A688C684B69C46240F4806482628C
:1081B000644504BF09690163026825F0800142F04B
:1081C000040219430260012242610160B0BD000057
:1081D000B0B52DED048B88B0F8F7E8FF30B108B0EA
:1081E000BDEC048BBDE8B040F8F724BE4CF28454DB
:1081F000C2F201042046FEF771FD4CF25015002832
:10820000C2F20105684614BF94ED530A9FED6E0A51
:1082100085EDEB0AFFF7F6FCBDF8140040F23042A2
:10822000C2F200021188108040F29802C2F20002ED
:1082300012788AB19DF80B000138C1B2022934D8F6
:10824000C000C0B240F2012121FA00F495F8B00359
:10825000E1B2884223D128E095F8B0238843022A6E
:1082600012D0012A08D002BB410617D480B2000602
:108270001BD5022413E000BF41060DD480B20006D6
:1082800013D502240FE000BF010605D480B24006DA
:108290000BD5012407E000BF002404E0012405F50C
:1082A0006070FFF725F985F8B04395F8B003411EDB
:1082B000022905D295F8C00370B3B6EE000A68E053
:1082C000002840F0B38095EDEB1A9FEDC80A9FEDB2
:1082D000C82A31EE000AB4EE421AF1EE10FAB8BF25
:1082E000B0EE410A9FEDC31A9FEDC32A30EE013A6A
:1082F0009FEDC21AB4EE420AF1EE10FAB8BFB0EE2A
:10830000430AB4EE410AF1EE10FA53DD9FEDBC1AB8
:1083100070EE010A5FE000BF05F54A742046FFF7E2
:10832000C9FD2046B0EE408AFFF7C4FD95EDA22AB4
:1083300005F54E74B5EE408A2046B1EE401AF1EED6
:1083400010FAB8BFB0EE410A80EE029AFFF7B2FD14
:108350002046B0EE408AFFF7ADFDB5EE408A95EDC0
:10836000A32AB1EE401AF1EE10FAB8BFB0EE410AFE
:1083700080EE020A9FED9B2A9FED9B3A39EE001A90
:10838000B7EE000AB4EE421AF1EE10FAC8BFB0EE32
:10839000430A85EDED0A95EDA40A95EDED1A95F8E1
:1083A000B00320EE012A20EE410A012808BFB0EEFA
:1083B000420A37E09FED922AB4EE420AF1EE10FA3B
:1083C00004DA70EE010A06E000000000DFED840A26
:1083D0000020C5F894039FED820A05F56070FFF751
:1083E000A3F895EDE70A95EDA41AB1EE411AB4EEA3
:1083F000410AF1EE10FA0DDD95EDE70A95EDA41AAC
:10840000B4EE410AF1EE10FAB4BF95EDE70A95ED2E
:10841000A40A03E095EDA40AB1EE400A85EDE70A4F
:1084200095EDE70A05F55A70FFF7A4FDF8F772FD20
:1084300095ED070A95ED061A9FED726A80EE010A26
:1084400095ED2D1A95ED062A95ED533A95ED064AD0
:1084500081EE021A83EE042A95ED793A95ED064AEB
:1084600005F5287083EE043A30EE014A30EE410AF9
:1084700034EE425A30EE020A35EE435A30EE430AE9
:1084800085EE065A80EE060A85EDA55A85EDA60A08
:1084900095ED051A34EE020AB1EE002A30EE030A19
:1084A00021EE021A80EE010A85EDA70A95ED9F0ADA
:1084B000D5EDA50AFFF738F895EDA00AD5EDA60A87
:1084C00005F53370FFF730F895EDA10AD5EDA70A51
:1084D00005F53E70FFF728F895ED9F0A95EDAF1A68
:1084E0009FED495A30EE010A95EDA01A95EDBA2A92
:1084F00095EDA13A95EDC54A31EE021A33EE042A04
:1085000095ED054A95ED056A30EE417A30EE013A77
:1085100022EE066A27EE057A31EE400A22EE044A80
:1085200023EE053A37EE066A95ED051A20EE050AA8
:1085300095ED055A95ED067A33EE044A24EE074A86
:1085400085ED0E4A95ED064A22EE011A30EE010A3B
:1085500026EE041A85ED341A95ED061A22EE052A48
:1085600020EE010A85ED5A0A95ED060A32EE431A0D
:1085700021EE000A85ED800A95ED0E0AD5ED070A79
:1085800005F15C00FEF7D0FFA86F286595ED340A71
:10859000D5ED2D0A05F1F400FEF7C6FFD5F8100160
:1085A000C5F8E80095ED5A0AD5ED530A05F5C670F1
:1085B000FEF7BAFFD5F8A801C5F8800195ED800A4D
:1085C000D5ED790A05F50970FEF7AEFFD5F8400242
:1085D000C5F81802FFF76EF808B0BDEC048BB0BD0B
:1085E00000000000CDCC4C3DCDCCCC3EDB0FC9C053
:1085F000DB0F4940DB0FC940DB0F49C088C3E43AB9
:1086000088C3E4BAE6043540E604353F806B0021B8
:10861000C185FCF761B80000806B01684A6990F879
:108620004130212B2DD112F080022AD00021C184AB
:10863000016851E8031F026821F0C00142E80313FA
:10864000DBB1016851E8031F026821F0C00142E874
:10865000031393B1016851E8031F026821F0C001C0
:1086600042E803134BB1016851E8031F026821F08F
:10867000C00142E80313002BDAD1202180F8411019
:108680000168496990F84220222A40F07D8011F06B
:10869000400179D00021C185016851E8031F0268BB
:1086A00021F4907142E80313BBB3016851E8031F42
:1086B000026821F4907142E8031373B3016851E832
:1086C000031F026821F4907142E803132BB3016881
:1086D00051E8031F026821F4907142E80313002B54
:1086E000DAD11AE0016851E8051F026821F00101A2
:1086F00042E80513DBB1016851E8051F026821F06B
:10870000010142E8051393B1016851E8051F0268B1
:1087100021F0010142E805134BB1016851E8051F42
:10872000026821F0010142E80513002BDAD1016B48
:10873000012924D1016851E8031F026821F01001CA
:1087400042E80313DBB1016851E8031F026821F01E
:10875000100142E8031393B1016851E8031F026856
:1087600021F0100142E803134BB1016851E8031FE7
:10877000026821F0100142E80313002BDAD1202116
:1087800080F8421000210163416C41F01001416406
:10879000FBF7A2BF0168806B0968C90500F19F80E3
:1087A0000021C185016851E8031F026821F480712E
:1087B00042E80313E3B1016851E8031F026821F4A2
:1087C000807142E803139BB1016851E8031F0268FE
:1087D00021F4807142E8031353B1016851E8031F8B
:1087E000026821F4807142E80313002BDAD100BF44
:1087F000016851E8051F026821F0010142E80513F4
:10880000BBB3016851E8051F026821F0010142E88D
:10881000051373B3016851E8051F026821F00101D7
:1088200042E805132BB3016851E8051F026821F0E7
:10883000010142E80513002BDAD11AE0016851E882
:10884000051F026821F0400142E80513DBB1016811
:1088500051E8051F026821F0400142E8051393B179
:10886000016851E8051F026821F0400142E8051344
:108870004BB1016851E8051F026821F0400142E850
:108880000513002BDAD1202180F84210016B012959
:1088900025D100BF016851E8031F026821F01001D3
:1088A00042E80313DBB1016851E8031F026821F0BD
:1088B000100142E8031393B1016851E8031F0268F5
:1088C00021F0100142E803134BB1016851E8031F86
:1088D000026821F0100142E80313002BDAD10021D5
:1088E0004163016B012918BFFCF79ABA818DFBF730
:1088F00085BD0000806B01214163016B012918BF18
:10890000FCF790BA818D4908FBF778BD81B090F8EB
:108910004210222921D183680246B3F5805F09D134
:1089200052F8281F52F8183C002B63D003685B688C
:108930000AE000BF52F8281F13B90369002BF5D0D5
:1089400003685B6803F07F030B70116801311160ED
:10895000C18D01390A04C18502D001B0704700BF42
:108960000168CA6822F02002CA60CA6822F48072D4
:10897000CA604A6922F001024A61202180F842104F
:1089800000214163026B012A3CD10163016851E877
:10899000031F026821F0100142E80313DBB10168F4
:1089A00051E8031F026821F0100142E8031393B15C
:1089B000016851E8031F026821F0100142E8031327
:1089C0004BB1016851E8031F026821F0100142E831
:1089D0000313002BDAD101680A68D20606D50022FB
:1089E00000920A680092496800910099818D01B057
:1089F000FBF704BD026852686FF35F2221F8022B77
:108A00008162A5E701B0FCF70BBA0000B0B50446DF
:108A1000006804F108030ECB0569194325F440559D
:108A20002A4302616269E3691143C268194349F24A
:108A30000C639A431143C1604169A26921F44071FA
:108A400041F20043114340F48062C4F201039A42B0
:108A5000416103D1FAF7B6FA02E000BFFAF79EFAD5
:108A6000E1694FF69C7563681922C0F6FF75B1F590
:108A7000004FA0FB02011FD15A00DB0FF7F70AFCE1
:108A800048F21F51C5F2EB11A0FB01235A0905F171
:108A9000805302FB0300322303EBC000A0FB010163
:108AA0004FF4F87000EA111000EB0210C1F342110C
:108AB000084421688860B0BD9A009B0FF7F7EAFB75
:108AC00048F21F51C5F2EB11A0FB01235A0902FB2A
:108AD0000500322303EB0010A0FB0101F02000EAA7
:108AE000511000EB0210C1F3431108442168886063
:108AF000B0BD00004CF61020C2F20100FBF730BE02
:108B0000FEE70000F5EE400AF1EE10FA46DD80EED9
:108B1000200AB7EE002AB0EEC01AB4EE421AF1EE07
:108B200010FA40F38F8082EE011A9FEDF22A9FED3A
:108B3000F23A21EE022A32EE032A9FEDF03A21EEBC
:108B4000022A32EE032A9FEDEE3A21EE022A32EE9D
:108B5000032A9FEDEC3A21EE022A32EE032A9FED22
:108B6000EA3A21EE022A32EE032A9FEDE83A21EE9C
:108B7000022A32EE032A9FEDE63A21EE022A32EE75
:108B8000032A9FEDE43A21EE022A32EE032A9FEDFA
:108B9000CE3A21EE021A31EE032A87E0F5EE400AC2
:108BA000F1EE10FA80F29080B5EE400AF1EE10FA84
:108BB00040F39C8080EE200AB7EE002AB0EEC01A87
:108BC000B4EE421AF1EE10FA40F3EE8082EE011A92
:108BD0009FEDC82A9FEDC83A21EE022A32EE032A01
:108BE0009FEDC63A21EE022A32EE032A9FEDC43AE7
:108BF00021EE022A32EE032A9FEDC23A21EE022A2A
:108C000032EE032A9FEDC03A21EE022A32EE032A09
:108C10009FEDBE3A21EE022A32EE032A9FEDBC3AC6
:108C200021EE022A32EE032A9FEDBA3A21EE022A01
:108C300032EE032A9FEDA43A21EE021A31EE031A16
:108C4000E6E000BF9FEDA22A9FEDA23A21EE022AA4
:108C500032EE032A9FEDA03A21EE022A32EE032AD9
:108C60009FED9E3A21EE022A32EE032A9FED9C3AB6
:108C700021EE022A32EE032A9FED9A3A21EE022AD1
:108C800032EE032A9FED983A21EE022A32EE032AB1
:108C90009FED963A21EE022A32EE032A9FED943A96
:108CA00021EE022A32EE032A21EE022AB1EE421A06
:108CB000B5EE400AF1EE10FAA8BFB0EE421A80ED10
:108CC000001A002040B27047F5EE400AF1EE10FAAB
:108CD00066D1B5EE400AF1EE10FA55DD9FED7A1A35
:108CE00080ED001A002040B2704700BFB5EE400A88
:108CF000F1EE10FA80F2928080EE200AB7EE002AA0
:108D0000B0EEC01AB4EE421AF1EE10FA40F39680BB
:108D100082EE011A9FED772A9FED773A21EE022A23
:108D200032EE032A9FED753A21EE022A32EE032A33
:108D30009FED733A21EE022A32EE032A9FED713A3B
:108D400021EE022A32EE032A9FED6F3A21EE022A2B
:108D500032EE032A9FED6D3A21EE022A32EE032A0B
:108D60009FED6B3A21EE022A32EE032A9FED693A1B
:108D700021EE022A32EE032A9FED533A21EE021A27
:108D800031EE031A8EE000BFB5EE400AF1EE10FAA4
:108D900006DA9FED4E1A80ED001A002040B27047AF
:108DA000FC2040B2704700BF9FED492A9FED493A31
:108DB00021EE022A32EE032A9FED473A21EE022AE3
:108DC00032EE032A9FED453A21EE022A32EE032AC3
:108DD0009FED433A21EE022A32EE032A9FED413AFB
:108DE00021EE022A32EE032A9FED3F3A21EE022ABB
:108DF00032EE032A9FED3D3A21EE022A32EE032A9B
:108E00009FED3B3A21EE022A32EE032A21EE021AAE
:108E1000B5EE400A9FED410A48E000BF40F6DB7224
:108E200010EE101AC4F2490262F31E0101EE101A8C
:108E300080ED001A002040B2704700BF9FED242A49
:108E40009FED243A21EE022A32EE032A9FED223AC8
:108E500021EE022A32EE032A9FED203A21EE022A69
:108E600032EE032A9FED1E3A21EE022A32EE032A49
:108E70009FED1C3A21EE022A32EE032A9FED1A3AA8
:108E800021EE022A32EE032A9FED183A21EE022A41
:108E900032EE032A9FED163A21EE022A32EE032A21
:108EA00021EE021AB5EE400A9FED1B0AB1EE412AEF
:108EB000F1EE10FAA8BFB0EE412A32EE001A80EDB2
:108EC000001A002040B27047DB0FC93FDB0FC9BF5B
:108ED000A59204BDE745093E08B732BEEBFCA9BC2C
:108EE0003C695D3E435690BBE565AABEC90CC0B760
:108EF0000100803FA592043DE74509BE08B7323E18
:108F0000EBFCA93C3C695DBE4356903BE565AA3E3F
:108F1000C90CC037010080BFDB0F49C0DB0F4940DF
:108F2000B0F800C0438803FB0CF3002B6CD0D2F8E0
:108F300004C04968426813F0030011D092ED000AA2
:108F400091ED001A012830EE010A8CED000A0BD1D8
:108F5000043204310CF1040C581E042B25D253E0CA
:108F60001846042B21D24FE092ED010A91ED011A2F
:108F7000022830EE010A8CED010A07D108320831CF
:108F80000CF1080C981E042B0FD23DE092ED020A62
:108F900091ED021A0C3230EE010A0C318CED020A0E
:108FA0000CF10C0CD81E042B2ED3A2F11003A1F14E
:108FB0001002ACF1100100BF93ED040A92ED041A07
:108FC000043830EE010A81ED040A93ED050A92EDB2
:108FD000051A30EE010A81ED050A93ED060A92EDBD
:108FE000061A30EE010A81ED060A93ED070A92EDAA
:108FF000071A03F1100330EE010A02F1100281EDAD
:10900000070A01F11001D7D100207047018042808A
:10901000436070472DE9F04F9BB0B0F800C0426844
:1090200049684488BCF1000F00920891CDF814C043
:1090300000F01D8108984FF07E56BCF1010F0660CC
:1090400000F01581089F6FF0030000EB8C0B3D1DB5
:10905000284659464FEA8C09F7F735FADDF814C06F
:10906000002047F82C00BCF1020045F8096000F030
:10907000FE80ACF10301032900F003010AD205EBE5
:1090800009064FF004084FF0010AD946002940F0C4
:10909000AE80ECE020F0030010900CEB8C00800020
:1090A0000F904FEA0C100E90102000EB0C100D905A
:1090B0000CEB4C0080000C904FEACC00DDF82080D7
:1090C000CDF844900B9009F10400DDF844A009911B
:1090D000CDF81CB00A9000214FF0140B6FF013066E
:1090E0006FF00F006FF00B076FF007036FF00302D4
:1090F0004546199005EB0A00CDE9157600F1080602
:10910000CDE917210AEB03013046CDF868B0CDE96F
:109110001353F7F7D8F90B98ABF10C014044F7F76C
:10912000D2F906EB0A094FF07E5046F80A000AEB26
:10913000070109F104004FF07E55F7F7C4F90C98C8
:10914000ABF108014044F7F7BEF9DDF828B0199FEC
:1091500009EB0B060AEB0701301D49F80B504FF0E5
:109160007E55F7F7B0F90E9808EB00021A981292A4
:10917000011F1046F7F7A7F906EB0B0946F80B504D
:10918000169E09F104000AEB0601F7F79CF90F9807
:109190001A994044F7F797F94FF07E50DDE91353E1
:1091A00049F80B000D98DDE91721103FDDF868B094
:1091B00005441997159F10980431DDF848800BF18C
:1091C000100B103E103F103B103A884292D1119B79
:1091D00001F1010AE818ABF11008DDF814C0DDF860
:1091E0001CB00999061D03EB020900293FD0301D70
:1091F0000F46ABEB8A01F7F766F906EB09050AF1B2
:109200000106B1002846F7F75EF93946DDF814C0CB
:1092100045444FF07E5701296F6028D005F10800C2
:109220000991ABEB8601F7F74EF94D440AF10206BE
:10923000B1002846F7F747F90998DDF814C045440E
:109240000228AF6013D005F10C00ABEB8601F7F7F5
:109250003AF94D440C2000EB8A012846F7F733F920
:10926000DDF814C005EB08004FF07E51C160002C02
:1092700000F01A83601E1690A01E0A90E01E09904E
:1092800020010490042000EB8400019004EB4400D2
:1092900080000690E0000790009804F0030BACF10A
:1092A000040E4FEA84094FF0000800210646CDE97C
:1092B00011040391CDF8089016E000BF12980B9EA0
:1092C00001381290DDF830E001981199DDF814C0F2
:1092D000DDF8089006F1040608F10108AEF1010E70
:1092E0000144119100F0D68208FB04F006EB8007E0
:1092F00097ED000A0899B5EE400AF1EE10FA01EB7D
:109300008000CDE9197045D1ACEB0800B2460228C7
:1093100038D36FEA0800119F2044012200237546CC
:1093200007EB090696ED000AB5EE400AF1EE10FAD9
:1093300040F0FA81A91C25D007997E1896ED000A05
:10934000B5EE400AF1EE10FA40F0F281691C19D036
:1093500006997E1896ED000AB5EE400AF1EE10FA75
:1093600040F0E88175B104990F4497ED000AB5EE1D
:10937000400AF1EE10FA40F0E181043D0432E91CAC
:109380004B44CDD10398012840F0CC8201205646B1
:109390000390199F129897ED000AA4EB080510F0AE
:1093A0000303284639461BD097ED001A012B81EEA6
:1093B000001A87ED001A07D1391D681E169AA2EB14
:1093C0000807032F11D22DE097ED011A022B81EE31
:1093D000001A87ED011A40F0898107F10801A81EE3
:1093E000169AA2EB0807032F1CD3103991ED041A2B
:1093F00091ED052A91ED063A91ED074A81EE001AAA
:1094000082EE002A83EE003A84EE004A043881EDB1
:10941000041A81ED052A81ED063A81ED074A01F132
:109420001001E3D11A9ABBF1000F204611461BD060
:1094300092ED001ABBF1010F81EE001A82ED001AC5
:1094400004D11698111D042C10D22DE092ED011AB2
:10945000BBF1020F81EE001A82ED011A40F0568135
:109460000A9802F1080100BF042C1DD3103900BF77
:1094700091ED041A91ED052A91ED063A91ED074A16
:1094800081EE001A82EE002A83EE003A84EE004A52
:10949000043881ED041A81ED052A81ED063A81ED4B
:1094A000074A01F11001E3D1BCF1000FCDF830E023
:1094B0000B963FF403AF19984FF00009011D189166
:1094C000691E159100F108010C300F90E81E0E90F6
:1094D0001A981491A91E1091011D179100F108010D
:1094E0000C300D906046B446089E13910BE000BF0F
:1094F0000CEB850A06EB84060AEB880C013809F1AF
:1095000001093FF4DBAEC145F2D09CED000AB1EE9B
:10951000401AABB119999CED003A91ED002A012B4C
:1095200021EE022A32EE032A8CED002A0ED10CF134
:10953000040A159A1899D446032F2FD25FE000BF72
:1095400019992A46032F29D259E000BF18999CED9A
:10955000013A91ED002A022B21EE022A32EE032A73
:109560008CED012A08D10CF1080A109A1499D446FE
:10957000032F13D243E000BF14999CED023A91ED02
:10958000002A0CF10C0A21EE022A32EE032A0E9A6E
:109590000F998CED022AD446032F30D3A1F1100E7F
:1095A0009EED042A9CED003A21EE022A32EE032AB7
:1095B0008CED002A9EED052A9CED013A21EE022A4F
:1095C00032EE032A8CED012A9EED062A9CED023A2A
:1095D00021EE022A32EE032A8CED022A9EED072AA2
:1095E0009CED033A21EE022A32EE032A0CF1100A16
:1095F0000EF1100E8CED032A043AD446D0D1BBF103
:10960000000F15D01A9996ED003A91ED002ABBF1A2
:10961000010F21EE022A32EE032A86ED002A0DD137
:10962000DDE916210436042CFFF466AF2EE000BFFE
:109630001A992246042CFFF45FAF27E0179996EDA4
:10964000013A91ED002ABBF1020F21EE022A32EE1F
:10965000032A86ED012A07D10A9A13990836042CA9
:10966000FFF44AAF12E000BF139996ED023A91ED74
:10967000002A099A21EE022A32EE032A0D9986ED7C
:10968000022A0C36042CFFF437AF00BF103900BF9C
:1096900091ED042A96ED003A21EE022A32EE032AD9
:1096A00086ED002A91ED052A96ED013A21EE022A77
:1096B00032EE032A86ED012A91ED062A96ED023A52
:1096C00021EE022A32EE032A86ED022A91ED072AC4
:1096D00096ED033A21EE022A32EE032A103186ED8E
:1096E000032A1036043AD3D106E700BF97ED021AD9
:1096F00007F10C0181EE001AE81E87ED021A169A96
:10970000A2EB0807032FBFF470AE8BE692ED021AAE
:10971000099881EE001A02F10C0182ED021A042C64
:10972000BFF4A4AEC0E600BF02FB04F109E000BF35
:10973000511C00E0911C614303E000BF09EB0301F1
:109740003E4618911299199F11F00301A4EB0803EA
:1097500010D01790326838683546BC4645F8040B7F
:1097600001294CF8042B09D1013B2E4617980328F8
:109770001DD235E0BC46032819D231E07A68706802
:1097800002297260786007D1083607F1080C023BA5
:10979000179803280BD223E0B968B268B1600C3681
:1097A00007F10C0C033BBA601798032818D3ACF1EF
:1097B0001000A6F1100700BF57F8101F50F8102F27
:1097C000043B3A60016041687A6879604260816870
:1097D000BA68B9608260C168FA68F960C260EBD1AA
:1097E0001A9D1898BBF1000F05EB80022CD0296858
:1097F0001068134643F8041B2946DDF814C0199F6E
:10980000BBF1010F41F8040B564629D116981A46B0
:10981000042C21D3103AA1F1100300BF52F8101FFD
:1098200053F8107F04381760196059685768516001
:109830005F609968976891609F60D968D768D160C8
:10984000DF60EBD10120A3E5DDF814C0199F2046AD
:1098500029465646042CDDD2012003909AE500BF2C
:1098600068685168BBF1020F5060696006D10A98C0
:10987000083205F10801042CEED3CBE7A868936801
:10988000906009980C3205F10C01AB60042CC1D238
:10989000E2E700BF039801284FF000003DD0B5EE8D
:1098A000400AF1EE10FA38D104FB0CF14FF0000041
:1098B00071B3009A4B4202F10807002217ED020A29
:1098C000B5EE400AF1EE10FA23D19E18751C1DD09A
:1098D00017ED010AB5EE400AF1EE10FA28D1B51CD9
:1098E00014D097ED000AB5EE400AF1EE10FA21D13E
:1098F00003360BD097ED010AB5EE400AF1EE10FAEF
:109900001AD104329E1807F11007D7D10A4600E099
:1099100000228A4208BF6FF0040040B21BB0BDE8CD
:10992000F08F00BFFB2040B21BB0BDE8F08F00BF3E
:109930000132EEE70232ECE70332EAE72DE9F04FBD
:109940008BB0B0F802C052680388B1F80280BCF155
:10995000000F00F09181D1F804E0D0F804B00EEBD4
:109960008800029000EB8800019000EB88000090D6
:10997000ACF10300ACF102010890A8F101009FEDE9
:10998000C30A0CF003044FEA8806ACF10107099101
:1099900004900EF1040000210390059209E000BF3D
:1099A0000699079B059A4144013B0BEB8C0B00F099
:1099B00069815FEAC87002EB810A0793069105D1BD
:1099C00075464346B8F1010FEAD059E05B46604660
:1099D0007246B0EE401AFCB19BED001A9EED002AD3
:1099E000012C21EE021A07D1029A0BF1040338462A
:1099F000BCF1040F13D23CE002989BED012A90EDDC
:109A0000003A022C22EE032A32EE011A40F02281A3
:109A10000998019A0BF10803BCF1040F29D3A3F1B3
:109A2000100100BF92ED002A91ED043A324491ED0D
:109A3000054A23EE022A92ED003A324491ED065A8D
:109A400032EE011A24EE032A92ED003A324491EDEF
:109A5000076A32EE011A25EE032A92ED003A32EE41
:109A6000011A26EE032A103132EE011A043832446C
:109A7000D8D1DDE90353AAEC011AB8F1010F8FD058
:109A80000BF104090BF108000BF10C010A910AE03B
:109A9000023BA8EB03018AED011A0AF1080A0EEB5A
:109AA00081053FF47DAF7CB19BED001A95ED002A56
:109AB000012C21EE021A05EB88050DD149463A46E4
:109AC000BCF1040F2AD252E059466246B0EE401A69
:109AD000BCF1040F22D24AE099ED002A95ED003A3C
:109AE000022C22EE032A32EE011A05EB880505D17D
:109AF000099A0146BCF1040F10D238E090ED002A1B
:109B000095ED003A0A9922EE032A089A32EE011ADC
:109B100005EB8805BCF1040F29D300BF103900BF45
:109B200095ED002A91ED043A354491ED054A23EE76
:109B3000022A95ED003A354491ED065A32EE011AAB
:109B400024EE032A95ED003A354491ED076A32EE92
:109B5000011A25EE032A95ED003A32EE011A26EE9F
:109B6000032A103132EE011A043A3544D8D1A8EB59
:109B700003010EEB810101F104058AED001A8CB19D
:109B80009BED001A95ED002A012C21EE021A05EB3F
:109B9000880511D149463A46BCF1040FFFF478AF6D
:109BA0002EE000BF59466246B0EE401ABCF1040FE9
:109BB000FFF46EAF24E000BF99ED002A95ED003A66
:109BC000022C22EE032A32EE011A05EB880507D19A
:109BD000099A0146BCF1040FFFF45AAF10E000BF30
:109BE00090ED002A95ED003A0A9922EE032A089A90
:109BF00032EE011A05EB8805BCF1040FFFF448AF03
:109C0000103900BF95ED002A91ED043A354491EDED
:109C1000054A23EE022A95ED003A354491ED065AA5
:109C200032EE011A24EE032A95ED003A354491ED07
:109C3000076A32EE011A25EE032A95ED003A32EE5C
:109C4000011A26EE032A103132EE011A043A354485
:109C5000D8D11DE701989BED022A90ED003A0898B3
:109C600022EE032A009A0BF10C0332EE011ABCF12A
:109C7000040FBFF4D4AEFCE608FB03F081001046ED
:109C8000F6F721FC00200BB0BDE8F08F00000000CB
:109C9000B0F800C0438803FB0CF3002B6CD0D2F863
:109CA00004C04968426813F0030011D092ED000A25
:109CB00091ED001A012830EE410A8CED000A0BD11B
:109CC000043204310CF1040C581E042B25D253E04D
:109CD0001846042B21D24FE092ED010A91ED011AB2
:109CE000022830EE410A8CED010A07D10832083112
:109CF0000CF1080C981E042B0FD23DE092ED020AE5
:109D000091ED021A0C3230EE410A0C318CED020A50
:109D10000CF10C0CD81E042B2ED3A2F11003A1F1D0
:109D20001002ACF1100100BF93ED040A92ED041A89
:109D3000043830EE410A81ED040A93ED050A92EDF4
:109D4000051A30EE410A81ED050A93ED060A92EDFF
:109D5000061A30EE410A81ED060A93ED070A92EDEC
:109D6000071A03F1100330EE410A02F1100281EDEF
:109D7000070A01F11001D7D1002070472DE9F04FFB
:109D800083B0B0F80280B8F1000F00F0FB80B0F8AB
:109D900000B0D1F804C04668BBF1010F1AD1002011
:109DA0005FEACB7100F0EE8018F003010CEB80004D
:109DB00000F0B480324652F8043B0129036000EB06
:109DC0008B0040F0B180A8F10101B8F1040F80F0E0
:109DD000C480D7E0A8F101000290A8F10200019030
:109DE000A8F103002BF0010E08F0030300904FEAE6
:109DF0008B07002003E000BF02307045D0D00CEB91
:109E000080016BB1354655F8042B012B01EB8B0417
:109E10000A600BD1029A2E46B8F1040F20D236E028
:109E200042460C46B8F1040F1AD230E07268022B99
:109E3000226004EB8B0407D106F10805019A2E4637
:109E4000B8F1040F0CD222E0B26806F10C052260D2
:109E5000009A04EB8B042E46B8F1040F17D300BF11
:109E6000356804EB07092560756809EB070AE551B9
:109E7000B46806F1100549F80740F4680AEB0706D4
:109E80004AF80740043A06EB07042E46E8D101F1F0
:109E900004046BB12E4656F8041B012B216004EB21
:109EA0008B040BD102993546B8F1040F20D2A3E7F9
:109EB0004146B8F1040F1BD29EE700BF6968022B30
:109EC000216004EB8B0407D105F1080601993546A2
:109ED000B8F1040F0CD28FE7A96805F10C062160D8
:109EE000009904EB8B043546B8F1040FFFF484AFFE
:109EF0002A68E61922606A680439E251AA6806EB0A
:109F00000704F251EA6805F1100604EB0705E25177
:109F100005EB07043546EBD16EE700BF32464146FC
:109F2000B8F1040F19D22DE072680229026000EB2B
:109F30008B0007D106F10802A8F10201B8F1040F65
:109F40000BD21FE0B16806F10C02016000EB8B0040
:109F5000A8F10301B8F1040F14D3103A4FEA8B03B0
:109F600052F8107FC618076057680439C7509068C8
:109F700006EB0307F050D06807EB0306F85006EB3A
:109F80000300EDD1002003B0BDE8F08FB0B5F6F7C7
:109F900015FB8020F6F730FC5520F6F72DFC5520F8
:109FA000F6F72AFCF6F702FB9620F6F73FFBF6F7EA
:109FB00005FB8020F6F720FC5520F6F71DFC552008
:109FC000F6F71AFCF6F7F2FA9620F6F72FFBF6F7FB
:109FD000F5FA7E20F6F710FCB620F6F70DFCF6F742
:109FE000E5FA5020F6F716FBF6F7E8FA8020F6F7C8
:109FF00003FC5520F6F700FC5520F6F7FDFBF6F7BD
:10A00000D5FA9620F6F712FBF6F7D8FA8020F6F785
:10A01000F3FB5520F6F7F0FB5520F6F7EDFB044671
:10A02000F6F7C4FA9620F6F701FB1E2C1CBFFF20A2
:10A03000B0BDF6F7C3FA7D20F6F7DEFB0420F6F795
:10A04000DBFBF6F7B3FA9620F6F7F0FAF6F7B6FA76
:10A05000FD20F6F7D1FB5520F6F7CEFB5520F6F79D
:10A06000CBFB0446F6F7A2FA9620F6F7DFFA4BF69A
:10A070007F75042CC0F6000540F0AB80F6F79EFA21
:10A080007C20F6F7B9FB0020F6F7B6FBF6F78EFA60
:10A090009620F6F7CBFAF6F791FAFC20F6F7ACFB30
:10A0A0005520F6F7A9FB5520F6F7A6FB0446F6F770
:10A0B0007DFA9620F6F7BAFA14B10335A878B0BD48
:10A0C000F6F77CFA4020F6F797FBAB20F6F794FB07
:10A0D000F6F76CFA9620F6F7A9FAF6F76FFAC020B1
:10A0E000F6F78AFB5520F6F787FB5520F6F784FB39
:10A0F0000446F6F75BFA9620F6F798FAAB2C21D1D6
:10A10000F6F75CFA4120F6F777FB0020F6F774FBD0
:10A11000F6F74CFA9620F6F789FAF6F74FFAC120CF
:10A12000F6F76AFB5520F6F767FB5520F6F764FB58
:10A130000446F6F73BFA9620F6F778FA34B109357B
:10A14000A878B0BD0635A878B0BD00BFF6F736FADE
:10A150005320F6F751FB0820F6F74EFBF6F726FAE8
:10A160009620F6F763FAF6F729FAD320F6F744FBC0
:10A170005520F6F741FB5520F6F73EFB0446F6F76F
:10A1800015FA9620F6F752FA082C25D1F6F716FAAA
:10A190005820F6F731FB0420F6F72EFBF6F706FA07
:10A1A0009620F6F743FAF6F709FAD820F6F724FBDB
:10A1B0005520F6F721FB5520F6F71EFB0446F6F76F
:10A1C000F5F99620F6F732FA042C04BF0020B0BD52
:10A1D0000F35A878B0BD00BF0C35A878B0BD000021
:10A1E000B0B5F6F70DFA8020F6F706FB5520F6F726
:10A1F00003FBF6F7FDF99620F6F718FAF6F700FAE2
:10A200008020F6F7F9FA5520F6F7F6FAF6F7F0F9A6
:10A210009620F6F70BFAF6F7F3F91420F6F7ECFAB6
:10A22000B620F6F7E9FAF6F7E3F95020F6F7F2F977
:10A23000F6F7E6F98020F6F7DFFA5520F6F7DCFAB4
:10A24000F6F7D6F99620F6F7F1F9F6F7D9F9802066
:10A25000F6F7D2FA5520F6F7CFFA0446F6F7C8F922
:10A260009620F6F7E3F90F2C1CBFFF20B0BDF6F7E0
:10A27000C7F90F20F6F7C0FA0020F6F7BDFAF6F797
:10A28000B7F99620F6F7D2F9F6F7BAF98F20F6F774
:10A29000B3FA5520F6F7B0FA0446F6F7A9F9962076
:10A2A000F6F7C4F94BF69175C0F6000514B1A8781D
:10A2B000B0BD00BFF6F7A4F91020F6F79DFA822092
:10A2C000F6F79AFAF6F794F99620F6F7AFF9F6F75B
:10A2D00097F99020F6F790FA5520F6F78DFA044694
:10A2E000F6F786F99620F6F7A1F9822C1ED1F6F73B
:10A2F00087F91120F6F780FA0020F6F77DFAF6F7D5
:10A3000077F99620F6F792F9F6F77AF99120F6F7B1
:10A3100073FA5520F6F770FA0446F6F769F99620B5
:10A32000F6F784F934B10635A878B0BD0335A878BE
:10A33000B0BD00BFF6F764F91520F6F75DFA80208E
:10A34000F6F75AFAF6F754F99620F6F76FF9F6F79A
:10A3500057F99520F6F750FA5520F6F74DFA0446CE
:10A36000F6F746F99620F6F761F9802C1ED1F6F73C
:10A3700047F91620F6F740FA0020F6F73DFAF6F70F
:10A3800037F99620F6F752F9F6F73AF99620F6F7EC
:10A3900033FA5520F6F730FA0446F6F729F99620F5
:10A3A000F6F744F934B10C35A878B0BD0935A87872
:10A3B000B0BD00BFF6F724F91820F6F71DFA01200A
:10A3C000F6F71AFAF6F714F99620F6F72FF9F6F7DA
:10A3D00017F99820F6F710FA5520F6F70DFA04460B
:10A3E000F6F706F99620F6F721F9012C04BF0020B4
:10A3F000B0BD0F35A878B0BDF8F718FCFDF7DEFD4D
:10A40000FCF77AFAFCF764F9FCF71AF9FCF73CF967
:10A41000FCF7C0FBFCF70EFBFCF794FBFCF7E0FA43
:10A42000F6F772FAFDF710FCF6F706FAF6F7C8FE33
:10A43000FCF784F900F00AF8FEE7000080B5012877
:10A4400098BF012000F050FC002080BD80B500F0D6
:10A4500057FD002080BD0000B0B584B043698E4632
:10A4600093B1846984B10589D0E9001C026928B2DE
:10A47000843D18BFC51CCDE9005360467346029465
:10A4800000F0A2FF04B0B0BD0589D0E90013028A34
:10A4900028B2843D18BFC51C03AC18467346CDE9ED
:10A4A000005400F061FF0399012818BF00210846FD
:10A4B00004B0B0BD80B5EFF3058189B101F0C0F8FB
:10A4C00001280FD14EF60450CEF200004FF080511B
:10A4D0000160BFF34F8F0020BFF36F8F80BD00BFBF
:10A4E00000F0C2FC002080BD80B500F06FFD0020B0
:10A4F00080BD00002DE9F041044600F0FFFA40F273
:10A500008C16C2F20006306940F2E065013030611D
:10A510003068C2F2000548B17069002840D1306847
:10A52000E16AC06A884298BF346039E034603069BB
:10A53000012835D1284600F087FA05F1140000F013
:10A5400083FA05F1280000F07FFA05F13C0000F0E5
:10A550007BFA05F1500000F077FA05F1640000F095
:10A5600073FA05F1780000F06FFA4CF2E008C2F2DD
:10A570000108404600F068FA08F11407384600F078
:10A5800063FA06F1640000F05FFA06F13C0000F0A7
:10A590005BFA06F1500000F057FAC6F83080776396
:10A5A0007068B16801220131B160E16A8A401043EC
:10A5B000706001EB810005EB8000211D00F086FA40
:10A5C00000F0C0FA706988B13068E16AC06A8842F8
:10A5D00028BFBDE8F0814EF60450CEF200004FF0E7
:10A5E00080510160BFF34F8FBFF36F8FBDE8F081E3
:10A5F00040F28C1540F2E0664EF60458C2F20005B7
:10A60000C2F20006CEF200084FF0805703E000BF10
:10A61000204600F0AFFAE868D0B100F06FFAA86CFD
:10A62000C468201D00F0E6F9286901382861E8684F
:10A630000138E86000F086FA94F851000228EAD068
:10A640000128E5D070B9206B00F094FAE0E700BF74
:10A6500030680228DFD3C8F80070BFF34F8FBFF314
:10A660006F8FD8E74FF0500080F31188BFF36F8FE2
:10A67000BFF34F8FFEE700002DE9F0470A9C8246AA
:10A68000206B16460F46DDE908599100A522984631
:10A69000F5F7EFFE206B002F00EB8600A0F1040021
:10A6A00020F0070644D0387884F83400D8B378789E
:10A6B00084F83500B8B3B87884F8360098B3F878E1
:10A6C00084F8370078B3387984F8380058B378794B
:10A6D00084F8390038B3B87984F83A0018B3F879B7
:10A6E00084F83B00F8B1387A84F83C00D8B1787A25
:10A6F00084F83D00B8B1B87A84F83E0098B1F87A91
:10A7000084F83F0078B1387B84F8400058B1787BFA
:10A7100084F8410038B1B87B84F8420000281CBF9F
:10A72000F87B84F84300002084F8430003E000BF76
:10A73000002084F834000027201D062D28BF0625A0
:10A74000E562C4E9115700F08BF904F1180000F03C
:10A7500087F985F00700A0613046514642462461E2
:10A760006462E76484F8507000F032F9B9F1000FC8
:10A77000206018BFC9F80040BDE8F08708480068AD
:10A78000006880F308884FF0000080F3148862B6F8
:10A7900061B6BFF34F8FBFF36F8F00DF00BF0000C4
:10A7A00008ED00E081B0002000904CF20C00C2F2F5
:10A7B000010000684FF0500181F31188BFF36F8FE3
:10A7C000BFF34F8F013007D0FEE700BF009830B9CC
:10A7D000009820B9009810B900980028F6D001B070
:10A7E0007047000070B5044600F0A4FC4CF2B80CB1
:10A7F000C2F2010CDCF8042012B19CF8000022E047
:10A8000040F26C70C2F20000420700F5C03202F55F
:10A81000D46200F1070122F0070218BF21F00700FF
:10A820000021A2F10803CCE90601CCF8043042E98A
:10A830000211DCF80420191AC0E900210120CCE93A
:10A8400002118CF800000025002C4FF0000148BFD9
:10A8500001215AD0084058D124F0070000F110031C
:10A86000600708BF04F10803DCF80800591E8142A4
:10A870004BD2604650F818EFDEF804509D422CD2BF
:10A88000DEF80010C1B174464D689D4218D20E68C2
:10A89000B6B175689D4217D23068A8B145689D422F
:10A8A00016D20468A4B165689D4215D22168A646F7
:10A8B0000029E9D111E000BF0CF118000DE000BF44
:10A8C0008E46204609E000BFB646084605E000BFB8
:10A8D0008646304601E000BFA646964514D0026881
:10A8E000DEF80040E91A112904604FD30EEB03058E
:10A8F000680719D04FF0500080F31188BFF36F8FB5
:10A90000BFF34F8FFEE700BF002500F023FE68076E
:10A910005CD04FF0500080F31188BFF36F8FBFF30E
:10A920004F8F00BFFEE700BF0CF118006960CEF842
:10A93000043000BF0168A9420AD20868A8420BD2BD
:10A940000168A94204D208680B46A842F2D304E089
:10A950000346084601E000BF0B465C6869681E19A3
:10A96000AE4202D121441D4659606C18844201D088
:10A97000044607E0DCF80440A04203D0D0E90040E0
:10A9800008446860AB422C6018BF1D60DEF804000C
:10A99000DCE9021302F10805091A9942CCF8081003
:10A9A00038BFCCF80C109CF8001000294FF00001C3
:10A9B00018BF40F00040CEE90010DCF81000013074
:10A9C000CCF8100000F0C6FD6807A2D1284670BD83
:10A9D00003464AF2A57021F00101C0F600004FF0D5
:10A9E000807C03E903106FF00201A3F1440043E906
:10A9F000091270470169D0E90132D1F804C09A60A8
:10AA00008445536008BF4A6000220261086801382B
:10AA1000086008687047000048F60C63C2F2010342
:10AA200003604CF65C20C2F20100086080201060D8
:10AA3000704700004FF0500080F31188BFF36F8F14
:10AA4000BFF34F8FFEE700004FF0FF31024642F8A0
:10AA5000081F00214260C0E9032201607047000026
:10AA6000002101617047000010B5D1F800C01CF151
:10AA7000010213D000F1080462681368634511D81D
:10AA800053681C68644511D85A68146864450FD827
:10AA900054682368A6466345EED90BE00269D2F8F4
:10AAA00004E007E09646224604E000BF9E4601E02F
:10AAB00096461A46C1F804E0CEF808108A60516044
:10AAC000086101680131016010BD0000D0F800C0CC
:10AAD000436808619A68C1E90132516099600CF1DC
:10AAE0000101016070470000DFF80C00016841F4CB
:10AAF000700101607047000088ED00E04FF05000E9
:10AB000080F31188BFF36F8FBFF34F8F4CF20C00AF
:10AB1000C2F2010001684A1C026009B1704700BF1F
:10AB20004EF60450CEF200000068000608BF7047E1
:10AB30004FF0500080F31188BFF36F8FBFF34F8F3A
:10AB4000FEE700004CF20C00C2F20100016839B1CE
:10AB50000139016018BF7047002080F311887047E9
:10AB60004FF0500080F31188BFF36F8FBFF34F8F0A
:10AB7000FEE7000070B5002808BF70BD4CF2B804B5
:10AB8000C2F20104217850F8042C002918BF4FF0BC
:10AB9000004111420ED0A0F108052B68A3B14FF07F
:10ABA000500080F31188BFF36F8FBFF34F8F00BF4A
:10ABB000FEE700BF4FF0500080F31188BFF36F8FA6
:10ABC000BFF34F8FFEE700BF22EA010140F8041CEB
:10ABD000064600F0AFFA56F8040CA1680144A160E3
:10ABE00004F118010B68AB420AD21968A94213D2CA
:10ABF0000B68AB4204D219681A46A942F2D301E0AD
:10AC00000A4619465368D618AE420AD02B188B4212
:10AC10000DD00B4612E000BF1A465368D618AE425C
:10AC2000F4D11844154650602B188B42F1D163685B
:10AC3000994203D0D1E9003108446860AA422B60F0
:10AC400018BF1560606901306061BDE8704000F0B8
:10AC500081BC00004EF21000CEF200000021016025
:10AC6000816040F29C01C2F20001096844F6D352AF
:10AC7000C1F26202A1FB02124FF0FF3101EB92110F
:10AC800041600721016070474CF2D800EFF3058165
:10AC90001029C2F2010011D34EF2F032CEF20002BE
:10ACA000895C0278914209D24FF0500080F31188FC
:10ACB000BFF36F8FBFF34F8FFEE700BF4EF60C510F
:10ACC000CEF200010968406801F4E061814298BF5A
:10ACD00070474FF0500080F31188BFF36F8FBFF3C0
:10ACE0004F8F00BFFEE7000070B500283FD040F254
:10ACF0008C14C2F20004A16951B14FF0500080F3EE
:10AD00001188BFF36F8FBFF34F8F00BFFEE700BF07
:10AD10000546A0690130A061E66920680430FFF7AC
:10AD200069FE48B12068AD19456012D3606B216897
:10AD30000431FFF799FE15E020680121C06A6268BE
:10AD400001FA00F022EA000060602068AD19456059
:10AD5000ECD2206B21680431FFF786FE606A8542E1
:10AD600038BF656200F0F6FB002818BF70BD4EF6D4
:10AD70000450CEF200004FF080510160BFF34F8FBE
:10AD8000BFF36F8F70BD000070B588B1D1B140F2D4
:10AD90008C14C2F20004A269F2B14FF0500080F3AB
:10ADA0001188BFF36F8FBFF34F8F00BFFEE700BF67
:10ADB0004FF0500080F31188BFF36F8FBFF34F8FB8
:10ADC000FEE700BF4FF0500080F31188BFF36F8F94
:10ADD000BFF34F8FFEE700BFA2690132A261E269B3
:10ADE00003689A42194403D2994203D320E000BF7A
:10ADF000994201D391421BD90160E56920688E1AFE
:10AE00000430FFF7F7FD40B920680121C06A62688D
:10AE100001FA00F022EA000060602068AD19456088
:10AE200008D3606B21680431FFF71EFE0BE000BF02
:10AE3000016008E0206B21680431FFF715FE606AAD
:10AE4000854238BF656200F085FB002818BF70BDE1
:10AE50004EF60450CEF200004FF080510160BFF377
:10AE60004F8FBFF36F8F70BD70B598B140F28C16E5
:10AE7000C2F2000604463068844208BF70BDFFF786
:10AE80003DFE606906F1500188420DD0BDE870407A
:10AE9000FFF758BE4FF0500080F31188BFF36F8F5B
:10AEA000BFF34F8FFEE700BFA06A0028EED1251D3B
:10AEB0002846FFF79FFDE06A012172688140114337
:10AEC000716040F2E06100EB8000C2F2000101EB32
:10AED00080002946FFF7FAFDE06A3168C96A8842B6
:10AEE000D4D34EF60450CEF200004FF080510160F2
:10AEF000BFF34F8FBFF36F8FBDE87040FFF722BEE7
:10AF0000B0B588B00020CDE9050006A805A904AABF
:10AF1000FFF782FD0598B8B3069C002C3ED0542163
:10AF2000049A07910799542942D107992063022076
:10AF300084F8510007A80025CDE900504AF2F150ED
:10AF4000C0F600001FA100230294FFF795FB2046E6
:10AF5000FFF7D0FA079940F28C10C2F200000162AC
:10AF600079B14FF0500181F31188BFF36F8FBFF3B8
:10AF70004F8F4FF0FF31416201214161C56100F007
:10AF80002FF908B0B0BD00BF4FF0500080F311881A
:10AF9000BFF36F8FBFF34F8FFEE700BF4FF050003E
:10AFA00080F31188BFF36F8FBFF34F8FFEE700BFB1
:10AFB0004FF0500080F31188BFF36F8FBFF34F8FB6
:10AFC000FEE700BF49444C450000000070B5044650
:10AFD000FFF794FD40F28C16002CC2F2000608BF69
:10AFE0003468251D2846FFF705FD80B9E06A40F268
:10AFF000E06200EB8001C2F2000252F8211031B988
:10B000000121726801FA00F022EA00007060A06A73
:10B0100018B104F11800FFF7EDFC06F150002946C5
:10B02000FFF754FD94F85000012804BF002084F875
:10B030005000FFF787FD706978B1FFF75FFD306B57
:10B04000006828B1306BC068C068406802E000BF8B
:10B050004FF0FF307062FFF775FD3068844218BF13
:10B0600070BD706960B1B06990B14FF0500080F36D
:10B070001188BFF36F8FBFF34F8F00BFFEE700BF94
:10B08000306D316988420FD10020306070BD00BF43
:10B090004EF60450CEF200004FF080510160BFF335
:10B0A0004F8FBFF36F8F70BDB06918B10120B062D0
:10B0B00070BD00BF0020B0623068006B0168B1F164
:10B0C000A53F0BD14168B1F1A53F07D18168B1F12E
:10B0D000A53F03D1C068B0F1A53F04D03068316806
:10B0E0003431FFF7A7FC7068B0FA80F0C0B2C0F14D
:10B0F0001F0040F2E06100EB8000C2F2000151F855
:10B1000020206AB101EB8001486801F10802406823
:10B110009042486001D140684860C068306070BDAE
:10B120004FF0500080F31188BFF36F8FBFF34F8F44
:10B13000FEE7000040F28C10C2F20000816901318C
:10B140008161704710B540F28C14C2F20004A0690E
:10B1500010B10120A06210BD0020A0622068006B29
:10B160000168B1F1A53F0BD14168B1F1A53F07D10D
:10B170008168B1F1A53F03D1C068B0F1A53F04D00B
:10B18000206821683431FFF755FC6068B0FA80F020
:10B19000C0B2C0F11F0040F2E06100EB8000C2F2DB
:10B1A000000151F820205AB101EB8001486801F1FB
:10B1B00008024068904248600CD0C068206010BD12
:10B1C0004FF0500080F31188BFF36F8FBFF34F8FA4
:10B1D000FEE700BF40684860C068206010BD000006
:10B1E000B0B584B04EF2004CCEF2000C4CF270219F
:10B1F000C4F20F11DCF800294B1C9A420AD14FF01F
:10B20000500080F31188BFF36F8FBFF34F8F00BFE3
:10B21000FEE700BFDCF800298A4209D14FF0500058
:10B2200080F31188BFF36F8FBFF34F8FFEE700BF2E
:10B230009CF800100291FF218CF800109CF800107F
:10B240008DF807109DF8071001F050024CF2D8015C
:10B25000C2F201010A7007224A609DF90720B2F18B
:10B26000FF3F6BDC032200BFD31C4B609DF807003F
:10B2700040008DF807009DF90700B0F1FF3F24DC86
:10B28000931C4B609DF8070040008DF807009DF966
:10B290000700B0F1FF3F18DC531C4B609DF807001E
:10B2A00040008DF807009DF90700B0F1FF3F0CDC6E
:10B2B0004A609DF80700043A40008DF807009DF9A8
:10B2C0000700B0F1FF3FCFDD131D032B36D14FF444
:10B2D0004070486002988CF80000DCF8200940F4C7
:10B2E0007000CCF82009DCF8200940F07040CCF860
:10B2F0002009FFF7AFFC4CF20C04C2F20104002558
:10B300002560FFF7F1FB4EF63470CEF200000168C5
:10B3100041F040410160FFF731FAFFF713FF039559
:10B3200020684FF0500181F31188BFF36F8FBFF396
:10B330004F8F013012D000BFFEE700BF4FF050002A
:10B3400080F31188BFF36F8FBFF34F8FFEE700BF0D
:10B35000039830B9039820B9039810B903980028CE
:10B36000F6D0002004B0B0BD2DE9F04184B007460E
:10B370009000984615460E46FFF734FAF8B1044699
:10B380005420FFF72FFAB8B1DDE90A210023046346
:10B3900080F85130CDE900210446384631462A462E
:10B3A00043460294FFF768F92046FFF7A3F801200F
:10B3B00004B0BDE8F08100BF2046FFF7DBFB4FF093
:10B3C000FF3004B0BDE8F08170B586B00B9CCCB105
:10B3D0000C9E0EB354250495049D542D26D1049D36
:10B3E000DDF828C0022586F8515005AD3463CDE95B
:10B3F00000C50296FFF740F93046FFF77BF8059845
:10B4000006B070BD4FF0500080F31188BFF36F8F0E
:10B41000BFF34F8FFEE700BF4FF0500080F311885D
:10B42000BFF36F8FBFF34F8FFEE700BF4FF05000A9
:10B4300080F31188BFF36F8FBFF34F8FFEE70000DB
:10B4400040F28C10C2F20000C06970472DE9F0474D
:10B4500040F28C16C2F20006B06928B1F06A0130E1
:10B46000F0620020BDE8F087F06910F1010AC6F82B
:10B470001CA020D3306B006850B14FF0500080F317
:10B480001188BFF36F8FBFF34F8F00BFFEE700BF80
:10B49000306B716B31637063B06B0130B063306BD4
:10B4A000006828B1306BC068C068406802E000BF27
:10B4B0004FF0FF307062706A40F2E0688245C2F27D
:10B4C000000801D2002434E0306B0024006868B327
:10B4D0004FF0010916E000BFF86A716809FA00F23E
:10B4E000114300EB8000716008EB80002946FFF7F4
:10B4F000EDFAF86A3168C96A326B8842106828BF71
:10B500004C4698B1306BC068C7683D4655F8040F8B
:10B5100082450DD32846FFF76DFAB86A0028DBD0C4
:10B5200007F11800FFF766FAD6E700BF4FF0FF30CB
:10B5300070623068C06A00EB800058F82000012873
:10B5400088BF0124B06A002818BF01242046BDE846
:10B55000F08700002DE9F04140F28C15C2F20005A1
:10B56000A86968B1FFF7CAFAA8690138A861A86993
:10B5700080B10024FFF7E6FA2046BDE8F08100BF65
:10B580004FF0500080F31188BFF36F8FBFF34F8FE0
:10B59000FEE700BF28690028EBD0686E78B340F260
:10B5A000E0680126C2F20008286FC76807F118009A
:10B5B000FFF720FA3C1D2046FFF71CFAF86A69687D
:10B5C00006FA00F2114300EB8000696008EB80008E
:10B5D0002146FFF77BFAF86A2968C96A884228BFC2
:10B5E000AE62686E0028DFD1286B006820B1286B3E
:10B5F000C068C068406801E04FF0FF306862EC6AE4
:10B600004CB10126FFF722FF002818BFAE62013CB3
:10B61000F8D10020E862A86A0028AAD04EF60450AB
:10B62000CEF200004FF080510160BFF34F8F012434
:10B63000BFF36F8FFFF786FA2046BDE8F081000068
:10B64000E0B12DE9F0410446FFF71EFBEFF3118650
:10B650004FF0500080F31188BFF36F8FBFF34F8F0F
:10B6600040F28C176069C2F2000707F1500188426E
:10B670000ED0002086F31188BDE8F0814FF0500015
:10B6800080F31188BFF36F8FBFF34F8FFEE700BFCA
:10B69000A06A0028EDD1B86950B104F1180107F192
:10B6A0006400FFF713FA002086F31188BDE8F081EB
:10B6B000E06A396804F10408C96A002588424046F6
:10B6C00028BF0125FFF796F9E06A01217A688140D9
:10B6D0001143796040F2E06100EB8000C2F20001AA
:10B6E00001EB80004146FFF7F1F9284686F3118807
:10B6F000BDE8F0814100080218BF04200A0E18BFFF
:10B7000040F001004FF07F4232EA010108BF40F0F3
:10B710000200012808BF05207047000010B510EE98
:10B72000104A4FF01A402DED028B00EB4400B0F1AF
:10B73000C85F4AD84FF0FC40B0EB440F22D2B0EEC5
:10B74000C00AF7EE000A30EEC00AF6EE000A20EE5C
:10B75000208A18EE100A00F031FB00EE100A14F0F7
:10B76000004F1DBF9FED281ADFED280AB1EE400AF9
:10B770009FED271A08BFF0EE410AF8EE001A20EEFE
:10B78000210A05E020EE008A9FED221ADFED220A51
:10B79000DFED221A9FED222A70EEC00A20EE080A81
:10B7A00008EE212ADFED1F1A48EE021A9FED1E2A2D
:10B7B00008EE212ADFED1D1A48EE021ABDEC028BBD
:10B7C00040EE610A30EE810A10BD4FF0CC40B0EB84
:10B7D000440F82BF9FED160ABDEC028B10BD4FF0E7
:10B7E0007F40B0EB440F05D2BDEC028BBDE81040AA
:10B7F00000F026BA0120F4F795FEBDEC028BBDE8FF
:10B80000104000F021BA00000000494022AA7D3A11
:10B81000000000000000C93F22AAFD3924FE1C3DA3
:10B82000C78AD83C1E67383D1B93993DAFAA2A3E74
:10B83000DB0FC93F10B54FF00E402DED028BB0EE7F
:10B84000408A18EE104A00EB4400B0F1506F4AD81D
:10B850004FF0FC40B0EB440F22D2B0EEC80AF7EE36
:10B86000000A30EEC00AF6EE000A60EE208A18EEFA
:10B87000900A00F0A3FA01EE100A14F0004F1DBF69
:10B88000DFED2D0A9FED2D0AB1EE411ADFED2C0AF6
:10B8900008BF9FED2C0AF8EE001A21EE218A05E080
:10B8A000DFED290A68EE088AB0EE600A9FED271ADC
:10B8B000DFED271A30EE080A48EE811A9FED251AAF
:10B8C00008EEA11ADFED241A48EE811A9FED231A23
:10B8D00008EEA11A68EE281ABDEC028B01EE810A6F
:10B8E00030EE200A10BD4FF0E440B0EB440F0CD90D
:10B8F00018EE100AFFF7FEFE042808BF00F0ACF9AE
:10B90000B0EE480ABDEC028B10BD4FF07F40B0EBAB
:10B91000440F07D2B0EE480ABDEC028BBDE81040E0
:10B9200000F08EB90120F4F7FDFDBDEC028BBDE8FF
:10B93000104000F089B900000000C9BF22AAFDB97B
:10B940000000C93F22AAFD390000000024FE1C3D72
:10B95000C78AD83C1E67383D1B93993DAFAA2A3E43
:10B9600010EE101A08B5444A6846B2EB410F28D9C8
:10B970004FF0E640B0EB410F94BF00204FF0FF3096
:10B9800000900098002861DB60EE000A10F0010FC3
:10B9900045D010F0020FDFED391A9FED391A00EE95
:10B9A000A11ADFED381A40EE811A21EEA01AF0EE4E
:10B9B000400A40EE010A08BFF1EE600AB0EE600AEC
:10B9C00008BD314B21F0004293423CD911F0004FA9
:10B9D000DFED2E0A20EE201ADFED2D0A19BF31EE21
:10B9E000601A71EE200A31EE201A71EE600ABDEE87
:10B9F000E01A11EE100A9FED271A00F0030000EE86
:10BA0000C10A9FED251A009000EEC10A9FED231A8E
:10BA100000EEC10A9FED221A00EEC10AB1E79FEDC8
:10BA2000211A9FED210A10F0020F00EE810A9FED0E
:10BA30001F1A00EE801AB7EE000A00EE810A18BF46
:10BA4000B1EE400A08BD00F00FF99AE710EE100AB7
:10BA50004000B0F17F4F3CBFB7EE000A08BD07D1F0
:10BA60004FF00100F4F75EFDBDE8084000F0ECB8CF
:10BA7000BDE8084000F0E4B8B61F927E336D4CB9C3
:10BA8000DA82083CA0AA2ABE490E494683F9223F21
:10BA90000000004B0000C93F00A0FD390020A23388
:10BAA0001A61342CB93AB2BACA9F2A3DDDFFFFBEF3
:10BAB00000B510EE101A2DED028B81B0524A684687
:10BAC000B2EB410F2ED94FF0E640B0EB410F94BFDF
:10BAD00000204FF0FF3000900098B0EE408A002820
:10BAE0006ADB10F0010F4BD068EE080A9FED471A91
:10BAF0009FED470A00EE810A9FED461A10F0020FF3
:10BB000000EE801AB7EE000A00EE810A02BF01B013
:10BB1000BDEC028B00BD00BF01B0B1EE400ABDEC30
:10BB2000028B00BD3C4B21F00042934241D911F001
:10BB3000004FDFED3A0A20EE201ADFED390A19BF77
:10BB400031EE601A71EE200A31EE201A71EE600AB1
:10BB5000BDEEE01A11EE100A9FED321A00F003005C
:10BB600000EEC10A9FED301A009000EEC10A9FED71
:10BB70002F1A00EEC10A9FED2E1A00EEC10AABE7A4
:10BB800028EE080A9FED2B1ADFED2B0A10F0020FAA
:10BB900040EE010A9FED291A00EE201A61EE000A1C
:10BBA000B0EE480A08EE200AB6D101B0BDEC028B17
:10BBB00000BD00F059F88FE718EE100A4000B0F110
:10BBC0007F4F0DD218EE100AFFF794FD042808BF2E
:10BBD00000F042F8B0EE480A01B0BDEC028B00BDA7
:10BBE00009D10120F4F79EFC01B0BDEC028B5DF899
:10BBF00004EB00F029B801B0B0EE480ABDEC028BAE
:10BC00005DF804EB00F01CB8B61F927EB93AB2BAE8
:10BC1000CA9F2A3DDDFFFFBE490E494683F9223FF8
:10BC20000000004B0000C93F00A0FD390020A233F6
:10BC30001A61342C336D4CB9DA82083CA0AA2ABEB2
:10BC400030EE000A70470000DFED020A80EEA00A25
:10BC500070470000000000009FED020A20EE000A7D
:10BC600070470000000000102DE9F0014FF07F4206
:10BC7000B2EB410F9FBF4FF0FF310160BDE8F00113
:10BC800070474FF0004242EA0123C1F3C752783AAD
:10BC9000551112F01F0C434CCCF120067C44C1F32B
:10BCA000C752A2F178024FEA621204EB820254F802
:10BCB000254008BFD2E9015612D0556804FA0CF4A9
:10BCC00025FA06F73C43976805FA0CF527FA06F8BB
:10BCD000D26807FA0CFCF24045EA08054CEA020675
:10BCE000A4FB034CA5FB0352A6FB03631D449D422A
:10BCF00034BF012600261319334416B1934202D9EA
:10BD000003E0934201D2012200E00022624402F1EA
:10BD1000200C9206DC0C42EA443200EE102A5B034F
:10BD2000DFED210AF8EEC01A00EE103A4FEA9C1C33
:10BD300011F0004FB8EE400AC0F800C020EE201A03
:10BD400000EE105ADFED190AB8EE400A20EE200A84
:10BD500071EE810A70EE800A10EE902A02F5006200
:10BD60006FF30B0200EE902A70EEE11A31EEC11A69
:10BD7000DFED101A30EE411A9FED0D0A20EE800A19
:10BD800001EE210A9FED0C1A00EE810A04BFBDE806
:10BD9000F0017047CCF180510160BDE8F001B1EED7
:10BDA000400A704774010000000000360000802C3B
:10BDB00022AAFD29DB0FC92F0000C92F10B500EE04
:10BDC000100A2DED028BB1EEC08A18EE100A20F099
:10BDD0000040C0F1FF40C00F0AD010EE100A20F062
:10BDE0000040C0F1FF40C00F04BF0120F4F79AFBF0
:10BDF00018EE100ABDEC028B10BDF1EE100A4FF6E2
:10BE0000FF71C0F2C03120EA010040F04070E1EE65
:10BE1000100A7047000000006E83F9A22915444EF5
:10BE2000D15727FCC0DD34F5999562DB4190433C46
:10BE3000AB6351FE47BF000881700008000000009E
:10BE40000000000080000000000000000000000072
:10BE500038BF00080D73000800000000000000005B
:10BE600000040000000000000000000064BF0008A3
:10BE7000817F0008000000000000000000020000B8
:10BE800000000000000000000000000000000000B2
:10BE90000102030406070809000000000102030470
:10BEA0000000803F000000000000000000000000D3
:10BEB0000000000000000000000000000000803FC3
:10BEC0000000000000000000000000000000000072
:10BED00000000000000000000000803F00000000A3
:10BEE0000000000000000000000000000000000052
:10BEF000000000000000803F000000000000000083
:10BF00000000000000000000000000000000000031
:10BF10000000803F00000000000000000000000062
:10BF20000000000000000000000000000000803F52
:10BF30000006101600061016494D555461736B002B
:10BF400052635461736B00426565705461736B009A
:10BF50004572726F725461736B004D6F746F7254DF
:10BF600061736B0064656661756C745461736B001A
:10BF700047696D62616C0043686173736973007D2A
:10BF800004017C000240AB0341000553080658043D
:10BF9000070F000810820911000A15800B16000C0B
:10BFA00018010D00E8BF000800000020A0000000FC
:10BFB000EC01000888C0000800C00120100000004B
:10BFC000EC01000888C00008A0000020C08F01001C
:10BFD0000C02000898C0000810C00120501000009A
:10BFE0000C02000800000000E7416B3A58A08B3AB1
:10BFF0000050C347CDCCCC3DCDCCCC3DCDCCCC3D01
:10C00000CDCCCC3DCDCCCC3DCDCCCC3D0050C347F0
:10C01000CDCCCC3DCDCCCC3DCDCCCC3DCDCCCC3D98
:10C02000CDCCCC3DCDCCCC3D0050C347CDCCCC3DD0
:10C03000CDCCCC3DCDCCCC3DCDCCCC3DCDCCCC3D78
:10C04000CDCCCC3D0050C347CDCCCC3DCDCCCC3DB0
:10C05000CDCCCC3DCDCCCC3DCDCCCC3DCDCCCC3D58
:10C060000000C842CDCCCC3DCDCCCC3DCDCCCC3DE0
:10C07000CDCCCC3DCDCCCC3DCDCCCC3D0000C842D0
:10C08000010000000024F400010000001000000086
:08C0900002000000AAAAAAAAFE
:040000050800018965
:00000001FF
